feature,batch,n_available,missing_pct,mean,median,std,standardized_mean_shift_vs_batch1,outside_batch1_range_pct
delta_q_iqr,Batch 1,46,0.0,0.02040658486745537,0.019342567586364094,0.006925665538952736,0.0,0.0
delta_q_iqr,Batch 2,39,0.0,0.027269314319438225,0.029151186058360146,0.009588192065640922,0.9909126297514799,30.76923076923077
delta_q_iqr,Batch 3,44,0.0,0.013204734551898271,0.012773742295936502,0.004479941347208505,-1.039878445623888,6.8181818181818175
qd_mean,Batch 1,46,0.0,1.081908123914388,1.0821908606060604,0.007378061231546269,0.0,0.0
qd_mean,Batch 2,39,0.0,1.0950984164283866,1.0975024424242423,0.010591519528941858,1.7877721667043196,51.28205128205128
qd_mean,Batch 3,44,0.0,1.0654847673783288,1.0675857848484847,0.007880628647424549,-2.225971840114052,20.454545454545457
qd_slope,Batch 1,46,0.0,-1.0455298485514955e-05,-5.010683364243271e-06,4.1010853463504955e-05,0.0,0.0
qd_slope,Batch 2,39,0.0,6.021249965918129e-06,2.1983457019182867e-05,7.082599261391486e-05,0.4017606818667004,43.58974358974359
qd_slope,Batch 3,44,0.0,-1.95609201101817e-05,-6.9167687074770825e-06,4.695251115554945e-05,-0.22202955695056975,0.0
