fold,repeat,fold_in_repeat,mape_pct,mae,rmse,r2,feature
1,1,1,6.15047657714848,58.59252408877964,81.16424079173196,0.8405643005426271,delta_q_log10_var
2,1,2,10.882156707116815,70.49889116145393,81.56336335535015,0.46598518108663967,delta_q_log10_var
3,1,3,11.427567244230517,96.0038133233385,108.40788174592755,0.6309414975548393,delta_q_log10_var
4,1,4,9.695187731404744,91.29013251444815,104.02046359696637,0.6067322378009168,delta_q_log10_var
5,1,5,8.167299160286118,78.13586797573598,93.16312854517102,0.7093443729072468,delta_q_log10_var
6,2,1,11.660179193552311,117.3750725331655,136.30254864645062,0.09273048053239408,delta_q_log10_var
7,2,2,7.717196083293734,64.2383359751303,80.68753937703659,0.8240993209498674,delta_q_log10_var
8,2,3,7.879176364847567,62.16645283928368,77.80743200230788,0.8061622344846617,delta_q_log10_var
9,2,4,9.670988313611538,87.65720383817131,106.9600190731592,0.7088552027970758,delta_q_log10_var
10,2,5,9.887081719977097,70.02526455475613,81.21729324754534,0.3085870653206375,delta_q_log10_var
11,3,1,9.010327535629473,64.79519749078514,69.10117334740873,0.779881024055289,delta_q_log10_var
12,3,2,10.798208915715268,85.04759430341515,105.49453309475015,0.6204449423134941,delta_q_log10_var
13,3,3,9.889206392264189,91.51667417588799,100.1201678969153,0.7659805129380464,delta_q_log10_var
14,3,4,7.574110114888988,78.53660159120851,104.60556404272145,0.7681217738268002,delta_q_log10_var
15,3,5,6.079507834023161,51.30710126171349,62.08204444925156,0.7265066269478666,delta_q_log10_var
16,4,1,9.837974203906294,78.11425516873109,94.74122801721676,0.6882392012270244,delta_q_log10_var
17,4,2,7.529512580820409,80.62637477367628,107.64810053355521,0.7092998819032037,delta_q_log10_var
18,4,3,7.242259722333885,62.588534386465895,73.52459825212762,0.7037735590471306,delta_q_log10_var
19,4,4,8.692063919052416,58.32702099352394,62.40014956748727,0.7129389082431441,delta_q_log10_var
20,4,5,14.330126884232142,135.1888806120399,152.9119590364571,0.38048290095265036,delta_q_log10_var
21,5,1,9.88038254143838,83.19135848933182,105.89077151299422,0.7243947990525037,delta_q_log10_var
22,5,2,9.525663098222951,90.42079539426246,106.79310240466408,0.8272774122408574,delta_q_log10_var
23,5,3,7.937446757287633,64.84974614160724,70.24531934323568,0.6475024279844868,delta_q_log10_var
24,5,4,9.420217874304875,73.68063130250762,85.20173370303823,0.6713150671917305,delta_q_log10_var
25,5,5,6.227580008518031,56.93173145155033,73.23572087593473,0.7416358603169919,delta_q_log10_var
26,6,1,10.968156610928656,92.77213917221167,100.98372510206845,0.7736968997457097,delta_q_log10_var
27,6,2,4.735481406729692,39.24189270258767,46.82184961755545,0.7934534010166782,delta_q_log10_var
28,6,3,7.424936712307438,65.6192255270826,76.88928348875326,0.8121512058334612,delta_q_log10_var
29,6,4,11.898324359669276,94.46750214520068,114.71473863439292,0.6592799319114269,delta_q_log10_var
30,6,5,9.064230032147627,88.78018846256639,108.6076852359055,0.6839120207579873,delta_q_log10_var
31,7,1,6.862774172316788,70.72486378882503,95.94188277854404,0.8073443765043689,delta_q_log10_var
32,7,2,12.571295940562093,98.7596172010789,107.61224240552738,0.7465120614807452,delta_q_log10_var
33,7,3,7.533492076918459,72.84508406051307,84.24768347126138,0.8219845500380724,delta_q_log10_var
34,7,4,6.862389243704054,61.3245273699024,77.18032576512186,0.5221310153285248,delta_q_log10_var
35,7,5,12.203878338390432,91.81994494067132,105.23517429246975,-0.3145406864031304,delta_q_log10_var
36,8,1,10.184712789697823,74.52357448248712,94.7172177664527,0.5591297519167473,delta_q_log10_var
37,8,2,8.78776151650399,84.29234015435871,101.92493152757083,0.6874691385620333,delta_q_log10_var
38,8,3,7.9467454665719455,65.39197724418302,73.92550485622401,0.7475121837405005,delta_q_log10_var
39,8,4,5.909578709155128,56.82142862928078,73.98470038834826,0.8395348180010618,delta_q_log10_var
40,8,5,11.956752648612849,106.0156003167335,113.95078091592069,0.6578575583286139,delta_q_log10_var
41,9,1,9.010384983007897,82.51415941189121,94.60234968020836,0.734242726655987,delta_q_log10_var
42,9,2,9.796510713059618,81.10755676268518,96.18417510314703,0.7112816704901647,delta_q_log10_var
43,9,3,8.481772173587222,81.62869576960851,98.80160638740611,0.6613116896587354,delta_q_log10_var
44,9,4,7.582591538979363,58.93243397476096,78.72792634784702,0.8543501122375194,delta_q_log10_var
45,9,5,9.330376620458804,75.41352619960415,93.12019821776623,0.548156677106219,delta_q_log10_var
46,10,1,8.48158381929209,87.28974516136876,114.87756895171117,0.746686153319484,delta_q_log10_var
47,10,2,13.072041353769453,104.82257373253357,123.47381758633865,0.49414241614026855,delta_q_log10_var
48,10,3,7.717384167140108,63.08135633528189,81.23821517516824,0.6562771223549785,delta_q_log10_var
49,10,4,5.762569385548731,45.29388333150413,62.32106790147701,0.9028027331441715,delta_q_log10_var
50,10,5,8.977218563256631,81.22964961903983,87.58393239823543,0.7406586983802428,delta_q_log10_var
1,1,1,4.587526436061892,45.37265540912459,63.94941669650012,0.901024139748203,delta_q_iqr
2,1,2,10.639599240661791,71.57789200673308,84.7987821355164,0.4227787821428445,delta_q_iqr
3,1,3,11.984071834466803,99.91963970924624,113.16573488607224,0.5978358126480854,delta_q_iqr
4,1,4,5.487352775263416,51.35717430833246,71.5061679191394,0.8141606037853272,delta_q_iqr
5,1,5,9.166109006940166,74.6868237858507,83.33439548805634,0.7674377687785388,delta_q_iqr
6,2,1,5.601845379070217,50.68134555594368,69.31209119864552,0.7653900799018739,delta_q_iqr
7,2,2,7.7278288634061125,66.34091527641162,88.00438950216186,0.7907510718952566,delta_q_iqr
8,2,3,10.187551794081221,76.66662669178595,78.59401717754517,0.8022232636889945,delta_q_iqr
9,2,4,7.721004031872935,72.56335490287181,94.531119117201,0.7725867897228832,delta_q_iqr
10,2,5,9.62799473922556,67.20423989672113,90.89538549104522,0.13398752422664884,delta_q_iqr
11,3,1,5.1863067524604105,35.531401039778416,48.67707418736269,0.890771599810212,delta_q_iqr
12,3,2,11.292686798580034,87.78319872924706,104.65575880300236,0.626456541025942,delta_q_iqr
13,3,3,8.322177868201978,75.56617545653548,87.73918506603285,0.8202801376704475,delta_q_iqr
14,3,4,8.686589023540943,78.1208784151457,97.44835207467028,0.7987669096066026,delta_q_iqr
15,3,5,7.437486398580716,58.565732387341704,72.1993554487887,0.6301024731309863,delta_q_iqr
16,4,1,8.545708297409144,64.02999699758479,87.93603063498564,0.731417815274434,delta_q_iqr
17,4,2,7.7158622139656785,81.1771316801205,96.98049701582855,0.764060161866311,delta_q_iqr
18,4,3,6.302308560211229,53.45377606086408,63.73262003134058,0.777422097428442,delta_q_iqr
19,4,4,10.537293497469925,72.71695979965395,85.09885886506666,0.46611152753074525,delta_q_iqr
20,4,5,8.51067774085684,70.75915207279284,90.96138216881242,0.7807778186736424,delta_q_iqr
21,5,1,8.545568511543697,71.80523425126331,96.8779178598755,0.7693142456382727,delta_q_iqr
22,5,2,9.462907495811198,85.64987189684621,101.39457202400776,0.8442987344655895,delta_q_iqr
23,5,3,7.425414626529414,59.649580371453276,80.59499593231426,0.5359791418016073,delta_q_iqr
24,5,4,10.428680059196054,78.15025125553859,85.35916853376204,0.670099264114136,delta_q_iqr
25,5,5,4.6562955669110115,39.73210671516714,45.681466212424695,0.8994767821227044,delta_q_iqr
26,6,1,9.621213923830629,74.25168784848195,89.86841571644936,0.8207736332510586,delta_q_iqr
27,6,2,6.627085405146453,51.988026986343925,59.979750139178606,0.6610542277408804,delta_q_iqr
28,6,3,5.238723770832514,43.30569064163251,58.12262253996017,0.8926586167550653,delta_q_iqr
29,6,4,11.529852230803803,88.01513643178096,109.99438225753687,0.6867433610271683,delta_q_iqr
30,6,5,9.375458906270016,88.82696273587513,100.32231609649509,0.7302993676765932,delta_q_iqr
31,7,1,6.4065183964741115,64.97280743641552,84.57138177909025,0.85030335418937,delta_q_iqr
32,7,2,12.55538184181417,89.10725331461,103.88790697338355,0.7637542903007563,delta_q_iqr
33,7,3,3.163700049201136,30.212156876852646,43.10233191886211,0.9534045731933393,delta_q_iqr
34,7,4,7.532169901116383,66.58034059796923,81.15717857407732,0.47161617992225147,delta_q_iqr
35,7,5,12.877949840746522,96.01919336707299,107.02655915651773,-0.35967561816090887,delta_q_iqr
36,8,1,10.63706899947797,78.7620712862919,96.33497670397986,0.54394111624573,delta_q_iqr
37,8,2,7.179268066139432,64.73104347327983,85.34635675964161,0.7808699055646002,delta_q_iqr
38,8,3,8.914874258998044,71.3256231395391,78.84000782178464,0.7128259815520025,delta_q_iqr
39,8,4,2.4201977773635095,20.170077947276468,26.942888003578183,0.9787193315325088,delta_q_iqr
40,8,5,11.074541656210277,97.38346597618957,104.26786719111446,0.7135338449613791,delta_q_iqr
41,9,1,7.816664883658114,69.79179606785517,83.61458259401567,0.7923913880112683,delta_q_iqr
42,9,2,9.090729170452791,69.08708181191044,81.90187634703057,0.7906587516326605,delta_q_iqr
43,9,3,8.698257766875946,78.34715620531905,91.49777887935524,0.7095353408627731,delta_q_iqr
44,9,4,7.194153137333763,56.55423585889498,77.50234011346362,0.8588495844818738,delta_q_iqr
45,9,5,7.803977579965829,60.35532503587948,79.6708720001823,0.6692504770299563,delta_q_iqr
46,10,1,7.62494812736077,58.8252316840031,74.01183010904282,0.8948544871647588,delta_q_iqr
47,10,2,13.474419048770232,106.77014434051716,124.09868833747201,0.48900941781207996,delta_q_iqr
48,10,3,6.0845880644338175,52.798161531664896,69.89991598144728,0.7455274159072727,delta_q_iqr
49,10,4,7.064353322599505,53.60759120422377,65.44693786407603,0.8928078596108331,delta_q_iqr
50,10,5,7.338648401513255,67.23796020802995,79.35067772243454,0.7871252818881058,delta_q_iqr
1,1,1,6.177795095904335,63.98017291666021,88.38998816079278,0.8109127430807351,delta_q_min
2,1,2,10.981346889135294,73.57150660746437,87.80860601163315,0.3810761448634158,delta_q_min
3,1,3,14.541106542356935,118.697029193297,140.1362147151761,0.3832995535236928,delta_q_min
4,1,4,7.2572120915268465,63.79907876778121,74.31290549901749,0.7992852631106496,delta_q_min
5,1,5,6.980089330318558,60.343218937355154,68.35654437684758,0.843522893701876,delta_q_min
6,2,1,7.574677173983134,67.71169586745336,92.3988842154961,0.5830712715687578,delta_q_min
7,2,2,9.9621922371905,87.09450112550573,106.96781420059327,0.6908560043737431,delta_q_min
8,2,3,10.813586990078477,80.86887862363399,83.59350583127203,0.7762611971122356,delta_q_min
9,2,4,8.27054631351255,76.5959215437043,95.54056611440672,0.7677040110833863,delta_q_min
10,2,5,11.394749838215537,78.75569268252194,98.01865441061062,-0.007066036063912096,delta_q_min
11,3,1,6.2315905852491005,47.106486357759145,53.083796641049624,0.8700995685376323,delta_q_min
12,3,2,14.01608410470766,111.04537751091753,129.89715946233972,0.42454127037909095,delta_q_min
13,3,3,9.480691967485047,82.57119294526326,103.41214600834236,0.7503382639865275,delta_q_min
14,3,4,7.861035943638309,74.48459207339899,93.93111903836784,0.8130310922826018,delta_q_min
15,3,5,6.5614079606317,53.18648176971533,61.62876361162569,0.7304857721763862,delta_q_min
16,4,1,11.76716850431323,93.24540197034683,117.0354871547719,0.5242501932150494,delta_q_min
17,4,2,8.647971462458665,89.86512797373246,107.84869123503974,0.7082154954781424,delta_q_min
18,4,3,5.307479943115161,47.00418767564161,59.03259268538978,0.8090400836509735,delta_q_min
19,4,4,9.105417777323735,62.300806932759976,67.3504783230605,0.6655860082947309,delta_q_min
20,4,5,9.664766452072067,76.53824374020299,102.82413962471162,0.7198693934995726,delta_q_min
21,5,1,12.260891087035958,104.85827445541099,131.15125140286273,0.5772184160921445,delta_q_min
22,5,2,9.275138043552019,81.77384624299427,93.29507210752472,0.8681803546046709,delta_q_min
23,5,3,7.317858385257627,59.96207313990174,69.4043627729415,0.6558919045839244,delta_q_min
24,5,4,10.4698498188371,78.9605862404325,92.32123548414194,0.6140898976130404,delta_q_min
25,5,5,5.417652636877803,44.52630690532361,50.22397132276711,0.8784910092369737,delta_q_min
26,6,1,11.819535064619869,95.72750558815818,105.75321857395737,0.7518153498706381,delta_q_min
27,6,2,4.96855929680302,40.68826840650997,45.874071770013735,0.8017306895835339,delta_q_min
28,6,3,5.283794325247316,42.58426965166533,50.52485678528875,0.9188876533239072,delta_q_min
29,6,4,13.083196404389582,104.88054349193223,135.42336040096023,0.5251609293443342,delta_q_min
30,6,5,9.247874125774459,86.02699917805957,95.21050350467372,0.757083738623255,delta_q_min
31,7,1,7.06404500720362,71.03521075830722,95.33354658277177,0.8097797639316743,delta_q_min
32,7,2,10.690705814019994,79.9620288731513,97.99014866308312,0.7898164271866204,delta_q_min
33,7,3,5.785098787693534,57.6590690944996,70.19690629832176,0.8764116013444789,delta_q_min
34,7,4,7.759356241973315,66.88931884799906,72.68082452747082,0.5762250116311716,delta_q_min
35,7,5,14.261818790588695,106.39232580703165,133.52893491463337,-1.1164253411119645,delta_q_min
36,8,1,10.275839616656038,76.33071225834323,99.86792627825449,0.5098771044731456,delta_q_min
37,8,2,8.675917189607889,77.19782865900505,108.12772856442186,0.6482725916476668,delta_q_min
38,8,3,8.375294803828153,65.88465004073714,69.1857096124217,0.7788511795277095,delta_q_min
39,8,4,6.284486762855075,56.266189708641505,60.632545871542895,0.89222734492449,delta_q_min
40,8,5,11.906734521838043,102.81438440414352,111.97752102698543,0.6696045663399153,delta_q_min
41,9,1,8.573944178225,73.53734160109984,96.17197387698373,0.7253507785383653,delta_q_min
42,9,2,10.625857093807076,77.43678098782779,94.89991349804632,0.7189401954295461,delta_q_min
43,9,3,8.011817151012165,75.71117748447087,93.2987585034296,0.6979881904029749,delta_q_min
44,9,4,7.656430538432158,65.70956337860744,75.68858627658535,0.8653788437761454,delta_q_min
45,9,5,9.726950335817177,76.89699983081256,101.78055493210938,0.46020393512286883,delta_q_min
46,10,1,6.485477613753727,51.58417513423244,62.43697218389123,0.9251706236755849,delta_q_min
47,10,2,16.709828909642802,130.71039630901737,157.8690428658158,0.17306292172794802,delta_q_min
48,10,3,6.758192680891094,55.806095550600354,65.50375591271779,0.7765295529291636,delta_q_min
49,10,4,6.897417733659875,61.3890419708776,69.37770640555975,0.8795451874474175,delta_q_min
50,10,5,8.503360875756073,77.13419826200905,82.36436079962894,0.7706485606881421,delta_q_min
1,1,1,6.400970466325942,64.6980593296958,90.84015897164728,0.8002844497206809,delta_q_abs_area
2,1,2,13.155941853430845,85.13508811321715,103.38388131012131,0.14203667795520303,delta_q_abs_area
3,1,3,16.56119599370606,136.58711588077762,158.2979284880805,0.2130919984610814,delta_q_abs_area
4,1,4,9.09650907364236,80.07786806749068,87.78170469998042,0.7199350258559786,delta_q_abs_area
5,1,5,7.432477947768534,66.35854506227886,73.19306734260378,0.8205966690651024,delta_q_abs_area
6,2,1,8.937057841172921,83.83984266854966,105.51090737235131,0.45634537965122757,delta_q_abs_area
7,2,2,10.480987145208418,91.59871947996812,116.68188755673327,0.6321578731217992,delta_q_abs_area
8,2,3,13.393636098729514,95.05689073669257,99.6779011857119,0.681877782635552,delta_q_abs_area
9,2,4,9.739689346060974,86.91171831057706,105.29651862146127,0.7178408650198462,delta_q_abs_area
10,2,5,13.369009258983686,92.67281564848214,113.12629377712625,-0.3414287034168568,delta_q_abs_area
11,3,1,8.44347158968793,60.54247700485309,67.74858593632257,0.7884139115371811,delta_q_abs_area
12,3,2,14.80659533073871,113.506007071188,141.19690325394703,0.3200684120851093,delta_q_abs_area
13,3,3,11.825645529060678,107.16505308664111,123.74075053604831,0.6425342998411521,delta_q_abs_area
14,3,4,8.744701415444643,83.96363841886568,107.06441844705913,0.7570926125875351,delta_q_abs_area
15,3,5,5.783518332336718,47.93405672739982,56.19151939796472,0.7759441242638381,delta_q_abs_area
16,4,1,12.98333875757825,99.99438435111136,129.65063274316344,0.416161449995485,delta_q_abs_area
17,4,2,9.422646530355179,98.8338317975652,120.20883758829692,0.6375022950765035,delta_q_abs_area
18,4,3,6.054553782858891,52.86606472251156,62.50654966466338,0.7859035068003677,delta_q_abs_area
19,4,4,11.257072644051979,73.41880536230134,84.14116658670244,0.4780605434228702,delta_q_abs_area
20,4,5,11.89074458528096,96.76830547330327,119.21737420945941,0.623426723278575,delta_q_abs_area
21,5,1,13.176176698666136,110.43077653705713,142.72040093758912,0.4993395355330422,delta_q_abs_area
22,5,2,12.622374197224003,108.14652887985848,113.70542601236663,0.8041943997329466,delta_q_abs_area
23,5,3,8.563220223954914,68.1765712531333,76.60695374384972,0.5807648060075283,delta_q_abs_area
24,5,4,10.552090713395899,80.29124532102131,101.72719375585183,0.5314487933785828,delta_q_abs_area
25,5,5,6.731323569617764,55.93711932001703,65.37802759308565,0.7941030368359754,delta_q_abs_area
26,6,1,13.901672800694854,112.26262289475729,121.05919948749487,0.6747754471406192,delta_q_abs_area
27,6,2,5.170077785822298,43.07942848098032,48.0450268455714,0.7825207645947168,delta_q_abs_area
28,6,3,5.7028255976948925,47.12860791684305,49.225306298797925,0.9230065751973815,delta_q_abs_area
29,6,4,16.057677641686123,124.0164601198204,156.5474188474568,0.3654715535384586,delta_q_abs_area
30,6,5,10.360036576131744,95.55671420491889,107.63513165515539,0.6895476458225549,delta_q_abs_area
31,7,1,7.7177028923298,78.90256516631638,111.49382270637422,0.7398242419133945,delta_q_abs_area
32,7,2,12.767924678427981,93.98393481419134,109.24554136982795,0.7387589748119285,delta_q_abs_area
33,7,3,7.301934565002445,70.98128850645243,78.17479835903642,0.8467235971501409,delta_q_abs_area
34,7,4,8.361434455392782,71.3798015208913,76.35383299745544,0.5323108260012861,delta_q_abs_area
35,7,5,15.237557083486728,112.76483457035374,151.1735757363363,-1.712713660828336,delta_q_abs_area
36,8,1,11.687466938298527,84.20425710820477,112.84083010886656,0.37427216985159306,delta_q_abs_area
37,8,2,10.146106054197864,91.63859638062345,121.20341358274528,0.5580615834484148,delta_q_abs_area
38,8,3,10.436038467038449,81.13960037050049,86.8343915097051,0.65163432351843,delta_q_abs_area
39,8,4,6.275834909729443,57.08155761903917,59.272435106809226,0.8970082318991556,delta_q_abs_area
40,8,5,12.542586580627246,108.90736061377395,123.4282476053361,0.5985777277702821,delta_q_abs_area
41,9,1,10.303900872849791,92.25348114918326,113.90933944372726,0.6146991389880074,delta_q_abs_area
42,9,2,11.84343634703475,87.27101004648834,102.98969436500751,0.6689796866425035,delta_q_abs_area
43,9,3,9.229855166119679,86.52884471385399,106.92290590081744,0.6033442971999532,delta_q_abs_area
44,9,4,8.348108487823378,66.65036893899446,75.45557106279001,0.8662064584274854,delta_q_abs_area
45,9,5,10.269080902859903,79.64429210283357,111.56114536227695,0.35147605759832223,delta_q_abs_area
46,10,1,7.670110902030264,66.16934243364341,72.02151545816072,0.9004335625771092,delta_q_abs_area
47,10,2,18.975123881519746,147.84107405896899,178.3084617476437,-0.05492703005698507,delta_q_abs_area
48,10,3,8.46763429286891,66.92796683362265,77.39487486226348,0.6880305284598122,delta_q_abs_area
49,10,4,7.968863977690869,65.46951401345322,73.31151147854116,0.8654980357221642,delta_q_abs_area
50,10,5,8.75073729970658,81.18514136159752,93.41347085356287,0.7049865454799997,delta_q_abs_area
