feature_set,model,feature_count,model_complexity_rank,cv_mape_mean,cv_mape_std,cv_mape_se,cv_mae_mean,cv_rmse_mean,cv_r2_mean,best_params,features,within_one_se
F4 +Charging,ElasticNet,11,3,7.562631495360605,2.020428368194313,0.16117910724388623,63.89926783534865,76.31010915847003,0.7711364038643558,"{""model__alpha"": 1.0, ""model__l1_ratio"": 0.9}","delta_q_iqr, qd_mean, qd_slope, ir_mean, tavg_mean, chargetime_mean, c_rate_stage1, switch_soc_pct, c_rate_stage2, policy_new_structure, policy_slow_cycle",True
F2 ΔQ+Capacity,Ridge,3,2,7.676406901623457,2.1780120488094528,0.13899036095349634,64.24038485546235,78.99120097644833,0.7401561920601633,"{""model__alpha"": 1.0}","delta_q_iqr, qd_mean, qd_slope",True
F2 ΔQ+Capacity,ElasticNet,3,3,7.680632325623611,2.1471528309253323,0.12847637703853165,64.42827810879837,79.2723343985514,0.7400184641444322,"{""model__alpha"": 0.1, ""model__l1_ratio"": 0.5}","delta_q_iqr, qd_mean, qd_slope",True
F2 ΔQ+Capacity,Linear Regression,3,1,7.744219763363131,2.27440326672507,0.1742450114882122,64.54106588069654,78.87811024609645,0.7370666095844741,{},"delta_q_iqr, qd_mean, qd_slope",False
F3 +Sensor,ElasticNet,6,3,7.7491237014369,1.7691452490441344,0.13703935188391286,64.50607252208756,74.4785185658212,0.7826565013228773,"{""model__alpha"": 1.0, ""model__l1_ratio"": 0.9}","delta_q_iqr, qd_mean, qd_slope, ir_mean, tavg_mean, chargetime_mean",False
F4 +Charging,Ridge,11,2,7.87010144018631,2.3014554244276986,0.1774849923612153,66.19633336458091,80.03383516449225,0.7433631340327008,"{""model__alpha"": 10.0}","delta_q_iqr, qd_mean, qd_slope, ir_mean, tavg_mean, chargetime_mean, c_rate_stage1, switch_soc_pct, c_rate_stage2, policy_new_structure, policy_slow_cycle",False
F3 +Sensor,Ridge,6,2,7.914717227342041,2.1471893971863465,0.15489204033016743,65.82368096662096,76.36183634544135,0.7680753154487745,"{""model__alpha"": 1.0}","delta_q_iqr, qd_mean, qd_slope, ir_mean, tavg_mean, chargetime_mean",False
F4 +Charging,Gradient Boosting,11,4,8.01086960954157,2.735279856387358,0.1653097739232808,65.47754659960056,82.2333821385718,0.7234941520421637,"{""model__learning_rate"": 0.05, ""model__max_depth"": 2, ""model__min_samples_leaf"": 3, ""model__n_estimators"": 200, ""model__subsample"": 0.7}","delta_q_iqr, qd_mean, qd_slope, ir_mean, tavg_mean, chargetime_mean, c_rate_stage1, switch_soc_pct, c_rate_stage2, policy_new_structure, policy_slow_cycle",False
F3 +Sensor,Linear Regression,6,1,8.091288896065237,2.4556935424164488,0.19103098027999185,67.28559492671461,78.61805213526277,0.7516805535439258,{},"delta_q_iqr, qd_mean, qd_slope, ir_mean, tavg_mean, chargetime_mean",False
F2 ΔQ+Capacity,Gradient Boosting,3,4,8.164261957724356,2.709143117659215,0.20393017514083084,67.36111617214591,87.02349279396729,0.6552272914179719,"{""model__learning_rate"": 0.1, ""model__max_depth"": 1, ""model__min_samples_leaf"": 3, ""model__n_estimators"": 100, ""model__subsample"": 1.0}","delta_q_iqr, qd_mean, qd_slope",False
F1 ΔQ,Gradient Boosting,1,4,8.178513570232631,2.9035705657148876,0.138945494876962,67.08023168101907,86.49240415588362,0.6739218559698736,"{""model__learning_rate"": 0.1, ""model__max_depth"": 1, ""model__min_samples_leaf"": 3, ""model__n_estimators"": 50, ""model__subsample"": 1.0}",delta_q_iqr,False
F1 ΔQ,ElasticNet,1,3,8.247424551496788,2.3979867843943783,0.04623139448119856,68.12914582191893,83.46861053994198,0.7119486593495704,"{""model__alpha"": 0.1, ""model__l1_ratio"": 0.1}",delta_q_iqr,False
F1 ΔQ,Ridge,1,2,8.262631840794148,2.4126799859158874,0.050745433324977454,67.76176673360528,82.80378352100655,0.7120868651370422,"{""model__alpha"": 1.0}",delta_q_iqr,False
F3 +Sensor,Gradient Boosting,6,4,8.304777592820296,2.3612367652143984,0.15500637882826834,68.09869312188626,83.47389850602539,0.7159938615210811,"{""model__learning_rate"": 0.1, ""model__max_depth"": 1, ""model__min_samples_leaf"": 3, ""model__n_estimators"": 100, ""model__subsample"": 0.7}","delta_q_iqr, qd_mean, qd_slope, ir_mean, tavg_mean, chargetime_mean",False
F1 ΔQ,Linear Regression,1,1,8.340244081028924,2.4337056021674885,0.05048251586373755,68.15689303993764,82.86488686761211,0.7088025453833113,{},delta_q_iqr,False
F4 +Charging,Linear Regression,11,1,8.731938568265694,2.493028196418891,0.2570279946084839,73.17373304671798,87.15781369823311,0.7005126547760474,{},"delta_q_iqr, qd_mean, qd_slope, ir_mean, tavg_mean, chargetime_mean, c_rate_stage1, switch_soc_pct, c_rate_stage2, policy_new_structure, policy_slow_cycle",False
F0 Capacity,Gradient Boosting,2,4,16.189096857634862,3.760768378491902,0.31410503495802305,135.05103295600074,161.27415667055746,-0.06889260774479655,"{""model__learning_rate"": 0.02, ""model__max_depth"": 1, ""model__min_samples_leaf"": 3, ""model__n_estimators"": 200, ""model__subsample"": 1.0}","qd_mean, qd_slope",False
F1 ΔQ,Median Baseline,1,0,18.864830538385284,4.26650622876743,0.1756909173815943,156.55357142857144,189.85846842975698,-0.3398389086877417,{},delta_q_iqr,False
F2 ΔQ+Capacity,Median Baseline,3,0,18.864830538385284,4.26650622876743,0.1756909173815943,156.55357142857144,189.85846842975698,-0.3398389086877417,{},"delta_q_iqr, qd_mean, qd_slope",False
F3 +Sensor,Median Baseline,6,0,18.864830538385284,4.26650622876743,0.1756909173815943,156.55357142857144,189.85846842975698,-0.3398389086877417,{},"delta_q_iqr, qd_mean, qd_slope, ir_mean, tavg_mean, chargetime_mean",False
F4 +Charging,Median Baseline,11,0,18.864830538385284,4.26650622876743,0.1756909173815943,156.55357142857144,189.85846842975698,-0.3398389086877417,{},"delta_q_iqr, qd_mean, qd_slope, ir_mean, tavg_mean, chargetime_mean, c_rate_stage1, switch_soc_pct, c_rate_stage2, policy_new_structure, policy_slow_cycle",False
F0 Capacity,Median Baseline,2,0,18.864830538385284,4.26650622876743,0.1756909173815943,156.55357142857144,189.85846842975698,-0.3398389086877417,{},"qd_mean, qd_slope",False
F0 Capacity,Ridge,2,2,18.947288793720613,4.868758141155525,0.19852992808450093,157.72043494829745,196.0494586832699,-0.43847617014294665,"{""model__alpha"": 100.0}","qd_mean, qd_slope",False
F0 Capacity,ElasticNet,2,3,18.96789434006916,4.86292085137371,0.18381245890453085,157.49714808542072,194.67473387806214,-0.4209561040698058,"{""model__alpha"": 10.0, ""model__l1_ratio"": 0.5}","qd_mean, qd_slope",False
F0 Capacity,Linear Regression,2,1,20.006192895248347,5.614181985715273,0.23716469648801,170.27520547063753,223.47802707797743,-0.9063195930619229,{},"qd_mean, qd_slope",False
