dataset,batch,global_cell_id,cycle_life,prediction,residual,absolute_error,ape_pct,error_direction,life_group,charging_policy,c_rate_stage1,switch_soc_pct,delta_q_iqr,qd_mean,qd_slope
Batch 1 Hold-out,Batch 1,Batch1_008,879.0,971.9635991935884,92.96359919358838,92.96359919358838,10.576063617018018,과대 예측,"중간수명(500~1,000)",5.4C(40%)-3.6C,5.4,40.0,0.017488346700934132,1.0947719373737375,5.429254174399952e-06
Batch 1 Hold-out,Batch 1,Batch1_014,880.0,877.8714814270138,-2.128518572986195,2.128518572986195,0.2418771105666131,과소 예측,"중간수명(500~1,000)",5.4C(60%)-3C,5.4,60.0,0.017749356230771438,1.0761029171717171,2.623412492270825e-05
Batch 1 Hold-out,Batch 1,Batch1_017,857.0,863.0603420841787,6.060342084178728,6.060342084178728,0.7071577694490931,과대 예측,"중간수명(500~1,000)",5.4C(60%)-3.6C,5.4,60.0,0.018602813721127237,1.0771062363636363,1.788623129253169e-05
Batch 1 Hold-out,Batch 1,Batch1_021,559.0,575.5652989163846,16.565298916384563,16.565298916384563,2.9633808437181686,과대 예측,"중간수명(500~1,000)",5.4C(80%)-5.4C,5.4,80.0,0.032195277536283345,1.082226497979798,-8.178444155842871e-05
Batch 1 Hold-out,Batch 1,Batch1_022,891.0,890.050059913956,-0.9499400860439664,0.9499400860439664,0.10661504893871676,과소 예측,"중간수명(500~1,000)",6C(30%)-3.6C,6.0,30.0,0.018648070291298113,1.082979815151515,-6.755834260962709e-06
Batch 1 Hold-out,Batch 1,Batch1_029,917.0,814.9027789544749,-102.09722104552509,102.09722104552509,11.133829994059443,과소 예측,"중간수명(500~1,000)",6C(50%)-3C,6.0,50.0,0.021866687191927137,1.0827828212121215,-5.2127198515624496e-06
Batch 1 Hold-out,Batch 1,Batch1_035,703.0,729.4524571199388,26.4524571199388,26.4524571199388,3.7627961763782074,과대 예측,"중간수명(500~1,000)",7C(30%)-3.6C,7.0,30.0,0.02388064312467028,1.0745076737373735,3.195320964756719e-06
Batch 1 Hold-out,Batch 1,Batch1_037,648.0,690.3557551458036,42.35575514580364,42.35575514580364,6.536381966945007,과대 예측,"중간수명(500~1,000)",7C(40%)-3C,7.0,40.0,0.02630451089172965,1.0780300424242424,-9.680958565230538e-06
Batch 1 Hold-out,Batch 1,Batch1_041,1051.0,942.5621222824875,-108.43787771751249,108.43787771751249,10.317590648669125,과소 예측,"장수명(>1,000)",8C(15%)-3.6C,8.0,15.0,0.016345966212173102,1.082886786868687,-1.3855287568735692e-07
Batch 1 Hold-out,Batch 1,Batch1_045,599.0,620.2798584617933,21.27985846179331,21.27985846179331,3.5525640169938746,과대 예측,"중간수명(500~1,000)",8C(35%)-3.6C,8.0,35.0,0.031207519225045152,1.0871594505050506,-1.2920053184893674e-05
Batch 2 Test,Batch 2,Batch2_000,477.0,759.4367321856045,282.43673218560446,282.43673218560446,59.211054965535524,과대 예측,단수명(<500),5.2C(58%)-4C,5.2,58.0,0.028366727736043956,1.105088570707071,1.373756833643947e-05
Batch 2 Test,Batch 2,Batch2_001,491.0,639.5885176879543,148.58851768795432,148.58851768795432,30.26242722768927,과대 예측,단수명(<500),5.6C(26%)-4.5C,5.6,26.0,0.033471520896707324,1.1049235595959594,-3.290422139763861e-05
Batch 2 Test,Batch 2,Batch2_002,424.0,490.76817149541995,66.76817149541995,66.76817149541995,15.74721025835376,과대 예측,단수명(<500),5.2C(50%)-4.25C,5.2,50.0,0.03413851485665098,1.0746630466666667,-5.3960603586805125e-06
Batch 2 Test,Batch 2,Batch2_003,499.0,760.0700379983108,261.0700379983108,261.0700379983108,52.318644889441046,과대 예측,단수명(<500),4.65C(44%)-5C,4.65,44.0,0.027630800573472142,1.1014852565656565,7.592857884973753e-05
Batch 2 Test,Batch 2,Batch2_004,444.0,429.7265675900942,-14.273432409905809,14.273432409905809,3.214737029258065,과소 예측,단수명(<500),4.65C(69%)-6C,4.65,69.0,0.03888307053585685,1.0859254535353535,-6.742782807667963e-05
Batch 2 Test,Batch 2,Batch2_005,416.0,477.15450578458433,61.15450578458433,61.15450578458433,14.700602352063541,과대 예측,단수명(<500),3.6C(30%)-6C,3.6,30.0,0.03730849407743267,1.0879375151515152,-0.0001948491799628852
Batch 2 Test,Batch 2,Batch2_006,393.0,667.3831488832084,274.3831488832084,274.3831488832084,69.81759513567644,과대 예측,단수명(<500),3.6C(9%)-5C,3.6,9.0,0.02999759075890851,1.0929755737373739,6.243813358071642e-05
Batch 2 Test,Batch 2,Batch2_007,777.0,1037.3805822363313,260.3805822363313,260.3805822363313,33.51101444483028,과대 예측,"중간수명(500~1,000)",4.8C(80%)-4.8C-newstructure,4.8,80.0,0.014238999434542194,1.0930350373737374,5.346993939394844e-05
Batch 2 Test,Batch 2,Batch2_008,904.0,1059.445952357645,155.44595235764496,155.44595235764496,17.195348712128865,과대 예측,"중간수명(500~1,000)",5.2C(58%)-4C-newstructure,5.2,58.0,0.012816680525653143,1.0901590962626262,-4.81292107606561e-05
Batch 2 Test,Batch 2,Batch2_009,791.0,1107.5348646534549,316.53486465345486,316.53486465345486,40.01704989297786,과대 예측,"중간수명(500~1,000)",5.6C(26%)-4.5C-newstructure,5.6,26.0,0.012131468540688426,1.0975024424242423,-3.1789604205310855e-05
Batch 2 Test,Batch 2,Batch2_010,492.0,767.2335094791783,275.23350947917834,275.23350947917834,55.94177021934519,과대 예측,단수명(<500),4.8C(80%)-4.8C,4.8,80.0,0.029151186058360146,1.1111783965656563,5.4494455906012585e-05
Batch 2 Test,Batch 2,Batch2_011,449.0,703.3241600321635,254.3241600321635,254.3241600321635,56.64235190025912,과대 예측,단수명(<500),5.2C(50%)-4.25C,5.2,50.0,0.029949153298954825,1.1010659737373738,0.00011636928385901053
Batch 2 Test,Batch 2,Batch2_012,466.0,468.3140340138143,2.3140340138143074,2.3140340138143074,0.49657382270693295,과대 예측,단수명(<500),4.65C(44%)-5C,4.65,44.0,0.040592194201186205,1.104144308080808,3.124443661101217e-05
Batch 2 Test,Batch 2,Batch2_013,460.0,709.3397897442892,249.3397897442892,249.3397897442892,54.20430211832373,과대 예측,단수명(<500),4.65C(69%)-6C,4.65,69.0,0.028616814135990404,1.0949361080808082,-1.144594434136377e-05
Batch 2 Test,Batch 2,Batch2_014,426.0,410.85504295102754,-15.144957048972458,15.144957048972458,3.5551542368479945,과소 예측,단수명(<500),3.6C(30%)-6C,3.6,30.0,0.03845879953147327,1.0792566424242422,-0.0001016570562770468
Batch 2 Test,Batch 2,Batch2_015,396.0,542.8673670460889,146.86736704608893,146.86736704608893,37.087718951032556,과대 예측,단수명(<500),3.6C(9%)-5C,3.6,9.0,0.03193420141188377,1.0750435303030301,9.204142609773131e-05
Batch 2 Test,Batch 2,Batch2_016,472.0,717.1193365134891,245.1193365134891,245.1193365134891,51.932062820654465,과대 예측,단수명(<500),4.8C(80%)-4.8C,4.8,80.0,0.028678916485753922,1.0970297515151517,-1.5038863327142703e-05
Batch 2 Test,Batch 2,Batch2_017,471.0,660.7401785080953,189.74017850809525,189.74017850809525,40.284538961379035,과대 예측,단수명(<500),5.6C(26%)-4.5C,5.6,26.0,0.030471241269953014,1.0939235666666667,3.904175881262371e-05
Batch 2 Test,Batch 2,Batch2_018,449.0,663.1946527573052,214.19465275730522,214.19465275730522,47.70482244037978,과대 예측,단수명(<500),5.2C(50%)-4.25C,5.2,50.0,0.028188880083354018,1.0825073353535357,0.00011339298701299902
Batch 2 Test,Batch 2,Batch2_019,392.0,521.081763884303,129.08176388430297,129.08176388430297,32.92902139905688,과대 예측,단수명(<500),6C(60%)-3C,6.0,60.0,0.03659080225550165,1.094755986868687,2.1983457019182867e-05
Batch 2 Test,Batch 2,Batch2_020,489.0,730.174251501246,241.17425150124598,241.17425150124598,49.31988783256564,과대 예측,단수명(<500),5.2C(58%)-4C,5.2,58.0,0.028669691130350894,1.1000841181818182,2.8384829931985655e-05
Batch 2 Test,Batch 2,Batch2_021,408.0,626.6335819955476,218.63358199554762,218.63358199554762,53.586662253810694,과대 예측,단수명(<500),6C(60%)-3C,6.0,60.0,0.03327314963888757,1.1011154092929292,3.546821447124778e-05
Batch 2 Test,Batch 2,Batch2_024,514.0,799.7890233818455,285.7890233818455,285.7890233818455,55.600977311643085,과대 예측,"중간수명(500~1,000)",4.8C(80%)-4.8C,4.8,80.0,0.02498607643996975,1.0963041979797978,4.3255097093394744e-05
Batch 2 Test,Batch 2,Batch2_025,493.0,708.2256624366598,215.22566243665983,215.22566243665983,43.656320981066905,과대 예측,단수명(<500),5.2C(58%)-4C,5.2,58.0,0.03000451493351164,1.1022470464646466,3.860060482376233e-05
Batch 2 Test,Batch 2,Batch2_026,450.0,566.9156095703459,116.91560957034585,116.91560957034585,25.981246571187967,과대 예측,단수명(<500),5.6C(26%)-4.5C,5.6,26.0,0.03641685527838828,1.10416721010101,-1.2231956709943128e-05
Batch 2 Test,Batch 2,Batch2_027,474.0,634.9810134874114,160.98101348741136,160.98101348741136,33.96223913236527,과대 예측,단수명(<500),5.2C(50%)-4.25C,5.2,50.0,0.032407979669347914,1.0985360303030303,8.3227929499087e-05
Batch 2 Test,Batch 2,Batch2_028,437.0,571.4800367404794,134.48003674047936,134.48003674047936,30.773463785006722,과대 예측,단수명(<500),4.8C(80%)-4.8C,4.8,80.0,0.03447814723170699,1.095054122222222,5.740212987013656e-05
Batch 2 Test,Batch 2,Batch2_029,452.0,763.2888580676118,311.28885806761184,311.28885806761184,68.86921638663979,과대 예측,단수명(<500),5.2C(58%)-4C,5.2,58.0,0.02906713616698814,1.1100257606060604,0.0001200828880643241
Batch 2 Test,Batch 2,Batch2_030,412.0,496.03185661707,84.03185661706999,84.03185661706999,20.396081703172328,과대 예측,단수명(<500),5.6C(26%)-4.5C,5.6,26.0,0.037386627278122725,1.0929829222222223,-8.503881385279777e-05
Batch 2 Test,Batch 2,Batch2_031,425.0,692.7524669309423,267.7524669309423,267.7524669309423,63.00058045433937,과대 예측,단수명(<500),5.6C(26%)-4.5C,5.6,26.0,0.03021561822416055,1.0998533494949494,3.979185899816047e-05
Batch 2 Test,Batch 2,Batch2_032,809.0,1106.779685909849,297.7796859098489,297.7796859098489,36.808366614320015,과대 예측,"중간수명(500~1,000)",4.8C(80%)-4.8C-newstructure,4.8,80.0,0.010781927584309042,1.0900473909090909,-5.5682572665417575e-05
Batch 2 Test,Batch 2,Batch2_033,1140.0,999.4751981204641,-140.52480187953586,140.52480187953586,12.32673700697683,과소 예측,"장수명(>1,000)",5.2C(58%)-4C-newstructure,5.2,58.0,0.011754647600046741,1.0705903191919193,-0.00012531416326529325
Batch 2 Test,Batch 2,Batch2_034,1186.0,1099.1199121756117,-86.88008782438828,86.88008782438828,7.325471148767984,과소 예측,"장수명(>1,000)",5.6C(26%)-4.5C-newstructure,5.6,26.0,0.006819854084105126,1.0671324676767675,-5.4562957328379686e-05
Batch 2 Test,Batch 2,Batch2_041,442.0,547.5980439603609,105.59804396036088,105.59804396036088,23.89096017202735,과대 예측,단수명(<500),5.6C(26%)-4.5C,5.6,26.0,0.03755503065748825,1.1059561515151515,2.3998204081643843e-05
Batch 2 Test,Batch 2,Batch2_042,474.0,786.4959911548906,312.4959911548906,312.4959911548906,65.92742429428071,과대 예측,단수명(<500),5.2C(50%)-4.25C,5.2,50.0,0.02755511962822918,1.107131119191919,8.583347433519664e-05
Batch 2 Test,Batch 2,Batch2_043,1029.0,1088.5257320969965,59.525732096996535,59.525732096996535,5.784813614868468,과대 예측,"장수명(>1,000)",4.8C(80%)-4.8C-newstructure,4.8,80.0,0.01318218737360172,1.0986638707070708,-7.295969944339816e-05
Batch 2 Test,Batch 2,Batch2_044,841.0,1155.2332034816413,314.23320348164134,314.23320348164134,37.36423346987412,과대 예측,"중간수명(500~1,000)",5.2C(58%)-4C-newstructure,5.2,58.0,0.01011741809463848,1.0976287414141412,-2.4462076685204973e-05
Batch 2 Test,Batch 2,Batch2_045,997.0,1148.2574760348741,151.25747603487412,151.25747603487412,15.171261387650361,과대 예측,"중간수명(500~1,000)",5.6C(26%)-4.5C-newstructure,5.6,26.0,0.011115404569812068,1.1012188434343433,-7.610656895484532e-05
Batch 2 Test,Batch 2,Batch2_046,503.0,801.4409572568469,298.4409572568469,298.4409572568469,59.33219826179859,과대 예측,"중간수명(500~1,000)",4.8C(80%)-4.8C,4.8,80.0,0.0260998162060585,1.102562018181818,1.9638269635137816e-05
Batch 3 Test,Batch 3,Batch3_000,1009.0,984.2271879434443,-24.772812056555722,24.772812056555722,2.4551845447527967,과소 예측,"장수명(>1,000)",5C(67%)-4C-newstructure,5.0,67.0,0.012299756476225165,1.0703864353535353,-5.3461954236085565e-06
Batch 3 Test,Batch 3,Batch3_001,1063.0,990.6527993901498,-72.34720060985023,72.34720060985023,6.805945494811875,과소 예측,"장수명(>1,000)",5.3C(54%)-4C-newstructure,5.3,54.0,0.011532372725767459,1.0677216717171716,-1.4719340754471105e-05
Batch 3 Test,Batch 3,Batch3_002,1267.0,1120.7607277789928,-146.23927222100724,146.23927222100724,11.542168288950847,과소 예측,"장수명(>1,000)",5.6C(19%)-4.6C-newstructure,5.6,19.0,0.00493149745162778,1.0620735151515153,-2.0391179962882983e-05
Batch 3 Test,Batch 3,Batch3_003,1115.0,932.867704370358,-182.13229562964204,182.13229562964204,16.334735034048613,과소 예측,"장수명(>1,000)",5.6C(36%)-4.3C-newstructure,5.6,36.0,0.013420640159582109,1.0646530202020204,-1.2654854669133096e-05
Batch 3 Test,Batch 3,Batch3_004,1048.0,983.2231660907199,-64.77683390928007,64.77683390928007,6.180995602030541,과소 예측,"장수명(>1,000)",5.6C(19%)-4.6C-newstructure,5.6,19.0,0.013119330112163374,1.0745377696969698,-5.233104514519339e-06
Batch 3 Test,Batch 3,Batch3_005,828.0,838.0740250992154,10.074025099215419,10.074025099215419,1.2166696979728766,과대 예측,"중간수명(500~1,000)",5.6C(36%)-4.3C-newstructure,5.6,36.0,0.015312811863723574,1.0531571414141414,-1.602090043288399e-05
Batch 3 Test,Batch 3,Batch3_006,667.0,744.7614555004396,77.76145550043964,77.76145550043964,11.658389130500696,과대 예측,"중간수명(500~1,000)",3.7C(31%)-5.9C-newstructure,3.7,31.0,0.019507747300125916,1.053759712121212,-0.00020239778849721237
Batch 3 Test,Batch 3,Batch3_007,1836.0,1045.1253116566093,-790.8746883433907,790.8746883433907,43.07596341739601,과소 예측,"장수명(>1,000)",4.8C(80%)-4.8C-newstructure,4.8,80.0,0.00966260907867944,1.0701774252525253,-2.3574483611497995e-06
Batch 3 Test,Batch 3,Batch3_008,828.0,883.048852698788,55.04885269878798,55.04885269878798,6.64841216168937,과대 예측,"중간수명(500~1,000)",5C(67%)-4C-newstructure,5.0,67.0,0.016166896580964596,1.068006090909091,-3.3089511440868757e-06
Batch 3 Test,Batch 3,Batch3_009,1039.0,851.363884075854,-187.636115924146,187.636115924146,18.059298933989027,과소 예측,"장수명(>1,000)",5.3C(54%)-4C-newstructure,5.3,54.0,0.01842373467820857,1.0728593262626263,6.68053184918111e-07
Batch 3 Test,Batch 3,Batch3_010,1078.0,1003.5723319691546,-74.42766803084544,74.42766803084544,6.904236366497722,과소 예측,"장수명(>1,000)",4.8C(80%)-4.8C-newstructure,4.8,80.0,0.01034937116561735,1.06437858989899,-2.8759653679527743e-06
Batch 3 Test,Batch 3,Batch3_011,817.0,803.9326176932143,-13.067382306785703,13.067382306785703,1.599434798872179,과소 예측,"중간수명(500~1,000)",5.6C(19%)-4.6C-newstructure,5.6,19.0,0.019888866065782773,1.0698276717171717,-1.7682165739013836e-05
Batch 3 Test,Batch 3,Batch3_012,932.0,870.2736144541893,-61.72638554581067,61.72638554581067,6.62300274096681,과소 예측,"중간수명(500~1,000)",5.6C(36%)-4.3C-newstructure,5.6,36.0,0.018272084579754322,1.0763353797979798,-6.679463203455612e-06
Batch 3 Test,Batch 3,Batch3_013,816.0,903.344864732945,87.34486473294498,87.34486473294498,10.704027540802082,과대 예측,"중간수명(500~1,000)",5.6C(19%)-4.6C-newstructure,5.6,19.0,0.01543892858894394,1.0687136323232325,-1.2185193568325955e-05
Batch 3 Test,Batch 3,Batch3_014,858.0,883.042999191559,25.042999191559034,25.042999191559034,2.9187644745406796,과대 예측,"중간수명(500~1,000)",5.6C(36%)-4.3C-newstructure,5.6,36.0,0.017848689200600898,1.077015806060606,4.6361076066830866e-06
Batch 3 Test,Batch 3,Batch3_015,876.0,861.1111547177827,-14.88884528221729,14.88884528221729,1.699639872399234,과소 예측,"중간수명(500~1,000)",5.9C(15%)-4.6C-newstructure,5.9,15.0,0.017582225010803865,1.070546722222222,-1.1564622139746904e-05
Batch 3 Test,Batch 3,Batch3_016,1638.0,1063.3355599514132,-574.6644400485868,574.6644400485868,35.083299148265375,과소 예측,"장수명(>1,000)",4.8C(80%)-4.8C-newstructure,4.8,80.0,0.007642431435629871,1.0635088555555554,-9.691301175004965e-06
Batch 3 Test,Batch 3,Batch3_017,1315.0,1040.9573250610533,-274.0426749389467,274.0426749389467,20.839747143646132,과소 예측,"장수명(>1,000)",5.3C(54%)-4C-newstructure,5.3,54.0,0.009256607120461391,1.067047807070707,-5.833125541112191e-06
Batch 3 Test,Batch 3,Batch3_018,1146.0,1007.7730283227256,-138.22697167727438,138.22697167727438,12.061690373235113,과소 예측,"장수명(>1,000)",5.6C(19%)-4.6C-newstructure,5.6,19.0,0.011025246442203929,1.0688689090909091,-2.9274941249211295e-05
Batch 3 Test,Batch 3,Batch3_019,1155.0,992.6009870379363,-162.3990129620637,162.3990129620637,14.060520602776078,과소 예측,"장수명(>1,000)",5.6C(36%)-4.3C-newstructure,5.6,36.0,0.01239313443899337,1.0727208262626262,-2.9691358070484624e-05
Batch 3 Test,Batch 3,Batch3_020,813.0,893.5301617177734,80.53016171777335,80.53016171777335,9.905308944375566,과대 예측,"중간수명(500~1,000)",5C(67%)-4C-newstructure,5.0,67.0,0.015618092383030677,1.067449897979798,-7.154074211498553e-06
Batch 3 Test,Batch 3,Batch3_021,772.0,863.8232679124719,91.82326791247192,91.82326791247192,11.894205688144032,과대 예측,"중간수명(500~1,000)",3.7C(31%)-5.9C-newstructure,3.7,31.0,0.01594559159530423,1.0619781898989897,-0.0001594917019171253
Batch 3 Test,Batch 3,Batch3_022,1002.0,845.7540986960385,-156.24590130396155,156.24590130396155,15.593403323748658,과소 예측,"장수명(>1,000)",5.9C(60%)-3.1C-newstructure,5.9,60.0,0.015920581087975838,1.0581549232323233,-1.5988764378464394e-05
Batch 3 Test,Batch 3,Batch3_024,825.0,823.9500970867005,-1.0499029132995474,1.0499029132995474,0.12726095918782393,과소 예측,"중간수명(500~1,000)",5C(67%)-4C-newstructure,5.0,67.0,0.015392452577559057,1.050441208080808,9.650588744599694e-06
Batch 3 Test,Batch 3,Batch3_025,989.0,924.8108796363683,-64.18912036363167,64.18912036363167,6.490305395716043,과소 예측,"중간수명(500~1,000)",5.3C(54%)-4C-newstructure,5.3,54.0,0.013784933422892463,1.0648225050505051,6.950843537426073e-06
Batch 3 Test,Batch 3,Batch3_026,1028.0,1012.9330919549917,-15.06690804500829,15.06690804500829,1.4656525335611177,과소 예측,"장수명(>1,000)",5.6C(19%)-4.6C-newstructure,5.6,19.0,0.011957491229264594,1.075112296969697,-4.2884230054447913e-07
Batch 3 Test,Batch 3,Batch3_027,850.0,905.396862760038,55.39686276003795,55.39686276003795,6.51727797176917,과대 예측,"중간수명(500~1,000)",5.6C(36%)-4.3C-newstructure,5.6,36.0,0.014410407544409448,1.0637090626262626,-4.03537043907588e-06
Batch 3 Test,Batch 3,Batch3_028,541.0,591.802816083599,50.802816083599055,50.802816083599055,9.39053901730112,과대 예측,"중간수명(500~1,000)",3.7C(31%)-5.9C-newstructure,3.7,31.0,0.02429801925201623,1.0445220202020202,-0.0001980220853432199
Batch 3 Test,Batch 3,Batch3_029,858.0,891.8698346651452,33.86983466514516,33.86983466514516,3.9475331777558464,과대 예측,"중간수명(500~1,000)",5.9C(15%)-4.6C-newstructure,5.9,15.0,0.01625343251573838,1.0705002696969699,4.077620284497126e-06
Batch 3 Test,Batch 3,Batch3_030,935.0,939.284573618363,4.28457361836297,4.28457361836297,0.4582431677393551,과대 예측,"중간수명(500~1,000)",5.3C(54%)-4C-newstructure,5.3,54.0,0.014461709078374185,1.0717059313131312,-3.4165367965277937e-06
Batch 3 Test,Batch 3,Batch3_031,731.0,784.9247873028878,53.92478730288781,53.92478730288781,7.376851888219946,과대 예측,"중간수명(500~1,000)",5.9C(60%)-3.1C-newstructure,5.9,60.0,0.020876312839162414,1.0707996878787878,-8.999562152120187e-06
Batch 3 Test,Batch 3,Batch3_033,1284.0,1011.3283649397578,-272.67163506024224,272.67163506024224,21.23610864955158,과소 예측,"장수명(>1,000)",5C(67%)-4C-newstructure,5.0,67.0,0.009608796743330095,1.062159194949495,-1.2591045145325148e-05
Batch 3 Test,Batch 3,Batch3_034,1158.0,980.1840985879903,-177.81590141200968,177.81590141200968,15.355431900864394,과소 예측,"장수명(>1,000)",5.3C(54%)-4C-newstructure,5.3,54.0,0.011144768471550826,1.063246013131313,-2.1157972789101247e-05
Batch 3 Test,Batch 3,Batch3_035,1093.0,955.561875928493,-137.438124071507,137.438124071507,12.574393785133303,과소 예측,"장수명(>1,000)",5.6C(19%)-4.6C-newstructure,5.6,19.0,0.01242815447970963,1.0644993393939395,-1.953093877550406e-05
Batch 3 Test,Batch 3,Batch3_036,923.0,949.202265955401,26.202265955401003,26.202265955401003,2.8388153797834237,과대 예측,"중간수명(500~1,000)",5.6C(36%)-4.3C-newstructure,5.6,36.0,0.011739547992465293,1.0593632474747476,-2.197191960419553e-05
Batch 3 Test,Batch 3,Batch3_037,1390.0,1117.5743531279895,-272.4256468720105,272.4256468720105,19.598967400864062,과소 예측,"장수명(>1,000)",4.8C(80%)-4.8C-newstructure,4.8,80.0,0.0026934786528846188,1.049442304040404,-2.0516487322038378e-06
Batch 3 Test,Batch 3,Batch3_038,1935.0,1032.9319756053787,-902.0680243946213,902.0680243946213,46.618502552693606,과소 예측,"장수명(>1,000)",5C(67%)-4C-newstructure,5.0,67.0,0.010523876880318805,1.0719827515151514,-8.787589363008528e-06
Batch 3 Test,Batch 3,Batch3_039,1156.0,950.3448215986639,-205.65517840133612,205.65517840133612,17.790240346136343,과소 예측,"장수명(>1,000)",5.3C(54%)-4C-newstructure,5.3,54.0,0.01003924281735169,1.0505830505050504,-6.583238095227178e-06
Batch 3 Test,Batch 3,Batch3_040,796.0,962.4013093213065,166.40130932130648,166.40130932130648,20.904687100666646,과대 예측,"중간수명(500~1,000)",5.6C(19%)-4.6C-newstructure,5.6,19.0,0.011849279549363101,1.062999387878788,-7.692147186138772e-06
Batch 3 Test,Batch 3,Batch3_041,786.0,912.9107259608035,126.91072596080346,126.91072596080346,16.14640279399535,과대 예측,"중간수명(500~1,000)",5.6C(36%)-4.3C-newstructure,5.6,36.0,0.012335562904360442,1.0543741434343434,9.732244897973014e-06
Batch 3 Test,Batch 3,Batch3_042,1642.0,1200.4265192087862,-441.5734807912138,441.5734807912138,26.892416613350413,과소 예측,"장수명(>1,000)",4.8C(80%)-4.8C-newstructure,4.8,80.0,0.0029161171446032974,1.0695203565656566,1.8104885590771407e-06
Batch 3 Test,Batch 3,Batch3_043,1046.0,1085.5029174362544,39.50291743625439,39.50291743625439,3.77656954457499,과대 예측,"장수명(>1,000)",5C(67%)-4C-newstructure,5.0,67.0,0.008444671807616592,1.0728844272727274,3.0410142238829537e-06
Batch 3 Test,Batch 3,Batch3_044,940.0,927.5475279362122,-12.452472063787809,12.452472063787809,1.3247310706157245,과소 예측,"중간수명(500~1,000)",5.3C(54%)-4C-newstructure,5.3,54.0,0.015259147007592441,1.07331738989899,4.689736549177065e-06
Batch 3 Test,Batch 3,Batch3_045,1801.0,1065.5499075488342,-735.4500924511658,735.4500924511658,40.835651996178,과소 예측,"장수명(>1,000)",4.8C(80%)-4.8C-newstructure,4.8,80.0,0.009031671830789928,1.0714658575757574,-1.258453926921298e-07
