candidate_type,candidate,outer_fold,held_out_c_rate_stage1,n_train,n_valid,best_params,mape_pct,mae,rmse,r2,median_ape_pct,feature_set
feature_set,F0 Capacity,1,3.6,33,3,"{""model__alpha"": 100.0}",33.390705724951395,395.0641199231693,403.54515973780696,-4984.164161667719,29.06470461506779,
feature_set,F0 Capacity,2,4.0,34,2,"{""model__alpha"": 10000.0}",31.844299379492096,390.5704788032119,390.5708244322278,-610181.2755906805,31.844299379492096,
feature_set,F0 Capacity,3,4.4,35,1,"{""model__alpha"": 1000.0}",20.734536635904394,222.6889234696132,222.6889234696132,,20.734536635904394,
feature_set,F0 Capacity,4,4.8,34,2,"{""model__alpha"": 10000.0}",18.24246021372232,116.81532638965001,161.0847870580398,-0.8955591074245035,18.24246021372232,
feature_set,F0 Capacity,5,5.4,26,10,"{""model__alpha"": 10000.0}",16.131450296111254,112.54452633541413,149.37505522268725,-0.1937979348424732,10.942947402402355,
feature_set,F0 Capacity,6,6.0,26,10,"{""model__alpha"": 100.0}",9.245803551130633,76.99368716471425,103.3435765405258,-0.08269244461664571,8.628534652073483,
feature_set,F0 Capacity,7,7.0,32,4,"{""model__alpha"": 10000.0}",31.870738907715403,208.7667379283747,215.34304130193917,-15.623991911514132,33.02404953338202,
feature_set,F0 Capacity,8,8.0,32,4,"{""model__alpha"": 10000.0}",27.45082009543662,185.72838225049324,195.71963001609254,-1.0251543144172457,29.22503770466819,
feature_set,F1 ΔQ,1,3.6,33,3,"{""model__alpha"": 1.0}",0.678329817618438,8.013615515043739,10.881951268435014,-2.6250060227120735,0.44906543549432015,
feature_set,F1 ΔQ,2,4.0,34,2,"{""model__alpha"": 0.1}",11.403319434564759,139.8565062379614,140.433291912495,-78885.03790952015,11.403319434564759,
feature_set,F1 ΔQ,3,4.4,35,1,"{""model__alpha"": 1.0}",7.304068523952608,78.44569594725101,78.44569594725101,,7.304068523952608,
feature_set,F1 ΔQ,4,4.8,34,2,"{""model__alpha"": 1.0}",12.144479419823071,77.88520965105965,106.80206306454566,0.16672651947964134,12.144479419823071,
feature_set,F1 ΔQ,5,5.4,26,10,"{""model__alpha"": 1.0}",12.246301864259435,94.70098841734469,107.7587300088603,0.378731128004239,10.75647685949496,
feature_set,F1 ΔQ,6,6.0,26,10,"{""model__alpha"": 1.0}",7.007506964952465,62.364618616043785,75.67595061139099,0.4194309218246095,6.956338214011142,
feature_set,F1 ΔQ,7,7.0,32,4,"{""model__alpha"": 1.0}",8.820916586663532,60.73934743977878,82.46061952310384,-1.4376245822312583,7.475885565263128,
feature_set,F1 ΔQ,8,8.0,32,4,"{""model__alpha"": 1.0}",4.969385260430152,34.31154637538887,36.81069106702394,0.9283630163945308,5.057200110794454,
feature_set,F2 ΔQ+Capacity,1,3.6,33,3,"{""model__alpha"": 0.0001}",1.3558832503141174,15.997857689142696,17.041715150382263,-7.890409855105155,1.6141243642586827,
feature_set,F2 ΔQ+Capacity,2,4.0,34,2,"{""model__alpha"": 0.0001}",11.079861581511674,135.8913942051089,136.10200955914033,-74094.02802414531,11.079861581511674,
feature_set,F2 ΔQ+Capacity,3,4.4,35,1,"{""model__alpha"": 0.1}",8.037781133239132,86.32576937098827,86.32576937098827,,8.037781133239132,
feature_set,F2 ΔQ+Capacity,4,4.8,34,2,"{""model__alpha"": 0.0001}",16.545222286171608,116.97680145612117,120.66642516573081,-0.06365593997201513,16.545222286171608,
feature_set,F2 ΔQ+Capacity,5,5.4,26,10,"{""model__alpha"": 0.0001}",10.080517052682305,80.95276871510848,96.6805862857109,0.49990418948959137,9.076403437016205,
feature_set,F2 ΔQ+Capacity,6,6.0,26,10,"{""model__alpha"": 1.0}",6.5728390058392945,57.19169104086884,74.8935266753724,0.43137402547852666,5.059267836737987,
feature_set,F2 ΔQ+Capacity,7,7.0,32,4,"{""model__alpha"": 1.0}",9.17216543635314,62.40002814882561,85.36342585122183,-1.6122654501011104,8.993049701449474,
feature_set,F2 ΔQ+Capacity,8,8.0,32,4,"{""model__alpha"": 0.0001}",1.7421826501214968,11.438739302003341,14.146623050205989,0.9894197747854935,1.246029078388008,
feature_set,F3 +Sensor,1,3.6,33,3,"{""model__alpha"": 0.0001}",12.088800547010075,142.94880541083458,143.62705832263384,-630.4917923187735,11.662158391573842,
feature_set,F3 +Sensor,2,4.0,34,2,"{""model__alpha"": 1.0}",9.922993141729911,121.70985139046059,122.17901270501852,-59709.84458229231,9.922993141729911,
feature_set,F3 +Sensor,3,4.4,35,1,"{""model__alpha"": 10.0}",10.167857936945381,109.2027942427934,109.2027942427934,,10.167857936945381,
feature_set,F3 +Sensor,4,4.8,34,2,"{""model__alpha"": 10.0}",13.298525491549151,89.54257597857742,103.86485523673002,0.21192869067522224,13.298525491549151,
feature_set,F3 +Sensor,5,5.4,26,10,"{""model__alpha"": 0.0001}",8.013861332499543,61.64224574507436,73.61215230397012,0.7100829896155308,9.880825560838272,
feature_set,F3 +Sensor,6,6.0,26,10,"{""model__alpha"": 0.01}",6.688411590987271,59.54158514092093,73.22620657464859,0.4564103192034723,6.837359569564747,
feature_set,F3 +Sensor,7,7.0,32,4,"{""model__alpha"": 10.0}",12.064596891628993,84.2142437906943,98.59493896715117,-2.484840290351771,13.60129765262422,
feature_set,F3 +Sensor,8,8.0,32,4,"{""model__alpha"": 10.0}",8.899648607720795,58.841092799645935,65.33472202449995,0.7743281211450492,10.442653407365073,
feature_set,F4 +Charging,1,3.6,33,3,"{""model__alpha"": 10.0}",4.940855960902144,58.20933593359283,70.3333181895141,-150.43190757798274,6.813683501419034,
feature_set,F4 +Charging,2,4.0,34,2,"{""model__alpha"": 10.0}",12.279123394193928,150.60893322391019,151.21415969146463,-91461.88836478305,12.279123394193928,
feature_set,F4 +Charging,3,4.4,35,1,"{""model__alpha"": 10.0}",10.686864955725198,114.77692962448862,114.77692962448862,,10.686864955725198,
feature_set,F4 +Charging,4,4.8,34,2,"{""model__alpha"": 10.0}",20.39210547297236,140.37554755780127,153.03543165638237,-0.7108512924432229,20.39210547297236,
feature_set,F4 +Charging,5,5.4,26,10,"{""model__alpha"": 10.0}",7.664343020717698,57.39237187881889,75.65405880314017,0.6937760664058421,4.224299061630883,
feature_set,F4 +Charging,6,6.0,26,10,"{""model__alpha"": 10.0}",6.172632215383308,55.62715901409365,69.28121655831994,0.5134033203097235,5.264118233191419,
feature_set,F4 +Charging,7,7.0,32,4,"{""model__alpha"": 10.0}",10.795620820935877,75.13095733558154,87.59944997353736,-1.7509100683514163,11.6074090397837,
feature_set,F4 +Charging,8,8.0,32,4,"{""model__alpha"": 10.0}",3.5340503749883685,31.324044207810857,52.964496918397614,0.8516938870513998,1.567955416619234,
model,Median Baseline,1,3.6,33,3,{},28.76314495667466,340.0,340.0480358223918,-3538.7755102040815,28.583545377438508,F1 ΔQ
model,Median Baseline,2,4.0,34,2,{},30.86015972856514,378.5,378.5003302508467,-573049.0,30.86015972856514,F1 ΔQ
model,Median Baseline,3,4.4,35,1,{},20.48417132216015,220.0,220.0,,20.48417132216015,F1 ΔQ
model,Median Baseline,4,4.8,34,2,{},18.121340273259595,117.0,156.54072952429985,-0.7901234567901234,18.121340273259595,F1 ΔQ
model,Median Baseline,5,5.4,26,10,{},15.534341999494409,110.1,143.28677538419237,-0.098466669769816,8.756345177664974,F1 ΔQ
model,Median Baseline,6,6.0,26,10,{},9.619999127144387,83.6,103.19011580573016,-0.07947932929178236,7.4023723783500115,F1 ΔQ
model,Median Baseline,7,7.0,32,4,{},29.659879488077134,194.0,201.06093603681447,-13.49202366015415,30.78568181818182,F1 ΔQ
model,Median Baseline,8,8.0,32,4,{},26.387482413955066,179.75,187.37062203024252,-0.856061432116388,27.453818582850843,F1 ΔQ
model,Linear Regression,1,3.6,33,3,{},1.2977064147516149,15.31042732181542,18.358303707971967,-9.317162705126652,0.9537468560870115,F1 ΔQ
model,Linear Regression,2,4.0,34,2,{},11.343187592335886,139.11897347084107,139.70234718963573,-78065.98324117408,11.343187592335886,F1 ΔQ
model,Linear Regression,3,4.4,35,1,{},6.920577425115818,74.32700154574388,74.32700154574388,,6.920577425115818,F1 ΔQ
model,Linear Regression,4,4.8,34,2,{},11.985679475610251,76.91903069615995,105.21394941066207,0.19132331429692762,11.985679475610251,F1 ΔQ
model,Linear Regression,5,5.4,26,10,{},12.224117356076878,95.0655234748165,108.7562164660139,0.36717613849448716,11.439857766821717,F1 ΔQ
model,Linear Regression,6,6.0,26,10,{},7.175122493508382,63.697733008423974,76.34248823995475,0.40915882578743046,6.909269942496168,F1 ΔQ
model,Linear Regression,7,7.0,32,4,{},9.40799665973911,64.23120204727189,85.59964928266989,-1.6267431286309688,9.016963684882631,F1 ΔQ
model,Linear Regression,8,8.0,32,4,{},5.299420428735649,36.26757126211973,38.54835445777882,0.9214400792272053,4.88188346022351,F1 ΔQ
model,Ridge,1,3.6,33,3,"{""model__alpha"": 1.0}",0.678329817618438,8.013615515043739,10.881951268435014,-2.6250060227120735,0.44906543549432015,F1 ΔQ
model,Ridge,2,4.0,34,2,"{""model__alpha"": 0.1}",11.403319434564759,139.8565062379614,140.433291912495,-78885.03790952015,11.403319434564759,F1 ΔQ
model,Ridge,3,4.4,35,1,"{""model__alpha"": 1.0}",7.304068523952608,78.44569594725101,78.44569594725101,,7.304068523952608,F1 ΔQ
model,Ridge,4,4.8,34,2,"{""model__alpha"": 1.0}",12.144479419823071,77.88520965105965,106.80206306454566,0.16672651947964134,12.144479419823071,F1 ΔQ
model,Ridge,5,5.4,26,10,"{""model__alpha"": 1.0}",12.246301864259435,94.70098841734469,107.7587300088603,0.378731128004239,10.75647685949496,F1 ΔQ
model,Ridge,6,6.0,26,10,"{""model__alpha"": 1.0}",7.007506964952465,62.364618616043785,75.67595061139099,0.4194309218246095,6.956338214011142,F1 ΔQ
model,Ridge,7,7.0,32,4,"{""model__alpha"": 1.0}",8.820916586663532,60.73934743977878,82.46061952310384,-1.4376245822312583,7.475885565263128,F1 ΔQ
model,Ridge,8,8.0,32,4,"{""model__alpha"": 1.0}",4.969385260430152,34.31154637538887,36.81069106702394,0.9283630163945308,5.057200110794454,F1 ΔQ
model,ElasticNet,1,3.6,33,3,"{""model__alpha"": 0.1, ""model__l1_ratio"": 0.5}",0.8230152007934364,9.737373414500022,10.092603785997136,-2.118183199422155,0.9344782055163423,F1 ΔQ
model,ElasticNet,2,4.0,34,2,"{""model__alpha"": 0.01, ""model__l1_ratio"": 0.5}",11.445873526044092,140.37844329622726,140.95061469429453,-79467.3031307979,11.445873526044092,F1 ΔQ
model,ElasticNet,3,4.4,35,1,"{""model__alpha"": 0.1, ""model__l1_ratio"": 0.9}",7.0645505541957325,75.87327295206217,75.87327295206217,,7.0645505541957325,F1 ΔQ
model,ElasticNet,4,4.8,34,2,"{""model__alpha"": 0.1, ""model__l1_ratio"": 0.5}",12.251879904220859,78.53866131494755,107.87656612128171,0.14987555569294586,12.251879904220859,F1 ΔQ
model,ElasticNet,5,5.4,26,10,"{""model__alpha"": 1.0, ""model__l1_ratio"": 0.9}",12.281153498587223,94.12830758898829,106.61401479131385,0.39186043158799977,9.682892478324524,F1 ΔQ
model,ElasticNet,6,6.0,26,10,"{""model__alpha"": 1.0, ""model__l1_ratio"": 0.9}",6.884607026858147,61.333534272220504,74.88042351219771,0.43157297851157816,7.115761340297549,F1 ΔQ
model,ElasticNet,7,7.0,32,4,"{""model__alpha"": 0.1, ""model__l1_ratio"": 0.1}",7.849686095931931,54.97544369538102,78.36203268615488,-1.2013293302405472,5.954756004576406,F1 ΔQ
model,ElasticNet,8,8.0,32,4,"{""model__alpha"": 0.1, ""model__l1_ratio"": 0.5}",4.777705650033124,33.17551566041848,36.259585177869255,0.9304919648683813,4.674022704964437,F1 ΔQ
model,Gradient Boosting,1,3.6,33,3,"{""model__learning_rate"": 0.05, ""model__max_depth"": 2, ""model__min_samples_leaf"": 3, ""model__n_estimators"": 100, ""model__subsample"": 0.7}",3.5097418503788482,41.511732900491324,41.90334873334589,-52.75175413474695,3.266474376632004,F1 ΔQ
model,Gradient Boosting,2,4.0,34,2,"{""model__learning_rate"": 0.1, ""model__max_depth"": 1, ""model__min_samples_leaf"": 3, ""model__n_estimators"": 100, ""model__subsample"": 0.7}",5.637193128504898,69.14036606274908,69.14217395548786,-19121.560877163778,5.637193128504898,F1 ΔQ
model,Gradient Boosting,3,4.4,35,1,"{""model__learning_rate"": 0.1, ""model__max_depth"": 1, ""model__min_samples_leaf"": 3, ""model__n_estimators"": 100, ""model__subsample"": 1.0}",12.900220727474828,138.54837061307967,138.54837061307967,,12.900220727474828,F1 ΔQ
model,Gradient Boosting,4,4.8,34,2,"{""model__learning_rate"": 0.1, ""model__max_depth"": 1, ""model__min_samples_leaf"": 3, ""model__n_estimators"": 100, ""model__subsample"": 0.7}",9.346851339702432,60.19234387554769,81.29521569826696,0.5172100156747935,9.346851339702432,F1 ΔQ
model,Gradient Boosting,5,5.4,26,10,"{""model__learning_rate"": 0.05, ""model__max_depth"": 2, ""model__min_samples_leaf"": 3, ""model__n_estimators"": 200, ""model__subsample"": 0.7}",13.52460704050803,109.15819018213037,118.49355841548035,0.24878517668620814,13.13500202086462,F1 ΔQ
model,Gradient Boosting,6,6.0,26,10,"{""model__learning_rate"": 0.1, ""model__max_depth"": 1, ""model__min_samples_leaf"": 3, ""model__n_estimators"": 100, ""model__subsample"": 1.0}",12.210558195073999,109.24499800969622,131.69019006462216,-0.7581056912122941,10.207742291962871,F1 ΔQ
model,Gradient Boosting,7,7.0,32,4,"{""model__learning_rate"": 0.1, ""model__max_depth"": 1, ""model__min_samples_leaf"": 3, ""model__n_estimators"": 50, ""model__subsample"": 1.0}",6.547245740296424,46.56346614326384,70.20689963935318,-0.7669864696075315,3.0680468072651483,F1 ΔQ
model,Gradient Boosting,8,8.0,32,4,"{""model__learning_rate"": 0.1, ""model__max_depth"": 2, ""model__min_samples_leaf"": 3, ""model__n_estimators"": 50, ""model__subsample"": 1.0}",5.429192379321874,40.28082249558258,49.01762564234367,0.8729736290685489,4.69399024026127,F1 ΔQ
