batch,global_cell_id,cycle_life,target_available,life_group,split,split_seed
Batch 1,Batch1_000,1190.0,True,"장수명(>1,000)",development,20261002
Batch 1,Batch1_001,1179.0,True,"장수명(>1,000)",development,20261002
Batch 1,Batch1_002,1177.0,True,"장수명(>1,000)",development,20261002
Batch 1,Batch1_003,1226.0,True,"장수명(>1,000)",development,20261002
Batch 1,Batch1_004,1227.0,True,"장수명(>1,000)",development,20261002
Batch 1,Batch1_005,1074.0,True,"장수명(>1,000)",development,20261002
Batch 1,Batch1_006,636.0,True,"중간수명(500~1,000)",development,20261002
Batch 1,Batch1_007,870.0,True,"중간수명(500~1,000)",development,20261002
Batch 1,Batch1_008,879.0,True,"중간수명(500~1,000)",holdout,20261002
Batch 1,Batch1_009,1054.0,True,"장수명(>1,000)",development,20261002
Batch 1,Batch1_010,906.0,True,"중간수명(500~1,000)",development,20261002
Batch 1,Batch1_011,788.0,True,"중간수명(500~1,000)",development,20261002
Batch 1,Batch1_012,902.0,True,"중간수명(500~1,000)",development,20261002
Batch 1,Batch1_013,897.0,True,"중간수명(500~1,000)",development,20261002
Batch 1,Batch1_014,880.0,True,"중간수명(500~1,000)",holdout,20261002
Batch 1,Batch1_015,719.0,True,"중간수명(500~1,000)",development,20261002
Batch 1,Batch1_016,862.0,True,"중간수명(500~1,000)",development,20261002
Batch 1,Batch1_017,857.0,True,"중간수명(500~1,000)",holdout,20261002
Batch 1,Batch1_018,691.0,True,"중간수명(500~1,000)",development,20261002
Batch 1,Batch1_019,788.0,True,"중간수명(500~1,000)",development,20261002
Batch 1,Batch1_020,534.0,True,"중간수명(500~1,000)",development,20261002
Batch 1,Batch1_021,559.0,True,"중간수명(500~1,000)",holdout,20261002
Batch 1,Batch1_022,891.0,True,"중간수명(500~1,000)",holdout,20261002
Batch 1,Batch1_023,1014.0,True,"장수명(>1,000)",development,20261002
Batch 1,Batch1_024,1017.0,True,"장수명(>1,000)",development,20261002
Batch 1,Batch1_025,854.0,True,"중간수명(500~1,000)",development,20261002
Batch 1,Batch1_026,870.0,True,"중간수명(500~1,000)",development,20261002
Batch 1,Batch1_027,842.0,True,"중간수명(500~1,000)",development,20261002
Batch 1,Batch1_028,860.0,True,"중간수명(500~1,000)",development,20261002
Batch 1,Batch1_029,917.0,True,"중간수명(500~1,000)",holdout,20261002
Batch 1,Batch1_030,709.0,True,"중간수명(500~1,000)",development,20261002
Batch 1,Batch1_031,876.0,True,"중간수명(500~1,000)",development,20261002
Batch 1,Batch1_032,731.0,True,"중간수명(500~1,000)",development,20261002
Batch 1,Batch1_033,757.0,True,"중간수명(500~1,000)",development,20261002
Batch 1,Batch1_034,742.0,True,"중간수명(500~1,000)",development,20261002
Batch 1,Batch1_035,703.0,True,"중간수명(500~1,000)",holdout,20261002
Batch 1,Batch1_036,704.0,True,"중간수명(500~1,000)",development,20261002
Batch 1,Batch1_037,648.0,True,"중간수명(500~1,000)",holdout,20261002
Batch 1,Batch1_038,617.0,True,"중간수명(500~1,000)",development,20261002
Batch 1,Batch1_039,625.0,True,"중간수명(500~1,000)",development,20261002
Batch 1,Batch1_040,966.0,True,"중간수명(500~1,000)",development,20261002
Batch 1,Batch1_041,1051.0,True,"장수명(>1,000)",holdout,20261002
Batch 1,Batch1_042,702.0,True,"중간수명(500~1,000)",development,20261002
Batch 1,Batch1_043,651.0,True,"중간수명(500~1,000)",development,20261002
Batch 1,Batch1_044,616.0,True,"중간수명(500~1,000)",development,20261002
Batch 1,Batch1_045,599.0,True,"중간수명(500~1,000)",holdout,20261002
Batch 2,Batch2_000,477.0,True,단수명(<500),external_test,20261002
Batch 2,Batch2_001,491.0,True,단수명(<500),external_test,20261002
Batch 2,Batch2_002,424.0,True,단수명(<500),external_test,20261002
Batch 2,Batch2_003,499.0,True,단수명(<500),external_test,20261002
Batch 2,Batch2_004,444.0,True,단수명(<500),external_test,20261002
Batch 2,Batch2_005,416.0,True,단수명(<500),external_test,20261002
Batch 2,Batch2_006,393.0,True,단수명(<500),external_test,20261002
Batch 2,Batch2_007,777.0,True,"중간수명(500~1,000)",external_test,20261002
Batch 2,Batch2_008,904.0,True,"중간수명(500~1,000)",external_test,20261002
Batch 2,Batch2_009,791.0,True,"중간수명(500~1,000)",external_test,20261002
Batch 2,Batch2_010,492.0,True,단수명(<500),external_test,20261002
Batch 2,Batch2_011,449.0,True,단수명(<500),external_test,20261002
Batch 2,Batch2_012,466.0,True,단수명(<500),external_test,20261002
Batch 2,Batch2_013,460.0,True,단수명(<500),external_test,20261002
Batch 2,Batch2_014,426.0,True,단수명(<500),external_test,20261002
Batch 2,Batch2_015,396.0,True,단수명(<500),external_test,20261002
Batch 2,Batch2_016,472.0,True,단수명(<500),external_test,20261002
Batch 2,Batch2_017,471.0,True,단수명(<500),external_test,20261002
Batch 2,Batch2_018,449.0,True,단수명(<500),external_test,20261002
Batch 2,Batch2_019,392.0,True,단수명(<500),external_test,20261002
Batch 2,Batch2_020,489.0,True,단수명(<500),external_test,20261002
Batch 2,Batch2_021,408.0,True,단수명(<500),external_test,20261002
Batch 2,Batch2_022,,False,Target 결측,excluded_target_missing,20261002
Batch 2,Batch2_023,,False,Target 결측,excluded_target_missing,20261002
Batch 2,Batch2_024,514.0,True,"중간수명(500~1,000)",external_test,20261002
Batch 2,Batch2_025,493.0,True,단수명(<500),external_test,20261002
Batch 2,Batch2_026,450.0,True,단수명(<500),external_test,20261002
Batch 2,Batch2_027,474.0,True,단수명(<500),external_test,20261002
Batch 2,Batch2_028,437.0,True,단수명(<500),external_test,20261002
Batch 2,Batch2_029,452.0,True,단수명(<500),external_test,20261002
Batch 2,Batch2_030,412.0,True,단수명(<500),external_test,20261002
Batch 2,Batch2_031,425.0,True,단수명(<500),external_test,20261002
Batch 2,Batch2_032,809.0,True,"중간수명(500~1,000)",external_test,20261002
Batch 2,Batch2_033,1140.0,True,"장수명(>1,000)",external_test,20261002
Batch 2,Batch2_034,1186.0,True,"장수명(>1,000)",external_test,20261002
Batch 2,Batch2_035,,False,Target 결측,excluded_target_missing,20261002
Batch 2,Batch2_036,,False,Target 결측,excluded_target_missing,20261002
Batch 2,Batch2_037,,False,Target 결측,excluded_target_missing,20261002
Batch 2,Batch2_038,,False,Target 결측,excluded_target_missing,20261002
Batch 2,Batch2_039,,False,Target 결측,excluded_target_missing,20261002
Batch 2,Batch2_040,,False,Target 결측,excluded_target_missing,20261002
Batch 2,Batch2_041,442.0,True,단수명(<500),external_test,20261002
Batch 2,Batch2_042,474.0,True,단수명(<500),external_test,20261002
Batch 2,Batch2_043,1029.0,True,"장수명(>1,000)",external_test,20261002
Batch 2,Batch2_044,841.0,True,"중간수명(500~1,000)",external_test,20261002
Batch 2,Batch2_045,997.0,True,"중간수명(500~1,000)",external_test,20261002
Batch 2,Batch2_046,503.0,True,"중간수명(500~1,000)",external_test,20261002
Batch 3,Batch3_000,1009.0,True,"장수명(>1,000)",additional_test,20261002
Batch 3,Batch3_001,1063.0,True,"장수명(>1,000)",additional_test,20261002
Batch 3,Batch3_002,1267.0,True,"장수명(>1,000)",additional_test,20261002
Batch 3,Batch3_003,1115.0,True,"장수명(>1,000)",additional_test,20261002
Batch 3,Batch3_004,1048.0,True,"장수명(>1,000)",additional_test,20261002
Batch 3,Batch3_005,828.0,True,"중간수명(500~1,000)",additional_test,20261002
Batch 3,Batch3_006,667.0,True,"중간수명(500~1,000)",additional_test,20261002
Batch 3,Batch3_007,1836.0,True,"장수명(>1,000)",additional_test,20261002
Batch 3,Batch3_008,828.0,True,"중간수명(500~1,000)",additional_test,20261002
Batch 3,Batch3_009,1039.0,True,"장수명(>1,000)",additional_test,20261002
Batch 3,Batch3_010,1078.0,True,"장수명(>1,000)",additional_test,20261002
Batch 3,Batch3_011,817.0,True,"중간수명(500~1,000)",additional_test,20261002
Batch 3,Batch3_012,932.0,True,"중간수명(500~1,000)",additional_test,20261002
Batch 3,Batch3_013,816.0,True,"중간수명(500~1,000)",additional_test,20261002
Batch 3,Batch3_014,858.0,True,"중간수명(500~1,000)",additional_test,20261002
Batch 3,Batch3_015,876.0,True,"중간수명(500~1,000)",additional_test,20261002
Batch 3,Batch3_016,1638.0,True,"장수명(>1,000)",additional_test,20261002
Batch 3,Batch3_017,1315.0,True,"장수명(>1,000)",additional_test,20261002
Batch 3,Batch3_018,1146.0,True,"장수명(>1,000)",additional_test,20261002
Batch 3,Batch3_019,1155.0,True,"장수명(>1,000)",additional_test,20261002
Batch 3,Batch3_020,813.0,True,"중간수명(500~1,000)",additional_test,20261002
Batch 3,Batch3_021,772.0,True,"중간수명(500~1,000)",additional_test,20261002
Batch 3,Batch3_022,1002.0,True,"장수명(>1,000)",additional_test,20261002
Batch 3,Batch3_023,,False,Target 결측,excluded_target_missing,20261002
Batch 3,Batch3_024,825.0,True,"중간수명(500~1,000)",additional_test,20261002
Batch 3,Batch3_025,989.0,True,"중간수명(500~1,000)",additional_test,20261002
Batch 3,Batch3_026,1028.0,True,"장수명(>1,000)",additional_test,20261002
Batch 3,Batch3_027,850.0,True,"중간수명(500~1,000)",additional_test,20261002
Batch 3,Batch3_028,541.0,True,"중간수명(500~1,000)",additional_test,20261002
Batch 3,Batch3_029,858.0,True,"중간수명(500~1,000)",additional_test,20261002
Batch 3,Batch3_030,935.0,True,"중간수명(500~1,000)",additional_test,20261002
Batch 3,Batch3_031,731.0,True,"중간수명(500~1,000)",additional_test,20261002
Batch 3,Batch3_032,,False,Target 결측,excluded_target_missing,20261002
Batch 3,Batch3_033,1284.0,True,"장수명(>1,000)",additional_test,20261002
Batch 3,Batch3_034,1158.0,True,"장수명(>1,000)",additional_test,20261002
Batch 3,Batch3_035,1093.0,True,"장수명(>1,000)",additional_test,20261002
Batch 3,Batch3_036,923.0,True,"중간수명(500~1,000)",additional_test,20261002
Batch 3,Batch3_037,1390.0,True,"장수명(>1,000)",additional_test,20261002
Batch 3,Batch3_038,1935.0,True,"장수명(>1,000)",additional_test,20261002
Batch 3,Batch3_039,1156.0,True,"장수명(>1,000)",additional_test,20261002
Batch 3,Batch3_040,796.0,True,"중간수명(500~1,000)",additional_test,20261002
Batch 3,Batch3_041,786.0,True,"중간수명(500~1,000)",additional_test,20261002
Batch 3,Batch3_042,1642.0,True,"장수명(>1,000)",additional_test,20261002
Batch 3,Batch3_043,1046.0,True,"장수명(>1,000)",additional_test,20261002
Batch 3,Batch3_044,940.0,True,"중간수명(500~1,000)",additional_test,20261002
Batch 3,Batch3_045,1801.0,True,"장수명(>1,000)",additional_test,20261002
