dataset,batch,global_cell_id,cycle_life,prediction,residual,absolute_error,ape_pct,error_direction,life_group,charging_policy,c_rate_stage1,switch_soc_pct,delta_q_iqr
Batch 2 Test,Batch 2,Batch2_006,393.0,612.2749247441318,219.2749247441318,219.2749247441318,55.79514624532615,과대 예측,단수명(<500),3.6C(9%)-5C,3.6,9.0,0.02999759075890851
Batch 2 Test,Batch 2,Batch2_018,449.0,656.1098650494372,207.1098650494372,207.1098650494372,46.126918719251044,과대 예측,단수명(<500),5.2C(50%)-4.25C,5.2,50.0,0.028188880083354018
Batch 3 Test,Batch 3,Batch3_038,1935.0,1084.2293931551078,-850.7706068448922,850.7706068448922,43.96747322195825,과소 예측,"장수명(>1,000)",5C(67%)-4C-newstructure,5.0,67.0,0.010523876880318805
Batch 2 Test,Batch 2,Batch2_031,425.0,606.9909282191982,181.99092821919817,181.99092821919817,42.82139487510545,과대 예측,단수명(<500),5.6C(26%)-4.5C,5.6,26.0,0.03021561822416055
Batch 2 Test,Batch 2,Batch2_015,396.0,565.3402692930799,169.34026929307993,169.34026929307993,42.76269426592928,과대 예측,단수명(<500),3.6C(9%)-5C,3.6,9.0,0.03193420141188377
Batch 2 Test,Batch 2,Batch2_024,514.0,733.731293625527,219.73129362552697,219.73129362552697,42.749278915472175,과대 예측,"중간수명(500~1,000)",4.8C(80%)-4.8C,4.8,80.0,0.02498607643996975
Batch 2 Test,Batch 2,Batch2_042,474.0,671.4693429879105,197.46934298791052,197.46934298791052,41.660198942597155,과대 예측,단수명(<500),5.2C(50%)-4.25C,5.2,50.0,0.02755511962822918
Batch 2 Test,Batch 2,Batch2_046,503.0,706.7392949482492,203.73929494824915,203.73929494824915,40.504830009592276,과대 예측,"중간수명(500~1,000)",4.8C(80%)-4.8C,4.8,80.0,0.0260998162060585
Batch 2 Test,Batch 2,Batch2_029,452.0,634.8249223998503,182.82492239985027,182.82492239985027,40.4479916813828,과대 예측,단수명(<500),5.2C(58%)-4C,5.2,58.0,0.02906713616698814
Batch 2 Test,Batch 2,Batch2_013,460.0,645.7386852330894,185.73868523308943,185.73868523308943,40.377975050671616,과대 예측,단수명(<500),4.65C(69%)-6C,4.65,69.0,0.028616814135990404
