candidate,outer_fold,repeat,fold,n_train,n_valid,best_params,mape_pct,mae,rmse,r2,mean_bias,over_prediction_pct
v1 F2 Ridge,1,1,1,28,8,"{""model__alpha"": 0.001}",2.9810263119352745,29.66263524469116,49.33687160283318,0.9410886024052956,-14.06621714190615,50.0
v1 F2 Ridge,2,1,2,29,7,"{""model__alpha"": 0.001}",8.089703799560908,56.485502139564346,71.394581890899,0.5908396270056684,19.69621314759117,42.857142857142854
v1 F2 Ridge,3,1,3,29,7,"{""model__alpha"": 0.001}",10.077396475587106,85.42913982186947,94.24718138380898,0.7210603577008028,38.66078317983795,71.42857142857143
v1 F2 Ridge,4,1,4,29,7,"{""model__alpha"": 1.0}",8.428828170661847,77.60330089932506,92.54948308206833,0.6886859138751253,-23.263033905942475,28.57142857142857
v1 F2 Ridge,5,1,5,29,7,"{""model__alpha"": 1.0}",8.372993950647809,65.76422925582986,76.56670591895114,0.8036772933485249,-11.98010719424918,42.857142857142854
v1 F2 Ridge,6,2,1,28,8,"{""model__alpha"": 1.0}",6.0351319712128895,58.64062360168455,63.95809839480533,0.8002349753858746,-18.20549493120501,37.5
v1 F2 Ridge,7,2,2,29,7,"{""model__alpha"": 0.001}",6.40934500562538,56.61852702456089,74.94895898254606,0.8482300528364572,20.227253242724633,57.14285714285714
v1 F2 Ridge,8,2,3,29,7,"{""model__alpha"": 1.0}",7.435234752386975,55.70821222967051,64.66965963767025,0.8660948188067072,-10.158688690929141,42.857142857142854
v1 F2 Ridge,9,2,4,29,7,"{""model__alpha"": 0.01}",7.939233865857805,74.93229190637622,95.81203706901483,0.7663820342787107,-50.87599757447246,28.57142857142857
v1 F2 Ridge,10,2,5,29,7,"{""model__alpha"": 1.0}",9.032604187537805,62.54406336306186,86.35861438400298,0.21827894796282699,50.673238992994875,71.42857142857143
v1 F2 Ridge,11,3,1,28,8,"{""model__alpha"": 1.0}",3.524574675778685,25.208527483936336,36.64518272195484,0.9380957561516775,19.14951369664766,75.0
v1 F2 Ridge,12,3,2,29,7,"{""model__alpha"": 1.0}",10.033735977016624,78.28964671093397,90.58960769918869,0.720120150247745,47.84155008242159,71.42857142857143
v1 F2 Ridge,13,3,3,29,7,"{""model__alpha"": 1.0}",7.4076221413768195,72.2523681820149,80.53728018065286,0.8485731798389654,-29.532785960190786,42.857142857142854
v1 F2 Ridge,14,3,4,29,7,"{""model__alpha"": 0.1}",8.324571345598851,76.23264349954914,97.30457303324783,0.7993602855995177,-26.57014021478738,42.857142857142854
v1 F2 Ridge,15,3,5,29,7,"{""model__alpha"": 0.001}",10.854558350234734,82.38730923013279,91.38674260061704,0.40737334411577764,-19.752838788818515,28.57142857142857
논문형 ElasticNet log(y),1,1,1,28,8,"{""regressor__model__alpha"": 0.1, ""regressor__model__l1_ratio"": 0.1}",5.152287427994693,39.02903087099749,57.497777167274734,0.9199874298446649,17.460849800693538,62.5
논문형 ElasticNet log(y),2,1,2,29,7,"{""regressor__model__alpha"": 0.1, ""regressor__model__l1_ratio"": 0.1}",5.580117695241015,36.388494349967765,62.33622162649263,0.6880794366447478,31.265616412161584,57.14285714285714
논문형 ElasticNet log(y),3,1,3,29,7,"{""regressor__model__alpha"": 0.01, ""regressor__model__l1_ratio"": 0.9}",7.590728471701838,65.48693796696797,72.52135027146593,0.8348398527930647,18.860339655881425,71.42857142857143
논문형 ElasticNet log(y),4,1,4,29,7,"{""regressor__model__alpha"": 0.1, ""regressor__model__l1_ratio"": 0.1}",6.023560063793238,59.04026124241856,80.54503546078199,0.7642083991274461,-34.50777551841853,42.857142857142854
논문형 ElasticNet log(y),5,1,5,29,7,"{""regressor__model__alpha"": 0.1, ""regressor__model__l1_ratio"": 0.1}",6.058970978299165,56.280454703352106,66.24355472817182,0.8530472000468899,-13.634151534726405,42.857142857142854
논문형 ElasticNet log(y),6,2,1,28,8,"{""regressor__model__alpha"": 0.1, ""regressor__model__l1_ratio"": 0.1}",7.565930369077073,79.27308687171681,93.85504172819762,0.5698265705696948,-7.197186943219506,37.5
논문형 ElasticNet log(y),7,2,2,29,7,"{""regressor__model__alpha"": 0.1, ""regressor__model__l1_ratio"": 0.1}",7.398159155370379,60.694136202813105,71.58011985926028,0.8615670685960315,21.550428779905683,57.14285714285714
논문형 ElasticNet log(y),8,2,3,29,7,"{""regressor__model__alpha"": 0.1, ""regressor__model__l1_ratio"": 0.1}",3.817120802429757,33.37487194173875,50.49476522222236,0.9183626412049276,-23.710246502000512,28.57142857142857
논문형 ElasticNet log(y),9,2,4,29,7,"{""regressor__model__alpha"": 0.1, ""regressor__model__l1_ratio"": 0.5}",10.133544870871448,92.14115641226564,119.70687256783516,0.6353264543903605,-39.73447226998188,42.857142857142854
논문형 ElasticNet log(y),10,2,5,29,7,"{""regressor__model__alpha"": 0.1, ""regressor__model__l1_ratio"": 0.1}",7.601854937388294,55.211093554626636,74.24272916487413,0.4222388531107878,28.089154941584006,85.71428571428571
논문형 ElasticNet log(y),11,3,1,28,8,"{""regressor__model__alpha"": 0.1, ""regressor__model__l1_ratio"": 0.1}",4.777804250661076,35.7272847343734,40.410614241132556,0.9247203582614821,-3.3654550399108416,37.5
논문형 ElasticNet log(y),12,3,2,29,7,"{""regressor__model__alpha"": 0.1, ""regressor__model__l1_ratio"": 0.1}",9.066109788703116,71.13022154188018,87.72912587103961,0.7375162159187478,14.98296410147142,42.857142857142854
논문형 ElasticNet log(y),13,3,3,29,7,"{""regressor__model__alpha"": 0.01, ""regressor__model__l1_ratio"": 0.9}",14.932029629580423,160.69187221201142,292.75680433784504,-1.0008884641314348,-115.76289389387773,42.857142857142854
논문형 ElasticNet log(y),14,3,4,29,7,"{""regressor__model__alpha"": 0.1, ""regressor__model__l1_ratio"": 0.5}",8.848977406825343,87.28309573027173,117.1402583247393,0.7092211911653006,-50.54766025677548,42.857142857142854
논문형 ElasticNet log(y),15,3,5,29,7,"{""regressor__model__alpha"": 0.1, ""regressor__model__l1_ratio"": 0.1}",3.639102144678373,31.905257213808472,47.352362688336875,0.840889773685901,-5.761813569936245,57.14285714285714
ΔQ 곡선 PLS log(y),1,1,1,28,8,"{""regressor__model__n_components"": 2}",7.60892021613527,75.14738905338363,106.61862588907593,0.7248799307458146,-54.28831107334945,50.0
ΔQ 곡선 PLS log(y),2,1,2,29,7,"{""regressor__model__n_components"": 3}",14.463948917151262,89.40757431795971,132.07929799681227,-0.4003369892619355,51.286903972627215,57.14285714285714
ΔQ 곡선 PLS log(y),3,1,3,29,7,"{""regressor__model__n_components"": 2}",16.96483206671781,141.58541659549138,165.4705536916575,0.14016535832160837,56.74655389753072,57.14285714285714
ΔQ 곡선 PLS log(y),4,1,4,29,7,"{""regressor__model__n_components"": 2}",6.781717877208353,60.45307334980053,73.57808178794211,0.8032350680328164,-39.95998465667987,28.57142857142857
ΔQ 곡선 PLS log(y),5,1,5,29,7,"{""regressor__model__n_components"": 5}",9.835552628604441,88.30181305572542,104.75822389459769,0.6324919469958554,3.8204952072631095,57.14285714285714
ΔQ 곡선 PLS log(y),6,2,1,28,8,"{""regressor__model__n_components"": 3}",6.997486353464128,66.11453046875326,79.71917413755091,0.689648428125204,-11.259733011435543,37.5
ΔQ 곡선 PLS log(y),7,2,2,29,7,"{""regressor__model__n_components"": 3}",8.193473836936322,69.8804667900353,82.90213060194478,0.8143110941449307,24.649192889445334,57.14285714285714
ΔQ 곡선 PLS log(y),8,2,3,29,7,"{""regressor__model__n_components"": 3}",12.859261453393971,89.33278826570088,118.66662847780387,0.5491278210275817,17.76087955302764,57.14285714285714
ΔQ 곡선 PLS log(y),9,2,4,29,7,"{""regressor__model__n_components"": 2}",9.480736700491384,84.56966477673157,105.4604868462013,0.7169614218017428,-45.83962982340245,42.857142857142854
ΔQ 곡선 PLS log(y),10,2,5,29,7,"{""regressor__model__n_components"": 1}",12.413808770728489,86.4074083163777,112.94012355769223,-0.33701719878861747,72.86155262183199,85.71428571428571
ΔQ 곡선 PLS log(y),11,3,1,28,8,"{""regressor__model__n_components"": 6}",13.089476280252738,86.8184247771058,136.69760124225493,0.1385929389621945,6.123738672216547,37.5
ΔQ 곡선 PLS log(y),12,3,2,29,7,"{""regressor__model__n_components"": 1}",14.741088749622039,112.98281752229195,139.4957810183077,0.33635317684115174,58.046161683322744,57.14285714285714
ΔQ 곡선 PLS log(y),13,3,3,29,7,"{""regressor__model__n_components"": 3}",9.16674593359869,81.00754826824081,91.58258659943711,0.8041900776300831,-1.9984137965356987,42.857142857142854
ΔQ 곡선 PLS log(y),14,3,4,29,7,"{""regressor__model__n_components"": 1}",9.601423173185282,93.33365643865018,113.86248677943995,0.7252664312521044,-67.22285712422979,14.285714285714285
ΔQ 곡선 PLS log(y),15,3,5,29,7,"{""regressor__model__n_components"": 4}",9.776457521207826,76.40519097449314,87.57333462092677,0.4557999706097191,-61.524736042053895,28.57142857142857
ΔQ 곡선 PCA-Ridge log(y),1,1,1,28,8,"{""regressor__model__alpha"": 100.0, ""regressor__pca__n_components"": 4}",5.04162976258219,49.25479929470339,69.81338093551844,0.8820403564958668,-28.365690122259053,50.0
ΔQ 곡선 PCA-Ridge log(y),2,1,2,29,7,"{""regressor__model__alpha"": 0.1, ""regressor__pca__n_components"": 4}",13.413811062040928,83.29355862487601,120.91270448124634,-0.1735644011616333,39.47972720277351,71.42857142857143
ΔQ 곡선 PCA-Ridge log(y),3,1,3,29,7,"{""regressor__model__alpha"": 100.0, ""regressor__pca__n_components"": 4}",13.242495176715522,110.67609484781754,128.59153156532142,0.4807240177053398,48.39289250333601,71.42857142857143
ΔQ 곡선 PCA-Ridge log(y),4,1,4,29,7,"{""regressor__model__alpha"": 100.0, ""regressor__pca__n_components"": 8}",8.07053403527445,72.73860235891627,91.71871601102231,0.6942498283091346,-50.25397985364053,28.57142857142857
ΔQ 곡선 PCA-Ridge log(y),5,1,5,29,7,"{""regressor__model__alpha"": 100.0, ""regressor__pca__n_components"": 6}",8.37911881274289,74.64407967250513,85.384384166963,0.7558551838093853,-9.76428649972138,42.857142857142854
ΔQ 곡선 PCA-Ridge log(y),6,2,1,28,8,"{""regressor__model__alpha"": 100.0, ""regressor__pca__n_components"": 4}",6.966307284198475,65.03871481067031,82.07268220998694,0.6710532339478443,-10.185792778792063,37.5
ΔQ 곡선 PCA-Ridge log(y),7,2,2,29,7,"{""regressor__model__alpha"": 100.0, ""regressor__pca__n_components"": 4}",7.768504628208574,66.93510748843129,83.67028561659556,0.8108540372392087,21.256798924479913,57.14285714285714
ΔQ 곡선 PCA-Ridge log(y),8,2,3,29,7,"{""regressor__model__alpha"": 10.0, ""regressor__pca__n_components"": 6}",12.480546141853752,86.26774547643954,119.62474948899813,0.5418176939973337,18.449856594624425,57.14285714285714
ΔQ 곡선 PCA-Ridge log(y),9,2,4,29,7,"{""regressor__model__alpha"": 100.0, ""regressor__pca__n_components"": 4}",8.095035294717112,74.96383127536379,95.4160957727653,0.7683088876862647,-60.23023973924775,28.57142857142857
ΔQ 곡선 PCA-Ridge log(y),10,2,5,29,7,"{""regressor__model__alpha"": 100.0, ""regressor__pca__n_components"": 4}",8.117365617654105,56.20166242914393,78.62306992735836,0.3520515258340353,48.074024923228976,71.42857142857143
ΔQ 곡선 PCA-Ridge log(y),11,3,1,28,8,"{""regressor__model__alpha"": 0.1, ""regressor__pca__n_components"": 8}",10.803951572588758,66.5465220219217,125.36095458775392,0.27554532212051164,42.569987409649514,75.0
ΔQ 곡선 PCA-Ridge log(y),12,3,2,29,7,"{""regressor__model__alpha"": 100.0, ""regressor__pca__n_components"": 4}",12.159787809640168,95.81117526673695,111.36595882447344,0.5770200365687689,56.69020496133219,71.42857142857143
ΔQ 곡선 PCA-Ridge log(y),13,3,3,29,7,"{""regressor__model__alpha"": 100.0, ""regressor__pca__n_components"": 4}",9.133912064815657,81.15720880563192,94.97855642546843,0.7893992014530484,-3.2316986558072522,42.857142857142854
ΔQ 곡선 PCA-Ridge log(y),14,3,4,29,7,"{""regressor__model__alpha"": 100.0, ""regressor__pca__n_components"": 4}",7.310725248059664,69.22695138400418,88.89082121154065,0.8325580646317696,-34.85440466084484,28.57142857142857
ΔQ 곡선 PCA-Ridge log(y),15,3,5,29,7,"{""regressor__model__alpha"": 10.0, ""regressor__pca__n_components"": 6}",9.429299213904187,73.74723012468742,86.8420760868274,0.46485042927376474,-55.98081774848398,28.57142857142857
다중 Cycle ΔQ PLS log(y),1,1,1,28,8,"{""regressor__model__n_components"": 1}",6.48039007108723,67.25560544563442,99.17433630311793,0.761957383282852,-54.29315174268041,37.5
다중 Cycle ΔQ PLS log(y),2,1,2,29,7,"{""regressor__model__n_components"": 1}",8.212402369795724,54.90017924774694,70.29127483355056,0.6033879576417762,29.905035729587894,71.42857142857143
다중 Cycle ΔQ PLS log(y),3,1,3,29,7,"{""regressor__model__n_components"": 1}",14.10586079312138,114.63606996613096,143.31926782308358,0.3549659218318091,69.40144037254939,57.14285714285714
다중 Cycle ΔQ PLS log(y),4,1,4,29,7,"{""regressor__model__n_components"": 4}",12.423909605330886,112.83831859162592,126.75049996609533,0.4160843179942162,-68.45421796723488,28.57142857142857
다중 Cycle ΔQ PLS log(y),5,1,5,29,7,"{""regressor__model__n_components"": 3}",9.193846744667031,84.2730596650551,94.27282313808007,0.7023789583020008,7.193208161111556,42.857142857142854
다중 Cycle ΔQ PLS log(y),6,2,1,28,8,"{""regressor__model__n_components"": 2}",16.686439679812597,166.20898606685023,190.0897962290025,-0.7645987928253886,33.87722282363369,50.0
다중 Cycle ΔQ PLS log(y),7,2,2,29,7,"{""regressor__model__n_components"": 1}",9.291137764027797,80.08553439449376,97.99319983379539,0.7405543154666732,3.3813981997507847,42.857142857142854
다중 Cycle ΔQ PLS log(y),8,2,3,29,7,"{""regressor__model__n_components"": 1}",6.9181218410537,58.82418070762541,74.90906472482,0.820334379965645,-25.110974329040605,42.857142857142854
다중 Cycle ΔQ PLS log(y),9,2,4,29,7,"{""regressor__model__n_components"": 1}",8.533066340130675,81.22759151251675,109.13835320863366,0.6968756092563095,-59.06746227200339,42.857142857142854
다중 Cycle ΔQ PLS log(y),10,2,5,29,7,"{""regressor__model__n_components"": 1}",9.538591402022522,65.95020167993918,83.40457127079308,0.27084445071710106,61.868918216727316,85.71428571428571
다중 Cycle ΔQ PLS log(y),11,3,1,28,8,"{""regressor__model__n_components"": 5}",11.319438539811383,89.3278721505007,103.64689123176372,0.5047788310227095,-29.80615960729969,50.0
다중 Cycle ΔQ PLS log(y),12,3,2,29,7,"{""regressor__model__n_components"": 1}",13.116287814369763,105.66559542122731,120.3150216811714,0.5063097145189515,33.90666163791905,57.14285714285714
다중 Cycle ΔQ PLS log(y),13,3,3,29,7,"{""regressor__model__n_components"": 1}",11.262552051154547,100.84498731130408,119.76510382866785,0.6651352176451,20.55199305077802,57.14285714285714
다중 Cycle ΔQ PLS log(y),14,3,4,29,7,"{""regressor__model__n_components"": 1}",7.440253332901034,72.46406904420294,104.97491478544077,0.7664814099262222,-44.4940379520205,42.857142857142854
다중 Cycle ΔQ PLS log(y),15,3,5,29,7,"{""regressor__model__n_components"": 1}",6.343625982125579,51.729642519120134,57.586082851042356,0.764684864381707,-18.33634994713137,28.57142857142857
다중 Cycle 원곡선 PLS log(y),1,1,1,28,8,"{""regressor__model__n_components"": 1}",8.414300477178923,84.94367992401608,116.12303194975112,0.6736430667494888,-66.18005775413111,37.5
다중 Cycle 원곡선 PLS log(y),2,1,2,29,7,"{""regressor__model__n_components"": 3}",10.896359063851627,70.49097867467117,84.98822407391663,0.4201968570626501,20.8830341343827,57.14285714285714
다중 Cycle 원곡선 PLS log(y),3,1,3,29,7,"{""regressor__model__n_components"": 3}",13.506846236041623,114.4778554477931,133.79090285519723,0.43788306827329193,24.910472701913687,57.14285714285714
다중 Cycle 원곡선 PLS log(y),4,1,4,29,7,"{""regressor__model__n_components"": 4}",8.8821574415613,78.22987367245901,96.61041021711105,0.6607665811531427,-36.78816754799004,57.14285714285714
다중 Cycle 원곡선 PLS log(y),5,1,5,29,7,"{""regressor__model__n_components"": 1}",9.727407385523097,87.27934687932131,93.07658689277825,0.7098841172378763,-36.33215537285946,42.857142857142854
다중 Cycle 원곡선 PLS log(y),6,2,1,28,8,"{""regressor__model__n_components"": 3}",11.053595626000844,106.49274515065989,139.5344936428773,0.04919484226767923,-6.178371152739203,50.0
다중 Cycle 원곡선 PLS log(y),7,2,2,29,7,"{""regressor__model__n_components"": 1}",11.357607571698322,101.59781141569296,129.26708778107383,0.5485283308410939,-14.343080987895421,42.857142857142854
다중 Cycle 원곡선 PLS log(y),8,2,3,29,7,"{""regressor__model__n_components"": 4}",11.479057271775659,85.72082466485243,106.66632399927126,0.6357069482649704,-20.57945755928873,28.57142857142857
다중 Cycle 원곡선 PLS log(y),9,2,4,29,7,"{""regressor__model__n_components"": 1}",11.603053778686956,105.79959014709912,126.81283105718043,0.5907464206019859,-34.67789647826736,42.857142857142854
다중 Cycle 원곡선 PLS log(y),10,2,5,29,7,"{""regressor__model__n_components"": 3}",11.889293377815912,81.98944868798341,113.34946957076285,-0.34672667100209487,81.80731752652494,85.71428571428571
다중 Cycle 원곡선 PLS log(y),11,3,1,28,8,"{""regressor__model__n_components"": 1}",8.68888759621004,68.88928212160555,77.57902835192311,0.7225560161677298,7.529982707400265,62.5
다중 Cycle 원곡선 PLS log(y),12,3,2,29,7,"{""regressor__model__n_components"": 1}",15.838625221443808,122.95610835497004,148.1603430324948,0.2513500086112266,50.566932339882655,57.14285714285714
다중 Cycle 원곡선 PLS log(y),13,3,3,29,7,"{""regressor__model__n_components"": 3}",11.25352438885575,99.73961038909025,117.99005904941598,0.6749877564633349,26.994131474827928,71.42857142857143
다중 Cycle 원곡선 PLS log(y),14,3,4,29,7,"{""regressor__model__n_components"": 1}",8.922562174169533,92.51324519998933,124.77758055392829,0.6700686993965721,-72.08662664365421,28.57142857142857
다중 Cycle 원곡선 PLS log(y),15,3,5,29,7,"{""regressor__model__n_components"": 3}",8.527526218062828,66.39608398258618,75.63244029682497,0.5940888200950766,-35.371527196603274,14.285714285714285
