candidate,dataset,global_cell_id,cycle_life,prediction,residual,ape_pct
v1 F2 Ridge,Batch 1 Hold-out,Batch1_008,879.0,971.9635991935891,92.96359919358906,10.576063617018097
v1 F2 Ridge,Batch 1 Hold-out,Batch1_014,880.0,877.8714814270128,-2.1285185729872182,0.24187711056672936
v1 F2 Ridge,Batch 1 Hold-out,Batch1_017,857.0,863.0603420841779,6.0603420841779325,0.7071577694490003
v1 F2 Ridge,Batch 1 Hold-out,Batch1_021,559.0,575.5652989163859,16.565298916385927,2.963380843718413
v1 F2 Ridge,Batch 1 Hold-out,Batch1_022,891.0,890.0500599139552,-0.9499400860447622,0.10661504893880608
v1 F2 Ridge,Batch 1 Hold-out,Batch1_029,917.0,814.9027789544746,-102.09722104552543,11.13382999405948
v1 F2 Ridge,Batch 1 Hold-out,Batch1_035,703.0,729.4524571199393,26.452457119939254,3.7627961763782727
v1 F2 Ridge,Batch 1 Hold-out,Batch1_037,648.0,690.3557551458038,42.355755145803755,6.536381966945023
v1 F2 Ridge,Batch 1 Hold-out,Batch1_041,1051.0,942.5621222824864,-108.43787771751363,10.317590648669233
v1 F2 Ridge,Batch 1 Hold-out,Batch1_045,599.0,620.2798584617937,21.27985846179365,3.552564016993932
v1 F2 Ridge,Batch 2 Test,Batch2_000,477.0,759.4367321856041,282.4367321856041,59.21105496553546
v1 F2 Ridge,Batch 2 Test,Batch2_001,491.0,639.588517687954,148.58851768795398,30.262427227689205
v1 F2 Ridge,Batch 2 Test,Batch2_002,424.0,490.76817149542137,66.76817149542137,15.747210258354096
v1 F2 Ridge,Batch 2 Test,Batch2_003,499.0,760.0700379983078,261.07003799830784,52.31864488944045
v1 F2 Ridge,Batch 2 Test,Batch2_004,444.0,429.726567590095,-14.273432409905013,3.214737029257886
v1 F2 Ridge,Batch 2 Test,Batch2_005,416.0,477.15450578458723,61.15450578458723,14.700602352064237
v1 F2 Ridge,Batch 2 Test,Batch2_006,393.0,667.3831488832069,274.3831488832069,69.81759513567606
v1 F2 Ridge,Batch 2 Test,Batch2_007,777.0,1037.3805822363313,260.3805822363313,33.51101444483028
v1 F2 Ridge,Batch 2 Test,Batch2_008,904.0,1059.445952357646,155.4459523576461,17.195348712128993
v1 F2 Ridge,Batch 2 Test,Batch2_009,791.0,1107.5348646534553,316.5348646534553,40.017049892977916
v1 F2 Ridge,Batch 2 Test,Batch2_010,492.0,767.233509479177,275.233509479177,55.94177021934491
v1 F2 Ridge,Batch 2 Test,Batch2_011,449.0,703.3241600321604,254.32416003216042,56.64235190025845
v1 F2 Ridge,Batch 2 Test,Batch2_012,466.0,468.3140340138122,2.314034013812204,0.49657382270648154
v1 F2 Ridge,Batch 2 Test,Batch2_013,460.0,709.339789744288,249.33978974428805,54.20430211832349
v1 F2 Ridge,Batch 2 Test,Batch2_014,426.0,410.855042951029,-15.14495704897098,3.5551542368476476
v1 F2 Ridge,Batch 2 Test,Batch2_015,396.0,542.8673670460862,146.8673670460862,37.08771895103187
v1 F2 Ridge,Batch 2 Test,Batch2_016,472.0,717.1193365134885,245.11933651348852,51.932062820654345
v1 F2 Ridge,Batch 2 Test,Batch2_017,471.0,660.7401785080942,189.74017850809423,40.28453896137882
v1 F2 Ridge,Batch 2 Test,Batch2_018,449.0,663.1946527573022,214.19465275730215,47.7048224403791
v1 F2 Ridge,Batch 2 Test,Batch2_019,392.0,521.0817638843022,129.08176388430218,32.92902139905668
v1 F2 Ridge,Batch 2 Test,Batch2_020,489.0,730.1742515012462,241.1742515012462,49.31988783256568
v1 F2 Ridge,Batch 2 Test,Batch2_021,408.0,626.6335819955469,218.63358199554693,53.58666225381052
v1 F2 Ridge,Batch 2 Test,Batch2_024,514.0,799.7890233818445,285.78902338184446,55.60097731164289
v1 F2 Ridge,Batch 2 Test,Batch2_025,493.0,708.2256624366586,215.22566243665858,43.65632098106665
v1 F2 Ridge,Batch 2 Test,Batch2_026,450.0,566.9156095703464,116.91560957034642,25.981246571188095
v1 F2 Ridge,Batch 2 Test,Batch2_027,474.0,634.9810134874094,160.98101348740943,33.96223913236486
v1 F2 Ridge,Batch 2 Test,Batch2_028,437.0,571.4800367404788,134.4800367404788,30.773463785006587
v1 F2 Ridge,Batch 2 Test,Batch2_029,452.0,763.2888580676092,311.2888580676092,68.86921638663921
v1 F2 Ridge,Batch 2 Test,Batch2_030,412.0,496.03185661707175,84.03185661707175,20.396081703172754
v1 F2 Ridge,Batch 2 Test,Batch2_031,425.0,692.7524669309413,267.7524669309413,63.00058045433913
v1 F2 Ridge,Batch 2 Test,Batch2_032,809.0,1106.77968590985,297.77968590985006,36.80836661432016
v1 F2 Ridge,Batch 2 Test,Batch2_033,1140.0,999.4751981204655,-140.5248018795345,12.32673700697671
v1 F2 Ridge,Batch 2 Test,Batch2_034,1186.0,1099.1199121756126,-86.88008782438737,7.325471148767907
v1 F2 Ridge,Batch 2 Test,Batch2_041,442.0,547.5980439603609,105.59804396036088,23.89096017202735
v1 F2 Ridge,Batch 2 Test,Batch2_042,474.0,786.4959911548893,312.49599115488934,65.92742429428046
v1 F2 Ridge,Batch 2 Test,Batch2_043,1029.0,1088.5257320969974,59.525732096997444,5.784813614868557
v1 F2 Ridge,Batch 2 Test,Batch2_044,841.0,1155.2332034816427,314.2332034816427,37.36423346987428
v1 F2 Ridge,Batch 2 Test,Batch2_045,997.0,1148.2574760348762,151.25747603487616,15.171261387650567
v1 F2 Ridge,Batch 2 Test,Batch2_046,503.0,801.4409572568452,298.4409572568452,59.332198261798254
v1 F2 Ridge,Batch 3 Test,Batch3_000,1009.0,984.227187943445,-24.77281205655504,2.4551845447527296
v1 F2 Ridge,Batch 3 Test,Batch3_001,1063.0,990.6527993901504,-72.34720060984955,6.805945494811811
v1 F2 Ridge,Batch 3 Test,Batch3_002,1267.0,1120.7607277789944,-146.23927222100565,11.542168288950721
v1 F2 Ridge,Batch 3 Test,Batch3_003,1115.0,932.8677043703574,-182.1322956296426,16.334735034048663
v1 F2 Ridge,Batch 3 Test,Batch3_004,1048.0,983.2231660907207,-64.77683390927928,6.180995602030466
v1 F2 Ridge,Batch 3 Test,Batch3_005,828.0,838.0740250992163,10.074025099216328,1.2166696979729865
v1 F2 Ridge,Batch 3 Test,Batch3_006,667.0,744.7614555004428,77.76145550044282,11.658389130501172
v1 F2 Ridge,Batch 3 Test,Batch3_007,1836.0,1045.1253116566083,-790.8746883433917,43.07596341739605
v1 F2 Ridge,Batch 3 Test,Batch3_008,828.0,883.0488526987891,55.04885269878912,6.648412161689507
v1 F2 Ridge,Batch 3 Test,Batch3_009,1039.0,851.3638840758554,-187.63611592414463,18.059298933988895
v1 F2 Ridge,Batch 3 Test,Batch3_010,1078.0,1003.5723319691547,-74.42766803084533,6.904236366497711
v1 F2 Ridge,Batch 3 Test,Batch3_011,817.0,803.9326176932141,-13.06738230678593,1.5994347988722069
v1 F2 Ridge,Batch 3 Test,Batch3_012,932.0,870.2736144541888,-61.72638554581124,6.6230027409668715
v1 F2 Ridge,Batch 3 Test,Batch3_013,816.0,903.344864732945,87.34486473294498,10.704027540802082
v1 F2 Ridge,Batch 3 Test,Batch3_014,858.0,883.04299919156,25.042999191560057,2.918764474540799
v1 F2 Ridge,Batch 3 Test,Batch3_015,876.0,861.1111547177833,-14.888845282216721,1.6996398723991692
v1 F2 Ridge,Batch 3 Test,Batch3_016,1638.0,1063.3355599514139,-574.6644400485861,35.083299148265326
v1 F2 Ridge,Batch 3 Test,Batch3_017,1315.0,1040.9573250610545,-274.04267493894554,20.839747143646047
v1 F2 Ridge,Batch 3 Test,Batch3_018,1146.0,1007.7730283227258,-138.22697167727415,12.061690373235091
v1 F2 Ridge,Batch 3 Test,Batch3_019,1155.0,992.6009870379374,-162.39901296206256,14.060520602775977
v1 F2 Ridge,Batch 3 Test,Batch3_020,813.0,893.5301617177741,80.53016171777415,9.905308944375664
v1 F2 Ridge,Batch 3 Test,Batch3_021,772.0,863.8232679124735,91.82326791247351,11.894205688144236
v1 F2 Ridge,Batch 3 Test,Batch3_022,1002.0,845.7540986960386,-156.24590130396143,15.593403323748644
v1 F2 Ridge,Batch 3 Test,Batch3_024,825.0,823.9500970867005,-1.0499029132995474,0.12726095918782393
v1 F2 Ridge,Batch 3 Test,Batch3_025,989.0,924.8108796363686,-64.18912036363145,6.490305395716021
v1 F2 Ridge,Batch 3 Test,Batch3_026,1028.0,1012.933091954993,-15.06690804500704,1.465652533560996
v1 F2 Ridge,Batch 3 Test,Batch3_027,850.0,905.3968627600381,55.39686276003806,6.517277971769183
v1 F2 Ridge,Batch 3 Test,Batch3_028,541.0,591.8028160836022,50.80281608360224,9.390539017301707
v1 F2 Ridge,Batch 3 Test,Batch3_029,858.0,891.8698346651469,33.86983466514687,3.9475331777560454
v1 F2 Ridge,Batch 3 Test,Batch3_030,935.0,939.2845736183639,4.284573618363879,0.4582431677394523
v1 F2 Ridge,Batch 3 Test,Batch3_031,731.0,784.924787302887,53.92478730288701,7.3768518882198375
v1 F2 Ridge,Batch 3 Test,Batch3_033,1284.0,1011.3283649397592,-272.67163506024076,21.23610864955146
v1 F2 Ridge,Batch 3 Test,Batch3_034,1158.0,980.1840985879903,-177.81590141200968,15.355431900864394
v1 F2 Ridge,Batch 3 Test,Batch3_035,1093.0,955.5618759284941,-137.43812407150585,12.574393785133198
v1 F2 Ridge,Batch 3 Test,Batch3_036,923.0,949.2022659554026,26.202265955402595,2.8388153797835964
v1 F2 Ridge,Batch 3 Test,Batch3_037,1390.0,1117.574353127989,-272.42564687201093,19.598967400864094
v1 F2 Ridge,Batch 3 Test,Batch3_038,1935.0,1032.931975605378,-902.068024394622,46.61850255269364
v1 F2 Ridge,Batch 3 Test,Batch3_039,1156.0,950.3448215986651,-205.65517840133487,17.790240346136237
v1 F2 Ridge,Batch 3 Test,Batch3_040,796.0,962.4013093213057,166.4013093213057,20.904687100666543
v1 F2 Ridge,Batch 3 Test,Batch3_041,786.0,912.9107259608031,126.91072596080312,16.146402793995307
v1 F2 Ridge,Batch 3 Test,Batch3_042,1642.0,1200.4265192087876,-441.57348079121243,26.892416613350328
v1 F2 Ridge,Batch 3 Test,Batch3_043,1046.0,1085.5029174362553,39.5029174362553,3.7765695445750764
v1 F2 Ridge,Batch 3 Test,Batch3_044,940.0,927.547527936212,-12.452472063788036,1.3247310706157485
v1 F2 Ridge,Batch 3 Test,Batch3_045,1801.0,1065.5499075488337,-735.4500924511663,40.83565199617802
논문형 ElasticNet log(y),Batch 1 Hold-out,Batch1_008,879.0,964.6593850803685,85.65938508036845,9.745095003454885
논문형 ElasticNet log(y),Batch 1 Hold-out,Batch1_014,880.0,859.0945828436664,-20.905417156333556,2.375615585946995
논문형 ElasticNet log(y),Batch 1 Hold-out,Batch1_017,857.0,819.0962175208541,-37.90378247914589,4.422845096749812
논문형 ElasticNet log(y),Batch 1 Hold-out,Batch1_021,559.0,562.3090579387002,3.309057938700221,0.5919602752594313
논문형 ElasticNet log(y),Batch 1 Hold-out,Batch1_022,891.0,869.0026274131542,-21.997372586845813,2.468840918837914
논문형 ElasticNet log(y),Batch 1 Hold-out,Batch1_029,917.0,834.1071538658914,-82.8928461341086,9.039568825966041
논문형 ElasticNet log(y),Batch 1 Hold-out,Batch1_035,703.0,768.5954195655278,65.59541956552778,9.330785144456298
논문형 ElasticNet log(y),Batch 1 Hold-out,Batch1_037,648.0,755.9334340764569,107.93343407645693,16.65639414760138
논문형 ElasticNet log(y),Batch 1 Hold-out,Batch1_041,1051.0,897.9172459955703,-153.08275400442972,14.565438059412914
논문형 ElasticNet log(y),Batch 1 Hold-out,Batch1_045,599.0,652.8037125091071,53.80371250910707,8.982255844592165
논문형 ElasticNet log(y),Batch 2 Test,Batch2_000,477.0,743.1872495199532,266.1872495199532,55.80445482598599
논문형 ElasticNet log(y),Batch 2 Test,Batch2_001,491.0,551.2700864233387,60.27008642333874,12.274966684997707
논문형 ElasticNet log(y),Batch 2 Test,Batch2_002,424.0,596.105016349014,172.10501634901402,40.59080574269199
논문형 ElasticNet log(y),Batch 2 Test,Batch2_003,499.0,693.5283639041453,194.5283639041453,38.98364006095096
논문형 ElasticNet log(y),Batch 2 Test,Batch2_004,444.0,619.5922204395516,175.59222043955162,39.54779739629541
논문형 ElasticNet log(y),Batch 2 Test,Batch2_005,416.0,466.3374956316125,50.33749563161251,12.10035952682993
논문형 ElasticNet log(y),Batch 2 Test,Batch2_006,393.0,671.502368784715,278.50236878471503,70.86574269331172
논문형 ElasticNet log(y),Batch 2 Test,Batch2_007,777.0,1096.7991858743837,319.79918587438374,41.15819638022957
논문형 ElasticNet log(y),Batch 2 Test,Batch2_008,904.0,973.1281504269372,69.12815042693717,7.646919295015174
논문형 ElasticNet log(y),Batch 2 Test,Batch2_009,791.0,1134.9159350818547,343.91593508185474,43.478626432598574
논문형 ElasticNet log(y),Batch 2 Test,Batch2_010,492.0,844.6055747958394,352.6055747958394,71.66779975525192
논문형 ElasticNet log(y),Batch 2 Test,Batch2_011,449.0,795.3849083765505,346.38490837655047,77.14585932662594
논문형 ElasticNet log(y),Batch 2 Test,Batch2_012,466.0,626.7502102484563,160.75021024845626,34.495753272200915
논문형 ElasticNet log(y),Batch 2 Test,Batch2_013,460.0,662.8749165676788,202.87491656767884,44.1032427321041
논문형 ElasticNet log(y),Batch 2 Test,Batch2_014,426.0,534.7390845512738,108.73908455127378,25.525606702176944
논문형 ElasticNet log(y),Batch 2 Test,Batch2_015,396.0,699.6924269729907,303.6924269729907,76.69000681136129
논문형 ElasticNet log(y),Batch 2 Test,Batch2_016,472.0,717.1509345973902,245.15093459739023,51.93875732995556
논문형 ElasticNet log(y),Batch 2 Test,Batch2_017,471.0,761.2833825488958,290.2833825488958,61.63129141165516
논문형 ElasticNet log(y),Batch 2 Test,Batch2_018,449.0,784.8501319919005,335.8501319919005,74.79958396256137
논문형 ElasticNet log(y),Batch 2 Test,Batch2_019,392.0,592.4662464151764,200.46624641517644,51.13934857530011
논문형 ElasticNet log(y),Batch 2 Test,Batch2_020,489.0,758.9347963456227,269.93479634562266,55.20138984573061
논문형 ElasticNet log(y),Batch 2 Test,Batch2_021,408.0,617.2052431776135,209.2052431776135,51.275794896473904
논문형 ElasticNet log(y),Batch 2 Test,Batch2_024,514.0,863.9270139996605,349.9270139996605,68.07918560304678
논문형 ElasticNet log(y),Batch 2 Test,Batch2_025,493.0,824.2985672555468,331.2985672555468,67.20052074149022
논문형 ElasticNet log(y),Batch 2 Test,Batch2_026,450.0,695.8329002571306,245.83290025713063,54.62953339047347
논문형 ElasticNet log(y),Batch 2 Test,Batch2_027,474.0,766.2721017891126,292.27210178911264,61.66078096816723
논문형 ElasticNet log(y),Batch 2 Test,Batch2_028,437.0,763.0901378360697,326.09013783606974,74.6201688412059
논문형 ElasticNet log(y),Batch 2 Test,Batch2_029,452.0,863.6374081327294,411.63740813272943,91.07022303821448
논문형 ElasticNet log(y),Batch 2 Test,Batch2_030,412.0,642.3259361329538,230.32593613295376,55.90435343032858
논문형 ElasticNet log(y),Batch 2 Test,Batch2_031,425.0,690.1017759123822,265.1017759123822,62.37688844997229
논문형 ElasticNet log(y),Batch 2 Test,Batch2_032,809.0,899.5965596023156,90.59655960231555,11.198585859371514
논문형 ElasticNet log(y),Batch 2 Test,Batch2_033,1140.0,887.8345834201743,-252.16541657982566,22.11977338419523
논문형 ElasticNet log(y),Batch 2 Test,Batch2_034,1186.0,883.0819992308321,-302.91800076916786,25.541146776489704
논문형 ElasticNet log(y),Batch 2 Test,Batch2_041,442.0,653.5035932530458,211.50359325304578,47.85149168620945
논문형 ElasticNet log(y),Batch 2 Test,Batch2_042,474.0,806.7920038762034,332.79200387620335,70.20928351818637
논문형 ElasticNet log(y),Batch 2 Test,Batch2_043,1029.0,1109.0862298387199,80.08622983871987,7.782918351673457
논문형 ElasticNet log(y),Batch 2 Test,Batch2_044,841.0,1078.9257690975323,237.92576909753234,28.29081677735224
논문형 ElasticNet log(y),Batch 2 Test,Batch2_045,997.0,946.3915415807686,-50.6084584192314,5.0760740641154865
논문형 ElasticNet log(y),Batch 2 Test,Batch2_046,503.0,787.3273385101035,284.32733851010346,56.52630984296292
논문형 ElasticNet log(y),Batch 3 Test,Batch3_000,1009.0,878.9152043167064,-130.08479568329358,12.892447540465172
논문형 ElasticNet log(y),Batch 3 Test,Batch3_001,1063.0,847.1743370296834,-215.82566297031656,20.303449009437117
논문형 ElasticNet log(y),Batch 3 Test,Batch3_002,1267.0,944.9994249123739,-322.0005750876261,25.41441003059401
논문형 ElasticNet log(y),Batch 3 Test,Batch3_003,1115.0,778.0547882735625,-336.9452117264375,30.219301500128925
논문형 ElasticNet log(y),Batch 3 Test,Batch3_004,1048.0,884.0459647935487,-163.9540352064513,15.644469008249171
논문형 ElasticNet log(y),Batch 3 Test,Batch3_005,828.0,739.1648781854882,-88.83512181451181,10.728879446197078
논문형 ElasticNet log(y),Batch 3 Test,Batch3_006,667.0,560.4358893814382,-106.56411061856181,15.97662827864495
논문형 ElasticNet log(y),Batch 3 Test,Batch3_007,1836.0,943.5715466733627,-892.4284533266373,48.607214233476974
논문형 ElasticNet log(y),Batch 3 Test,Batch3_008,828.0,814.7935257093889,-13.20647429061114,1.5949848177066592
논문형 ElasticNet log(y),Batch 3 Test,Batch3_009,1039.0,805.8174216684071,-233.18257833159294,22.442981552607595
논문형 ElasticNet log(y),Batch 3 Test,Batch3_010,1078.0,895.1650494261418,-182.83495057385824,16.960570554161247
논문형 ElasticNet log(y),Batch 3 Test,Batch3_011,817.0,740.7422419940012,-76.25775800599877,9.333874908934977
논문형 ElasticNet log(y),Batch 3 Test,Batch3_012,932.0,805.167000311753,-126.83299968824701,13.608690953674573
논문형 ElasticNet log(y),Batch 3 Test,Batch3_013,816.0,799.0686899359398,-16.9313100640602,2.074915449026985
논문형 ElasticNet log(y),Batch 3 Test,Batch3_014,858.0,832.8337677455047,-25.1662322544953,2.9331273023887294
논문형 ElasticNet log(y),Batch 3 Test,Batch3_015,876.0,781.8003998017252,-94.19960019827477,10.753379018067896
논문형 ElasticNet log(y),Batch 3 Test,Batch3_016,1638.0,974.3826938170471,-663.6173061829529,40.51387705634633
논문형 ElasticNet log(y),Batch 3 Test,Batch3_017,1315.0,890.6976111283396,-424.30238887166036,32.26634135906162
논문형 ElasticNet log(y),Batch 3 Test,Batch3_018,1146.0,833.1980228885064,-312.80197711149356,27.2951114407935
논문형 ElasticNet log(y),Batch 3 Test,Batch3_019,1155.0,829.2691207187438,-325.7308792812562,28.20180772997889
논문형 ElasticNet log(y),Batch 3 Test,Batch3_020,813.0,802.0393428901841,-10.960657109815884,1.3481743062504163
논문형 ElasticNet log(y),Batch 3 Test,Batch3_021,772.0,641.3253079897703,-130.6746920102297,16.926773576454625
논문형 ElasticNet log(y),Batch 3 Test,Batch3_022,1002.0,735.3607865117733,-266.6392134882267,26.61069994892482
논문형 ElasticNet log(y),Batch 3 Test,Batch3_024,825.0,750.1650848966091,-74.83491510339093,9.070898800411022
논문형 ElasticNet log(y),Batch 3 Test,Batch3_025,989.0,786.9237333207849,-202.0762666792151,20.43238287959708
논문형 ElasticNet log(y),Batch 3 Test,Batch3_026,1028.0,856.8857788996434,-171.11422110035664,16.645352247116403
논문형 ElasticNet log(y),Batch 3 Test,Batch3_027,850.0,780.0776769569983,-69.92232304300171,8.226155652117848
논문형 ElasticNet log(y),Batch 3 Test,Batch3_028,541.0,495.4686173513194,-45.53138264868062,8.416152060754273
논문형 ElasticNet log(y),Batch 3 Test,Batch3_029,858.0,823.3811845870586,-34.618815412941444,4.034826971205296
논문형 ElasticNet log(y),Batch 3 Test,Batch3_030,935.0,844.288091802889,-90.71190819711103,9.701808363327382
논문형 ElasticNet log(y),Batch 3 Test,Batch3_031,731.0,740.1644182309501,9.164418230950105,1.253682384534898
논문형 ElasticNet log(y),Batch 3 Test,Batch3_033,1284.0,867.8311278165687,-416.1688721834313,32.41190593328904
논문형 ElasticNet log(y),Batch 3 Test,Batch3_034,1158.0,817.8294522051007,-340.17054779489933,29.375694973652795
논문형 ElasticNet log(y),Batch 3 Test,Batch3_035,1093.0,815.8599737051692,-277.1400262948308,25.35590359513548
논문형 ElasticNet log(y),Batch 3 Test,Batch3_036,923.0,791.226465243442,-131.77353475655798,14.276655986626
논문형 ElasticNet log(y),Batch 3 Test,Batch3_037,1390.0,993.7219671519973,-396.2780328480027,28.50921099625919
논문형 ElasticNet log(y),Batch 3 Test,Batch3_038,1935.0,885.623552108266,-1049.376447891734,54.231340976317
논문형 ElasticNet log(y),Batch 3 Test,Batch3_039,1156.0,818.2423431705312,-337.75765682946883,29.217790383172044
논문형 ElasticNet log(y),Batch 3 Test,Batch3_040,796.0,822.7272794121108,26.72727941211076,3.3576984186068795
논문형 ElasticNet log(y),Batch 3 Test,Batch3_041,786.0,783.9476653525021,-2.0523346474979007,0.26111127830762093
논문형 ElasticNet log(y),Batch 3 Test,Batch3_042,1642.0,1023.7073781520033,-618.2926218479967,37.65484907722269
논문형 ElasticNet log(y),Batch 3 Test,Batch3_043,1046.0,958.6720813720572,-87.32791862794284,8.348749390816716
논문형 ElasticNet log(y),Batch 3 Test,Batch3_044,940.0,848.4322070535363,-91.56779294646367,9.741254568772732
논문형 ElasticNet log(y),Batch 3 Test,Batch3_045,1801.0,1009.1575213170328,-791.8424786829672,43.96682280305204
ΔQ 곡선 PLS log(y),Batch 1 Hold-out,Batch1_008,879.0,886.2874725941134,7.28747259411341,0.8290640038809339
ΔQ 곡선 PLS log(y),Batch 1 Hold-out,Batch1_014,880.0,872.1915449369054,-7.808455063094584,0.8873244389880208
ΔQ 곡선 PLS log(y),Batch 1 Hold-out,Batch1_017,857.0,842.5355501022555,-14.464449897744544,1.6878004548126653
ΔQ 곡선 PLS log(y),Batch 1 Hold-out,Batch1_021,559.0,590.9945107237605,31.994510723760527,5.723526068651257
ΔQ 곡선 PLS log(y),Batch 1 Hold-out,Batch1_022,891.0,866.7267134140054,-24.273286585994583,2.7242745887760473
ΔQ 곡선 PLS log(y),Batch 1 Hold-out,Batch1_029,917.0,832.4885540251687,-84.5114459748313,9.216079168465791
ΔQ 곡선 PLS log(y),Batch 1 Hold-out,Batch1_035,703.0,788.4184953282102,85.41849532821016,12.150568325492198
ΔQ 곡선 PLS log(y),Batch 1 Hold-out,Batch1_037,648.0,699.8519004921184,51.851900492118375,8.00183649569728
ΔQ 곡선 PLS log(y),Batch 1 Hold-out,Batch1_041,1051.0,940.022776719301,-110.97722328069904,10.559202976279641
ΔQ 곡선 PLS log(y),Batch 1 Hold-out,Batch1_045,599.0,613.7532304030415,14.75323040304147,2.4629766949985763
ΔQ 곡선 PLS log(y),Batch 2 Test,Batch2_000,477.0,596.2643684373694,119.2643684373694,25.00301225102084
ΔQ 곡선 PLS log(y),Batch 2 Test,Batch2_001,491.0,576.636178622251,85.63617862225101,17.44117690880876
ΔQ 곡선 PLS log(y),Batch 2 Test,Batch2_002,424.0,570.7077372818886,146.70773728188863,34.6008814344077
ΔQ 곡선 PLS log(y),Batch 2 Test,Batch2_003,499.0,642.8956676010512,143.89566760105117,28.83680713447919
ΔQ 곡선 PLS log(y),Batch 2 Test,Batch2_004,444.0,491.4473503740777,47.4473503740777,10.686340174341824
ΔQ 곡선 PLS log(y),Batch 2 Test,Batch2_005,416.0,488.69947198639665,72.69947198639665,17.47583461211458
ΔQ 곡선 PLS log(y),Batch 2 Test,Batch2_006,393.0,638.6404672879672,245.64046728796723,62.503935696683776
ΔQ 곡선 PLS log(y),Batch 2 Test,Batch2_007,777.0,986.2361196716137,209.23611967161366,26.92871553045221
ΔQ 곡선 PLS log(y),Batch 2 Test,Batch2_008,904.0,932.7240775331529,28.724077533152922,3.1774422049947924
ΔQ 곡선 PLS log(y),Batch 2 Test,Batch2_009,791.0,1112.0887728942726,321.08877289427255,40.592765220514856
ΔQ 곡선 PLS log(y),Batch 2 Test,Batch2_010,492.0,664.0014193924176,172.00141939241757,34.95963808788975
ΔQ 곡선 PLS log(y),Batch 2 Test,Batch2_011,449.0,562.3491164701783,113.34911647017827,25.24479208689939
ΔQ 곡선 PLS log(y),Batch 2 Test,Batch2_012,466.0,477.55936035012377,11.559360350123768,2.4805494313570318
ΔQ 곡선 PLS log(y),Batch 2 Test,Batch2_013,460.0,619.3974177466296,159.39741774662957,34.651612553615124
ΔQ 곡선 PLS log(y),Batch 2 Test,Batch2_014,426.0,508.37547832884115,82.37547832884115,19.336966743859428
ΔQ 곡선 PLS log(y),Batch 2 Test,Batch2_015,396.0,595.4853600755516,199.48536007555163,50.3750909281696
ΔQ 곡선 PLS log(y),Batch 2 Test,Batch2_016,472.0,589.1205260693011,117.12052606930115,24.81367077739431
ΔQ 곡선 PLS log(y),Batch 2 Test,Batch2_017,471.0,618.6969403944192,147.69694039441924,31.358161442551857
ΔQ 곡선 PLS log(y),Batch 2 Test,Batch2_018,449.0,642.5924005607911,193.59240056079113,43.116347563650585
ΔQ 곡선 PLS log(y),Batch 2 Test,Batch2_019,392.0,555.9795857515933,163.97958575159328,41.83152697744726
ΔQ 곡선 PLS log(y),Batch 2 Test,Batch2_020,489.0,559.8289291731918,70.8289291731918,14.484443593699753
ΔQ 곡선 PLS log(y),Batch 2 Test,Batch2_021,408.0,542.8594436602914,134.8594436602914,33.053785210855736
ΔQ 곡선 PLS log(y),Batch 2 Test,Batch2_024,514.0,731.076571032146,217.07657103214603,42.23279592065098
ΔQ 곡선 PLS log(y),Batch 2 Test,Batch2_025,493.0,589.9755357626615,96.97553576266148,19.67049406950537
ΔQ 곡선 PLS log(y),Batch 2 Test,Batch2_026,450.0,509.40975682095086,59.40975682095086,13.202168182433525
ΔQ 곡선 PLS log(y),Batch 2 Test,Batch2_027,474.0,618.9058554869961,144.90585548699607,30.570855587973856
ΔQ 곡선 PLS log(y),Batch 2 Test,Batch2_028,437.0,571.6550804179876,134.65508041798762,30.81351954645026
ΔQ 곡선 PLS log(y),Batch 2 Test,Batch2_029,452.0,608.5534177100112,156.55341771001122,34.635711882745845
ΔQ 곡선 PLS log(y),Batch 2 Test,Batch2_030,412.0,479.85328120518454,67.85328120518454,16.469243010967123
ΔQ 곡선 PLS log(y),Batch 2 Test,Batch2_031,425.0,535.3784371889421,110.37843718894214,25.971396985633444
ΔQ 곡선 PLS log(y),Batch 2 Test,Batch2_032,809.0,987.8423196897045,178.84231968970448,22.106590814549378
ΔQ 곡선 PLS log(y),Batch 2 Test,Batch2_033,1140.0,1090.5556278426093,-49.44437215739072,4.337225627841291
ΔQ 곡선 PLS log(y),Batch 2 Test,Batch2_034,1186.0,1106.0384710298476,-79.96152897015236,6.742118800181481
ΔQ 곡선 PLS log(y),Batch 2 Test,Batch2_041,442.0,459.05101819115316,17.05101819115316,3.8576964233378197
ΔQ 곡선 PLS log(y),Batch 2 Test,Batch2_042,474.0,718.9636504867689,244.96365048676887,51.680095039402715
ΔQ 곡선 PLS log(y),Batch 2 Test,Batch2_043,1029.0,1330.6889490819694,301.68894908196944,29.31865394382599
ΔQ 곡선 PLS log(y),Batch 2 Test,Batch2_044,841.0,1001.1877877978324,160.18778779783236,19.047299381430722
ΔQ 곡선 PLS log(y),Batch 2 Test,Batch2_045,997.0,1036.9422752586297,39.94227525862971,4.006246264656942
ΔQ 곡선 PLS log(y),Batch 2 Test,Batch2_046,503.0,595.0242259618343,92.0242259618343,18.295074743903438
ΔQ 곡선 PLS log(y),Batch 3 Test,Batch3_000,1009.0,1003.0592558757398,-5.9407441242601635,0.5887754335242977
ΔQ 곡선 PLS log(y),Batch 3 Test,Batch3_001,1063.0,981.9151378719121,-81.08486212808793,7.627926822962176
ΔQ 곡선 PLS log(y),Batch 3 Test,Batch3_002,1267.0,1536.116590206186,269.11659020618595,21.240457001277502
ΔQ 곡선 PLS log(y),Batch 3 Test,Batch3_003,1115.0,939.4451080230792,-175.55489197692077,15.744833361158813
ΔQ 곡선 PLS log(y),Batch 3 Test,Batch3_004,1048.0,944.29247360948,-103.70752639052,9.895756334973282
ΔQ 곡선 PLS log(y),Batch 3 Test,Batch3_005,828.0,933.0193105414979,105.01931054149793,12.68349161129202
ΔQ 곡선 PLS log(y),Batch 3 Test,Batch3_006,667.0,778.3307659654498,111.33076596544981,16.691269260187376
ΔQ 곡선 PLS log(y),Batch 3 Test,Batch3_007,1836.0,1104.480930278824,-731.519069721176,39.843086586120705
ΔQ 곡선 PLS log(y),Batch 3 Test,Batch3_008,828.0,906.575947696132,78.57594769613195,9.48984875557149
ΔQ 곡선 PLS log(y),Batch 3 Test,Batch3_009,1039.0,860.9219511739191,-178.07804882608093,17.139369473155046
ΔQ 곡선 PLS log(y),Batch 3 Test,Batch3_010,1078.0,1040.206697562942,-37.793302437057946,3.505872211229865
ΔQ 곡선 PLS log(y),Batch 3 Test,Batch3_011,817.0,866.0466452196988,49.0466452196988,6.003261348800343
ΔQ 곡선 PLS log(y),Batch 3 Test,Batch3_012,932.0,843.412667421072,-88.587332578928,9.50507860288927
ΔQ 곡선 PLS log(y),Batch 3 Test,Batch3_013,816.0,876.4467446234155,60.4467446234155,7.407689292085233
ΔQ 곡선 PLS log(y),Batch 3 Test,Batch3_014,858.0,888.563382850666,30.563382850666017,3.5621658334109574
ΔQ 곡선 PLS log(y),Batch 3 Test,Batch3_015,876.0,871.0328431121934,-4.9671568878065955,0.5670270419870542
ΔQ 곡선 PLS log(y),Batch 3 Test,Batch3_016,1638.0,1211.7223181880784,-426.27768181192164,26.024278498896315
ΔQ 곡선 PLS log(y),Batch 3 Test,Batch3_017,1315.0,1102.3554055625023,-212.64459443749774,16.170691592205152
ΔQ 곡선 PLS log(y),Batch 3 Test,Batch3_018,1146.0,989.5390977497692,-156.4609022502308,13.652783791468655
ΔQ 곡선 PLS log(y),Batch 3 Test,Batch3_019,1155.0,985.7424300595909,-169.2575699404091,14.654335059775681
ΔQ 곡선 PLS log(y),Batch 3 Test,Batch3_020,813.0,896.2073249968245,83.20732499682447,10.234603320642616
ΔQ 곡선 PLS log(y),Batch 3 Test,Batch3_021,772.0,863.8060364450694,91.80603644506937,11.891973632781006
ΔQ 곡선 PLS log(y),Batch 3 Test,Batch3_022,1002.0,890.9929406979132,-111.00705930208676,11.07854883254359
ΔQ 곡선 PLS log(y),Batch 3 Test,Batch3_024,825.0,906.4037530679109,81.40375306791088,9.867121583989197
ΔQ 곡선 PLS log(y),Batch 3 Test,Batch3_025,989.0,933.7376071810954,-55.26239281890457,5.58770402617842
ΔQ 곡선 PLS log(y),Batch 3 Test,Batch3_026,1028.0,989.2061762773363,-38.79382372266366,3.7737182609595
ΔQ 곡선 PLS log(y),Batch 3 Test,Batch3_027,850.0,944.1439510229463,94.14395102294634,11.075758943876039
ΔQ 곡선 PLS log(y),Batch 3 Test,Batch3_028,541.0,698.2119099492618,157.21190994926178,29.059502763264653
ΔQ 곡선 PLS log(y),Batch 3 Test,Batch3_029,858.0,892.183809880201,34.18380988020101,3.9841270256644536
ΔQ 곡선 PLS log(y),Batch 3 Test,Batch3_030,935.0,916.9958738762544,-18.00412612374555,1.92557498649685
ΔQ 곡선 PLS log(y),Batch 3 Test,Batch3_031,731.0,793.1268870351767,62.12688703517665,8.498890155290924
ΔQ 곡선 PLS log(y),Batch 3 Test,Batch3_033,1284.0,1049.8780923028737,-234.1219076971263,18.23379343435563
ΔQ 곡선 PLS log(y),Batch 3 Test,Batch3_034,1158.0,1021.941045084152,-136.05895491584795,11.749477972007595
ΔQ 곡선 PLS log(y),Batch 3 Test,Batch3_035,1093.0,966.5346738935829,-126.46532610641714,11.570478143313553
ΔQ 곡선 PLS log(y),Batch 3 Test,Batch3_036,923.0,1019.866453802726,96.86645380272603,10.494740390327847
ΔQ 곡선 PLS log(y),Batch 3 Test,Batch3_037,1390.0,1335.4695914898928,-54.530408510107236,3.9230509719501607
ΔQ 곡선 PLS log(y),Batch 3 Test,Batch3_038,1935.0,1063.7030232066634,-871.2969767933366,45.02826753453936
ΔQ 곡선 PLS log(y),Batch 3 Test,Batch3_039,1156.0,1045.6214171616987,-110.37858283830133,9.54832031473195
ΔQ 곡선 PLS log(y),Batch 3 Test,Batch3_040,796.0,1007.1608294111232,211.16082941112325,26.527742388332065
ΔQ 곡선 PLS log(y),Batch 3 Test,Batch3_041,786.0,974.7029135625528,188.7029135625528,24.008004270044886
ΔQ 곡선 PLS log(y),Batch 3 Test,Batch3_042,1642.0,1623.6942713440535,-18.305728655946496,1.114843401701979
ΔQ 곡선 PLS log(y),Batch 3 Test,Batch3_043,1046.0,1453.6338121093577,407.6338121093577,38.970727735120235
ΔQ 곡선 PLS log(y),Batch 3 Test,Batch3_044,940.0,912.5823397633167,-27.417660236683332,2.91677236560461
ΔQ 곡선 PLS log(y),Batch 3 Test,Batch3_045,1801.0,1081.3497385906155,-719.6502614093845,39.95837098330841
ΔQ 곡선 PCA-Ridge log(y),Batch 1 Hold-out,Batch1_008,879.0,887.3346669949526,8.334666994952613,0.9481987480037103
ΔQ 곡선 PCA-Ridge log(y),Batch 1 Hold-out,Batch1_014,880.0,879.7143224797829,-0.28567752021706383,0.03246335457012089
ΔQ 곡선 PCA-Ridge log(y),Batch 1 Hold-out,Batch1_017,857.0,848.4776501830173,-8.522349816982683,0.9944398852955288
ΔQ 곡선 PCA-Ridge log(y),Batch 1 Hold-out,Batch1_021,559.0,594.730993720677,35.73099372067702,6.3919487872409695
ΔQ 곡선 PCA-Ridge log(y),Batch 1 Hold-out,Batch1_022,891.0,865.1168506506392,-25.883149349360792,2.904955033598293
ΔQ 곡선 PCA-Ridge log(y),Batch 1 Hold-out,Batch1_029,917.0,828.8460796295308,-88.15392037046922,9.613295569298716
ΔQ 곡선 PCA-Ridge log(y),Batch 1 Hold-out,Batch1_035,703.0,785.3274469141722,82.32744691417224,11.710874383239295
ΔQ 곡선 PCA-Ridge log(y),Batch 1 Hold-out,Batch1_037,648.0,711.0089345117958,63.008934511795815,9.723601004906762
ΔQ 곡선 PCA-Ridge log(y),Batch 1 Hold-out,Batch1_041,1051.0,934.4589100314356,-116.54108996856439,11.088590862851037
ΔQ 곡선 PCA-Ridge log(y),Batch 1 Hold-out,Batch1_045,599.0,604.533881391218,5.53388139121796,0.923853320737556
ΔQ 곡선 PCA-Ridge log(y),Batch 2 Test,Batch2_000,477.0,600.9567526997058,123.95675269970582,25.986740607904785
ΔQ 곡선 PCA-Ridge log(y),Batch 2 Test,Batch2_001,491.0,568.37594205073,77.37594205073003,15.758847668173123
ΔQ 곡선 PCA-Ridge log(y),Batch 2 Test,Batch2_002,424.0,578.4491268441453,154.44912684414533,36.426680859468235
ΔQ 곡선 PCA-Ridge log(y),Batch 2 Test,Batch2_003,499.0,652.2767649966602,153.27676499666018,30.71678657247699
ΔQ 곡선 PCA-Ridge log(y),Batch 2 Test,Batch2_004,444.0,491.30036434581604,47.300364345816035,10.65323521302163
ΔQ 곡선 PCA-Ridge log(y),Batch 2 Test,Batch2_005,416.0,474.3002168076179,58.300216807617915,14.014475194138923
ΔQ 곡선 PCA-Ridge log(y),Batch 2 Test,Batch2_006,393.0,648.349300444823,255.34930044482303,64.97437670351731
ΔQ 곡선 PCA-Ridge log(y),Batch 2 Test,Batch2_007,777.0,990.460876963897,213.46087696389702,27.472442337695885
ΔQ 곡선 PCA-Ridge log(y),Batch 2 Test,Batch2_008,904.0,949.0612384763765,45.0612384763765,4.984650273935454
ΔQ 곡선 PCA-Ridge log(y),Batch 2 Test,Batch2_009,791.0,1124.9317672286509,333.93176722865087,42.216405465063325
ΔQ 곡선 PCA-Ridge log(y),Batch 2 Test,Batch2_010,492.0,641.74558607906,149.74558607906,30.436094731516256
ΔQ 곡선 PCA-Ridge log(y),Batch 2 Test,Batch2_011,449.0,578.8505434141988,129.8505434141988,28.919942853941826
ΔQ 곡선 PCA-Ridge log(y),Batch 2 Test,Batch2_012,466.0,467.80496808555466,1.8049680855546626,0.3873322072005714
ΔQ 곡선 PCA-Ridge log(y),Batch 2 Test,Batch2_013,460.0,600.5060289418084,140.50602894180838,30.544788900393126
ΔQ 곡선 PCA-Ridge log(y),Batch 2 Test,Batch2_014,426.0,481.4129481282168,55.41294812821678,13.007734302398305
ΔQ 곡선 PCA-Ridge log(y),Batch 2 Test,Batch2_015,396.0,607.428878297852,211.42887829785195,53.39113088329594
ΔQ 곡선 PCA-Ridge log(y),Batch 2 Test,Batch2_016,472.0,599.6606488763642,127.66064887636423,27.046747643297508
ΔQ 곡선 PCA-Ridge log(y),Batch 2 Test,Batch2_017,471.0,626.0863219982158,155.0863219982158,32.927032271383396
ΔQ 곡선 PCA-Ridge log(y),Batch 2 Test,Batch2_018,449.0,667.1597502380941,218.15975023809415,48.58791764768244
ΔQ 곡선 PCA-Ridge log(y),Batch 2 Test,Batch2_019,392.0,543.4491478152573,151.44914781525733,38.63498668756565
ΔQ 곡선 PCA-Ridge log(y),Batch 2 Test,Batch2_020,489.0,576.0301211228908,87.03012112289082,17.797570781777264
ΔQ 곡선 PCA-Ridge log(y),Batch 2 Test,Batch2_021,408.0,542.0306330449534,134.03063304495345,32.850645354155255
ΔQ 곡선 PCA-Ridge log(y),Batch 2 Test,Batch2_024,514.0,728.4483665407099,214.4483665407099,41.72147208963228
ΔQ 곡선 PCA-Ridge log(y),Batch 2 Test,Batch2_025,493.0,610.6791645410337,117.67916454103374,23.870013091487575
ΔQ 곡선 PCA-Ridge log(y),Batch 2 Test,Batch2_026,450.0,504.54649102613956,54.54649102613956,12.121442450253236
ΔQ 곡선 PCA-Ridge log(y),Batch 2 Test,Batch2_027,474.0,617.2048546601109,143.20485466011087,30.211994654031827
ΔQ 곡선 PCA-Ridge log(y),Batch 2 Test,Batch2_028,437.0,573.4989405942712,136.49894059427118,31.2354555135632
ΔQ 곡선 PCA-Ridge log(y),Batch 2 Test,Batch2_029,452.0,609.7151435224301,157.71514352243014,34.89273086779428
ΔQ 곡선 PCA-Ridge log(y),Batch 2 Test,Batch2_030,412.0,480.2190894033553,68.21908940335533,16.55803140858139
ΔQ 곡선 PCA-Ridge log(y),Batch 2 Test,Batch2_031,425.0,559.3386969017424,134.33869690174242,31.60910515335116
ΔQ 곡선 PCA-Ridge log(y),Batch 2 Test,Batch2_032,809.0,991.8699358360935,182.86993583609353,22.604442006933688
ΔQ 곡선 PCA-Ridge log(y),Batch 2 Test,Batch2_033,1140.0,1086.0067099374419,-53.99329006255812,4.7362535142594835
ΔQ 곡선 PCA-Ridge log(y),Batch 2 Test,Batch2_034,1186.0,1117.498819796688,-68.50118020331206,5.775816206012821
ΔQ 곡선 PCA-Ridge log(y),Batch 2 Test,Batch2_041,442.0,463.74533670349393,21.745336703493933,4.919759435179623
ΔQ 곡선 PCA-Ridge log(y),Batch 2 Test,Batch2_042,474.0,684.4508334408439,210.4508334408439,44.39891000861685
ΔQ 곡선 PCA-Ridge log(y),Batch 2 Test,Batch2_043,1029.0,1287.3288006500518,258.3288006500518,25.10483971331893
ΔQ 곡선 PCA-Ridge log(y),Batch 2 Test,Batch2_044,841.0,1024.6787598007636,183.6787598007636,21.84051840674954
ΔQ 곡선 PCA-Ridge log(y),Batch 2 Test,Batch2_045,997.0,1024.5552564428824,27.55525644288241,2.763817095574966
ΔQ 곡선 PCA-Ridge log(y),Batch 2 Test,Batch2_046,503.0,631.5548757708095,128.55487577080953,25.557629377894536
ΔQ 곡선 PCA-Ridge log(y),Batch 3 Test,Batch3_000,1009.0,1005.7239321084975,-3.276067891502521,0.32468462750272753
ΔQ 곡선 PCA-Ridge log(y),Batch 3 Test,Batch3_001,1063.0,992.3499180690268,-70.65008193097322,6.646291809122598
ΔQ 곡선 PCA-Ridge log(y),Batch 3 Test,Batch3_002,1267.0,1467.665052528565,200.66505252856496,15.837809986469214
ΔQ 곡선 PCA-Ridge log(y),Batch 3 Test,Batch3_003,1115.0,952.4425284480411,-162.55747155195888,14.579145430668957
ΔQ 곡선 PCA-Ridge log(y),Batch 3 Test,Batch3_004,1048.0,959.0697734509704,-88.93022654902961,8.48570864017458
ΔQ 곡선 PCA-Ridge log(y),Batch 3 Test,Batch3_005,828.0,944.6292571031889,116.62925710318893,14.085659070433445
ΔQ 곡선 PCA-Ridge log(y),Batch 3 Test,Batch3_006,667.0,769.5269003607499,102.52690036074989,15.371349379422771
ΔQ 곡선 PCA-Ridge log(y),Batch 3 Test,Batch3_007,1836.0,1105.9580265757897,-730.0419734242103,39.76263471809424
ΔQ 곡선 PCA-Ridge log(y),Batch 3 Test,Batch3_008,828.0,914.2384881432154,86.23848814321536,10.415276345798958
ΔQ 곡선 PCA-Ridge log(y),Batch 3 Test,Batch3_009,1039.0,862.1750315777988,-176.8249684222012,17.018765006949106
ΔQ 곡선 PCA-Ridge log(y),Batch 3 Test,Batch3_010,1078.0,1046.7467929652753,-31.25320703472471,2.899184326041253
ΔQ 곡선 PCA-Ridge log(y),Batch 3 Test,Batch3_011,817.0,862.903889535079,45.903889535078974,5.618591130364623
ΔQ 곡선 PCA-Ridge log(y),Batch 3 Test,Batch3_012,932.0,847.9587727292452,-84.0412272707548,9.017299063385709
ΔQ 곡선 PCA-Ridge log(y),Batch 3 Test,Batch3_013,816.0,891.9455898829962,75.94558988299616,9.307057583700509
ΔQ 곡선 PCA-Ridge log(y),Batch 3 Test,Batch3_014,858.0,890.4822430004409,32.48224300044092,3.7858092075105967
ΔQ 곡선 PCA-Ridge log(y),Batch 3 Test,Batch3_015,876.0,882.5130755092629,6.513075509262876,0.7435017704637986
ΔQ 곡선 PCA-Ridge log(y),Batch 3 Test,Batch3_016,1638.0,1212.386334313691,-425.6136656863091,25.983740273889445
ΔQ 곡선 PCA-Ridge log(y),Batch 3 Test,Batch3_017,1315.0,1127.0934271570638,-187.90657284293616,14.289473219995145
ΔQ 곡선 PCA-Ridge log(y),Batch 3 Test,Batch3_018,1146.0,999.1601568250628,-146.8398431749372,12.813249840744955
ΔQ 곡선 PCA-Ridge log(y),Batch 3 Test,Batch3_019,1155.0,988.3256930717271,-166.67430692827293,14.430675924525794
ΔQ 곡선 PCA-Ridge log(y),Batch 3 Test,Batch3_020,813.0,905.4194083902454,92.4194083902454,11.367700909009274
ΔQ 곡선 PCA-Ridge log(y),Batch 3 Test,Batch3_021,772.0,855.5399085818809,83.53990858188092,10.821231681590792
ΔQ 곡선 PCA-Ridge log(y),Batch 3 Test,Batch3_022,1002.0,899.3859080427396,-102.61409195726037,10.24092734104395
ΔQ 곡선 PCA-Ridge log(y),Batch 3 Test,Batch3_024,825.0,918.9156220023445,93.91562200234455,11.383711757859945
ΔQ 곡선 PCA-Ridge log(y),Batch 3 Test,Batch3_025,989.0,939.3413496930061,-49.65865030699388,5.021097098786035
ΔQ 곡선 PCA-Ridge log(y),Batch 3 Test,Batch3_026,1028.0,998.4789632358078,-29.521036764192218,2.8716961832871806
ΔQ 곡선 PCA-Ridge log(y),Batch 3 Test,Batch3_027,850.0,951.8447800433493,101.84478004334926,11.981738828629325
ΔQ 곡선 PCA-Ridge log(y),Batch 3 Test,Batch3_028,541.0,690.7339411195559,149.73394111955588,27.6772534416924
ΔQ 곡선 PCA-Ridge log(y),Batch 3 Test,Batch3_029,858.0,911.22420519856,53.22420519855996,6.203287319179482
ΔQ 곡선 PCA-Ridge log(y),Batch 3 Test,Batch3_030,935.0,932.9348429785281,-2.0651570214719186,0.22087240871357416
ΔQ 곡선 PCA-Ridge log(y),Batch 3 Test,Batch3_031,731.0,800.7466927024559,69.7466927024559,9.541271231526114
ΔQ 곡선 PCA-Ridge log(y),Batch 3 Test,Batch3_033,1284.0,1061.5938130676398,-222.40618693236024,17.32135412245796
ΔQ 곡선 PCA-Ridge log(y),Batch 3 Test,Batch3_034,1158.0,1028.1221932721096,-129.8778067278904,11.215700062857547
ΔQ 곡선 PCA-Ridge log(y),Batch 3 Test,Batch3_035,1093.0,983.6708369702445,-109.32916302975548,10.002668163747071
ΔQ 곡선 PCA-Ridge log(y),Batch 3 Test,Batch3_036,923.0,1025.403214190631,102.40321419063093,11.094606087825671
ΔQ 곡선 PCA-Ridge log(y),Batch 3 Test,Batch3_037,1390.0,1340.0826308294857,-49.91736917051435,3.5911776381664997
ΔQ 곡선 PCA-Ridge log(y),Batch 3 Test,Batch3_038,1935.0,1075.1871783646654,-859.8128216353346,44.43477114394494
ΔQ 곡선 PCA-Ridge log(y),Batch 3 Test,Batch3_039,1156.0,1069.1625701857201,-86.83742981427986,7.511888392238742
ΔQ 곡선 PCA-Ridge log(y),Batch 3 Test,Batch3_040,796.0,1015.0128807617267,219.0128807617267,27.514181000216926
ΔQ 곡선 PCA-Ridge log(y),Batch 3 Test,Batch3_041,786.0,986.4271716993634,200.42717169936338,25.49964016531341
ΔQ 곡선 PCA-Ridge log(y),Batch 3 Test,Batch3_042,1642.0,1571.0695237347059,-70.93047626529415,4.319761039299278
ΔQ 곡선 PCA-Ridge log(y),Batch 3 Test,Batch3_043,1046.0,1400.62970084123,354.62970084123003,33.90341308233557
ΔQ 곡선 PCA-Ridge log(y),Batch 3 Test,Batch3_044,940.0,924.3350036883611,-15.664996311638902,1.6664889693232872
ΔQ 곡선 PCA-Ridge log(y),Batch 3 Test,Batch3_045,1801.0,1085.621267836854,-715.378732163146,39.72119556708195
다중 Cycle ΔQ PLS log(y),Batch 1 Hold-out,Batch1_008,879.0,853.0392343494563,-25.96076565054375,2.9534431911881396
다중 Cycle ΔQ PLS log(y),Batch 1 Hold-out,Batch1_014,880.0,945.125396437928,65.12539643792798,7.400613231582724
다중 Cycle ΔQ PLS log(y),Batch 1 Hold-out,Batch1_017,857.0,922.722341254629,65.72234125462899,7.668884627144573
다중 Cycle ΔQ PLS log(y),Batch 1 Hold-out,Batch1_021,559.0,548.3687728483296,-10.631227151670373,1.9018295441270792
다중 Cycle ΔQ PLS log(y),Batch 1 Hold-out,Batch1_022,891.0,899.3981202188417,8.398120218841655,0.9425499684446302
다중 Cycle ΔQ PLS log(y),Batch 1 Hold-out,Batch1_029,917.0,815.6889775966699,-101.31102240333007,11.048094046164675
다중 Cycle ΔQ PLS log(y),Batch 1 Hold-out,Batch1_035,703.0,787.1114570063208,84.11145700632085,11.964645377855028
다중 Cycle ΔQ PLS log(y),Batch 1 Hold-out,Batch1_037,648.0,763.0336236235407,115.03362362354073,17.752102411040237
다중 Cycle ΔQ PLS log(y),Batch 1 Hold-out,Batch1_041,1051.0,949.261141140939,-101.738858859061,9.68019589524843
다중 Cycle ΔQ PLS log(y),Batch 1 Hold-out,Batch1_045,599.0,571.5249173755163,-27.47508262448366,4.586825145990595
다중 Cycle ΔQ PLS log(y),Batch 2 Test,Batch2_000,477.0,656.3179259845841,179.31792598458412,37.592856600541744
다중 Cycle ΔQ PLS log(y),Batch 2 Test,Batch2_001,491.0,540.3404821038163,49.34048210381627,10.048978025217163
다중 Cycle ΔQ PLS log(y),Batch 2 Test,Batch2_002,424.0,636.7865385403495,212.7865385403495,50.18550437272394
다중 Cycle ΔQ PLS log(y),Batch 2 Test,Batch2_003,499.0,707.4676933880344,208.46769338803438,41.77709286333354
다중 Cycle ΔQ PLS log(y),Batch 2 Test,Batch2_004,444.0,522.671268743715,78.67126874371502,17.718754221557436
다중 Cycle ΔQ PLS log(y),Batch 2 Test,Batch2_005,416.0,444.27608360622975,28.276083606229747,6.797135482266767
다중 Cycle ΔQ PLS log(y),Batch 2 Test,Batch2_006,393.0,761.9014549359798,368.9014549359798,93.86805469108901
다중 Cycle ΔQ PLS log(y),Batch 2 Test,Batch2_007,777.0,903.5707157890029,126.57071578900286,16.28966741171208
다중 Cycle ΔQ PLS log(y),Batch 2 Test,Batch2_008,904.0,962.7184890027672,58.71848900276723,6.495408075527348
다중 Cycle ΔQ PLS log(y),Batch 2 Test,Batch2_009,791.0,943.2342030409153,152.2342030409153,19.245790523503832
다중 Cycle ΔQ PLS log(y),Batch 2 Test,Batch2_010,492.0,619.7563956896659,127.75639568966585,25.966747091395497
다중 Cycle ΔQ PLS log(y),Batch 2 Test,Batch2_011,449.0,723.5606791016255,274.5606791016255,61.14937173755579
다중 Cycle ΔQ PLS log(y),Batch 2 Test,Batch2_012,466.0,460.43684303270686,-5.563156967293139,1.1938105080028194
다중 Cycle ΔQ PLS log(y),Batch 2 Test,Batch2_013,460.0,506.6200830922504,46.62008309225041,10.13480067222835
다중 Cycle ΔQ PLS log(y),Batch 2 Test,Batch2_014,426.0,448.33582258485484,22.33582258485484,5.24315084151522
다중 Cycle ΔQ PLS log(y),Batch 2 Test,Batch2_015,396.0,802.1599771274568,406.15997712745684,102.56565078976183
다중 Cycle ΔQ PLS log(y),Batch 2 Test,Batch2_016,472.0,653.3488081885711,181.34880818857107,38.42135766707015
다중 Cycle ΔQ PLS log(y),Batch 2 Test,Batch2_017,471.0,707.5126276476954,236.51262764769535,50.214995254287764
다중 Cycle ΔQ PLS log(y),Batch 2 Test,Batch2_018,449.0,838.3401207111125,389.3401207111125,86.71272176194043
다중 Cycle ΔQ PLS log(y),Batch 2 Test,Batch2_019,392.0,537.9846378289598,145.98463782895976,37.240979037999935
다중 Cycle ΔQ PLS log(y),Batch 2 Test,Batch2_020,489.0,620.6564055135628,131.65640551356285,26.923600309522055
다중 Cycle ΔQ PLS log(y),Batch 2 Test,Batch2_021,408.0,587.8049320637716,179.80493206377162,44.0698362901401
다중 Cycle ΔQ PLS log(y),Batch 2 Test,Batch2_024,514.0,716.3694149761394,202.3694149761394,39.37148151286759
다중 Cycle ΔQ PLS log(y),Batch 2 Test,Batch2_025,493.0,655.637911472797,162.637911472797,32.98943437582089
다중 Cycle ΔQ PLS log(y),Batch 2 Test,Batch2_026,450.0,510.43277315517116,60.43277315517116,13.429505145593593
다중 Cycle ΔQ PLS log(y),Batch 2 Test,Batch2_027,474.0,670.1825291186738,196.18252911867376,41.38871922334889
다중 Cycle ΔQ PLS log(y),Batch 2 Test,Batch2_028,437.0,663.0943635727679,226.09436357276786,51.73784063450066
다중 Cycle ΔQ PLS log(y),Batch 2 Test,Batch2_029,452.0,660.915543486574,208.91554348657405,46.22025298375532
다중 Cycle ΔQ PLS log(y),Batch 2 Test,Batch2_030,412.0,484.7540309874914,72.75403098749138,17.65874538531344
다중 Cycle ΔQ PLS log(y),Batch 2 Test,Batch2_031,425.0,639.5602207927491,214.56022079274908,50.48475783358802
다중 Cycle ΔQ PLS log(y),Batch 2 Test,Batch2_032,809.0,962.1956912513075,153.1956912513075,18.936426607083746
다중 Cycle ΔQ PLS log(y),Batch 2 Test,Batch2_033,1140.0,964.9646205428635,-175.03537945713651,15.353980654134784
다중 Cycle ΔQ PLS log(y),Batch 2 Test,Batch2_034,1186.0,1058.6116603616952,-127.38833963830484,10.741006714865502
다중 Cycle ΔQ PLS log(y),Batch 2 Test,Batch2_041,442.0,596.181726687644,154.18172668764396,34.88274359448958
다중 Cycle ΔQ PLS log(y),Batch 2 Test,Batch2_042,474.0,583.1172388833397,109.11723888333972,23.020514532350152
다중 Cycle ΔQ PLS log(y),Batch 2 Test,Batch2_043,1029.0,831.5324635952621,-197.46753640473787,19.190236774027003
다중 Cycle ΔQ PLS log(y),Batch 2 Test,Batch2_044,841.0,1056.862739565092,215.86273956509194,25.667388771116762
다중 Cycle ΔQ PLS log(y),Batch 2 Test,Batch2_045,997.0,982.1719037715076,-14.828096228492427,1.487271437160725
다중 Cycle ΔQ PLS log(y),Batch 2 Test,Batch2_046,503.0,743.8868257515833,240.88682575158327,47.890025000314765
다중 Cycle ΔQ PLS log(y),Batch 3 Test,Batch3_000,1009.0,1029.32129957509,20.321299575090052,2.014003922209123
다중 Cycle ΔQ PLS log(y),Batch 3 Test,Batch3_001,1063.0,1046.008356354214,-16.991643645786098,1.5984613025198589
다중 Cycle ΔQ PLS log(y),Batch 3 Test,Batch3_002,1267.0,1067.2155654245657,-199.78443457543426,15.768305807058741
다중 Cycle ΔQ PLS log(y),Batch 3 Test,Batch3_003,1115.0,963.78086341959,-151.21913658041,13.562254401830495
다중 Cycle ΔQ PLS log(y),Batch 3 Test,Batch3_004,1048.0,1026.7080064275879,-21.29199357241214,2.0316787759935244
다중 Cycle ΔQ PLS log(y),Batch 3 Test,Batch3_005,828.0,987.5684603153335,159.56846031533348,19.271553178180373
다중 Cycle ΔQ PLS log(y),Batch 3 Test,Batch3_006,667.0,662.5896213778083,-4.410378622191729,0.66122618023864
다중 Cycle ΔQ PLS log(y),Batch 3 Test,Batch3_007,1836.0,1110.721908975184,-725.2780910248159,39.50316399917298
다중 Cycle ΔQ PLS log(y),Batch 3 Test,Batch3_008,828.0,984.3238815185298,156.3238815185298,18.87969583557123
다중 Cycle ΔQ PLS log(y),Batch 3 Test,Batch3_009,1039.0,909.466364021072,-129.53363597892803,12.467144945036384
다중 Cycle ΔQ PLS log(y),Batch 3 Test,Batch3_010,1078.0,1101.0386239423408,23.03862394234079,2.1371636310149156
다중 Cycle ΔQ PLS log(y),Batch 3 Test,Batch3_011,817.0,877.9367550463725,60.93675504637247,7.4585991488828
다중 Cycle ΔQ PLS log(y),Batch 3 Test,Batch3_012,932.0,904.4692757601288,-27.530724239871233,2.953940369084896
다중 Cycle ΔQ PLS log(y),Batch 3 Test,Batch3_013,816.0,999.8964082599872,183.8964082599872,22.5363245416651
다중 Cycle ΔQ PLS log(y),Batch 3 Test,Batch3_014,858.0,973.7944784368906,115.79447843689059,13.495859957679556
다중 Cycle ΔQ PLS log(y),Batch 3 Test,Batch3_015,876.0,949.1153700060706,73.11537000607063,8.34650342535053
다중 Cycle ΔQ PLS log(y),Batch 3 Test,Batch3_016,1638.0,1153.6833545857542,-484.31664541424584,29.567560770100478
다중 Cycle ΔQ PLS log(y),Batch 3 Test,Batch3_017,1315.0,1001.893464941985,-313.10653505801497,23.810382894145626
다중 Cycle ΔQ PLS log(y),Batch 3 Test,Batch3_018,1146.0,1039.3099629625553,-106.69003703744465,9.309776355797963
다중 Cycle ΔQ PLS log(y),Batch 3 Test,Batch3_019,1155.0,998.2351212671452,-156.76487873285475,13.572716773407336
다중 Cycle ΔQ PLS log(y),Batch 3 Test,Batch3_020,813.0,970.8669617545912,157.86696175459122,19.41783047411946
다중 Cycle ΔQ PLS log(y),Batch 3 Test,Batch3_021,772.0,777.0992994411623,5.099299441162316,0.6605310156946005
다중 Cycle ΔQ PLS log(y),Batch 3 Test,Batch3_022,1002.0,937.3475877020388,-64.65241229796118,6.452336556682753
다중 Cycle ΔQ PLS log(y),Batch 3 Test,Batch3_024,825.0,1023.1484160024447,198.14841600244472,24.017989818478146
다중 Cycle ΔQ PLS log(y),Batch 3 Test,Batch3_025,989.0,1006.1499989493713,17.149998949371252,1.734074716822169
다중 Cycle ΔQ PLS log(y),Batch 3 Test,Batch3_026,1028.0,1044.5436162784906,16.543616278490617,1.609301194405702
다중 Cycle ΔQ PLS log(y),Batch 3 Test,Batch3_027,850.0,1006.3884695026582,156.38846950265815,18.39864347090096
다중 Cycle ΔQ PLS log(y),Batch 3 Test,Batch3_028,541.0,667.0104900462264,126.01049004622644,23.29214233756496
다중 Cycle ΔQ PLS log(y),Batch 3 Test,Batch3_029,858.0,992.3515532559821,134.35155325598214,15.658689190673908
다중 Cycle ΔQ PLS log(y),Batch 3 Test,Batch3_030,935.0,993.2016834539302,58.20168345393017,6.224778979029965
다중 Cycle ΔQ PLS log(y),Batch 3 Test,Batch3_031,731.0,870.5084841533964,139.50848415339635,19.08460795532098
다중 Cycle ΔQ PLS log(y),Batch 3 Test,Batch3_033,1284.0,1098.8599885215772,-185.14001147842282,14.419004009222961
다중 Cycle ΔQ PLS log(y),Batch 3 Test,Batch3_034,1158.0,1061.951183705735,-96.04881629426495,8.294371009867438
다중 Cycle ΔQ PLS log(y),Batch 3 Test,Batch3_035,1093.0,1043.0001939146757,-49.99980608532428,4.574547674778068
다중 Cycle ΔQ PLS log(y),Batch 3 Test,Batch3_036,923.0,1061.3604313656513,138.36043136565127,14.990295922605771
다중 Cycle ΔQ PLS log(y),Batch 3 Test,Batch3_037,1390.0,1142.0181877738223,-247.98181222617768,17.840418145768176
다중 Cycle ΔQ PLS log(y),Batch 3 Test,Batch3_038,1935.0,1043.7225335171638,-891.2774664828362,46.060850981025126
다중 Cycle ΔQ PLS log(y),Batch 3 Test,Batch3_039,1156.0,1091.0739794122032,-64.92602058779676,5.616437767110446
다중 Cycle ΔQ PLS log(y),Batch 3 Test,Batch3_040,796.0,1063.983143769398,267.9831437693981,33.66622409163293
다중 Cycle ΔQ PLS log(y),Batch 3 Test,Batch3_041,786.0,1014.6699381894772,228.6699381894772,29.09286745413196
다중 Cycle ΔQ PLS log(y),Batch 3 Test,Batch3_042,1642.0,1136.5968692238637,-505.4031307761363,30.7797278182787
다중 Cycle ΔQ PLS log(y),Batch 3 Test,Batch3_043,1046.0,993.6970092298516,-52.302990770148426,5.000285924488377
다중 Cycle ΔQ PLS log(y),Batch 3 Test,Batch3_044,940.0,1000.9005586969803,60.90055869698028,6.4787828401042855
다중 Cycle ΔQ PLS log(y),Batch 3 Test,Batch3_045,1801.0,1141.8396198068187,-659.1603801931813,36.59968796186459
다중 Cycle 원곡선 PLS log(y),Batch 1 Hold-out,Batch1_008,879.0,876.1000496274485,-2.8999503725515297,0.3299147181514823
다중 Cycle 원곡선 PLS log(y),Batch 1 Hold-out,Batch1_014,880.0,818.881603938567,-61.11839606143303,6.945272279708299
다중 Cycle 원곡선 PLS log(y),Batch 1 Hold-out,Batch1_017,857.0,818.5349833642217,-38.465016635778284,4.4883333297290875
다중 Cycle 원곡선 PLS log(y),Batch 1 Hold-out,Batch1_021,559.0,579.3252238906776,20.32522389067765,3.6359971181892035
다중 Cycle 원곡선 PLS log(y),Batch 1 Hold-out,Batch1_022,891.0,947.8195429645433,56.8195429645433,6.377053082440326
다중 Cycle 원곡선 PLS log(y),Batch 1 Hold-out,Batch1_029,917.0,834.793820544723,-82.20617945527704,8.96468696349804
다중 Cycle 원곡선 PLS log(y),Batch 1 Hold-out,Batch1_035,703.0,801.3263892513334,98.32638925133335,13.986684104030351
다중 Cycle 원곡선 PLS log(y),Batch 1 Hold-out,Batch1_037,648.0,744.4507641548178,96.45076415481776,14.884377184385459
다중 Cycle 원곡선 PLS log(y),Batch 1 Hold-out,Batch1_041,1051.0,928.8184822482636,-122.18151775173635,11.625263344599082
다중 Cycle 원곡선 PLS log(y),Batch 1 Hold-out,Batch1_045,599.0,587.3024608992865,-11.69753910071347,1.9528445911040853
다중 Cycle 원곡선 PLS log(y),Batch 2 Test,Batch2_000,477.0,665.3200371581391,188.32003715813914,39.48009164740863
다중 Cycle 원곡선 PLS log(y),Batch 2 Test,Batch2_001,491.0,560.2178280997639,69.21782809976389,14.097317331927472
다중 Cycle 원곡선 PLS log(y),Batch 2 Test,Batch2_002,424.0,625.6159901684166,201.6159901684166,47.55094107745674
다중 Cycle 원곡선 PLS log(y),Batch 2 Test,Batch2_003,499.0,834.8673471816796,335.86734718167963,67.30808560755102
다중 Cycle 원곡선 PLS log(y),Batch 2 Test,Batch2_004,444.0,551.132717604233,107.132717604233,24.12899045140383
다중 Cycle 원곡선 PLS log(y),Batch 2 Test,Batch2_005,416.0,506.7942560935667,90.79425609356667,21.825542330184298
다중 Cycle 원곡선 PLS log(y),Batch 2 Test,Batch2_006,393.0,750.8658283549428,357.8658283549428,91.06000721499817
다중 Cycle 원곡선 PLS log(y),Batch 2 Test,Batch2_007,777.0,1039.8166247285103,262.8166247285103,33.8245334270927
다중 Cycle 원곡선 PLS log(y),Batch 2 Test,Batch2_008,904.0,1021.9904740191708,117.99047401917085,13.052043586191465
다중 Cycle 원곡선 PLS log(y),Batch 2 Test,Batch2_009,791.0,1105.7423923752845,314.74239237528445,39.79044151394241
다중 Cycle 원곡선 PLS log(y),Batch 2 Test,Batch2_010,492.0,592.1524387012225,100.15243870122254,20.35618672789076
다중 Cycle 원곡선 PLS log(y),Batch 2 Test,Batch2_011,449.0,828.5770409595261,379.57704095952613,84.53831647205482
다중 Cycle 원곡선 PLS log(y),Batch 2 Test,Batch2_012,466.0,468.3867168409183,2.386716840918325,0.51217099590522
다중 Cycle 원곡선 PLS log(y),Batch 2 Test,Batch2_013,460.0,598.0703384970076,138.07033849700758,30.01529097761034
다중 Cycle 원곡선 PLS log(y),Batch 2 Test,Batch2_014,426.0,601.6034590516517,175.60345905165173,41.22146926095111
다중 Cycle 원곡선 PLS log(y),Batch 2 Test,Batch2_015,396.0,758.8570066001089,362.8570066001089,91.63055722224972
다중 Cycle 원곡선 PLS log(y),Batch 2 Test,Batch2_016,472.0,646.4599155850457,174.45991558504568,36.96184652225544
다중 Cycle 원곡선 PLS log(y),Batch 2 Test,Batch2_017,471.0,748.9556765029325,277.95567650293253,59.01394405582432
다중 Cycle 원곡선 PLS log(y),Batch 2 Test,Batch2_018,449.0,850.5422241045343,401.5422241045343,89.43033944421698
다중 Cycle 원곡선 PLS log(y),Batch 2 Test,Batch2_019,392.0,549.0666605738961,157.06666057389612,40.06802565660615
다중 Cycle 원곡선 PLS log(y),Batch 2 Test,Batch2_020,489.0,497.2096448070659,8.2096448070659,1.6788639687251325
다중 Cycle 원곡선 PLS log(y),Batch 2 Test,Batch2_021,408.0,576.1068966791003,168.10689667910026,41.202670754681435
다중 Cycle 원곡선 PLS log(y),Batch 2 Test,Batch2_024,514.0,759.0640564404881,245.06405644048812,47.67783199231286
다중 Cycle 원곡선 PLS log(y),Batch 2 Test,Batch2_025,493.0,624.9821948142425,131.98219481424246,26.771236270637417
다중 Cycle 원곡선 PLS log(y),Batch 2 Test,Batch2_026,450.0,591.3740374360345,141.37403743603454,31.41645276356323
다중 Cycle 원곡선 PLS log(y),Batch 2 Test,Batch2_027,474.0,669.8125756126623,195.81257561266227,41.31066996047727
다중 Cycle 원곡선 PLS log(y),Batch 2 Test,Batch2_028,437.0,635.0386744363832,198.0386744363832,45.31777447056823
다중 Cycle 원곡선 PLS log(y),Batch 2 Test,Batch2_029,452.0,675.2814571293534,223.28145712935338,49.39855246224633
다중 Cycle 원곡선 PLS log(y),Batch 2 Test,Batch2_030,412.0,509.9020793132916,97.90207931329161,23.762640610022235
다중 Cycle 원곡선 PLS log(y),Batch 2 Test,Batch2_031,425.0,850.3081145462269,425.3081145462269,100.07249754028868
다중 Cycle 원곡선 PLS log(y),Batch 2 Test,Batch2_032,809.0,957.8157482066067,148.8157482066067,18.395024500198602
다중 Cycle 원곡선 PLS log(y),Batch 2 Test,Batch2_033,1140.0,1085.1930473685022,-54.80695263149778,4.807627423815595
다중 Cycle 원곡선 PLS log(y),Batch 2 Test,Batch2_034,1186.0,1111.0521572908035,-74.9478427091965,6.31937965507559
다중 Cycle 원곡선 PLS log(y),Batch 2 Test,Batch2_041,442.0,715.5847442543912,273.58474425439124,61.897000962531955
다중 Cycle 원곡선 PLS log(y),Batch 2 Test,Batch2_042,474.0,752.4694538165033,278.46945381650335,58.74882991909354
다중 Cycle 원곡선 PLS log(y),Batch 2 Test,Batch2_043,1029.0,1769.18226111331,740.18226111331,71.93219252801846
다중 Cycle 원곡선 PLS log(y),Batch 2 Test,Batch2_044,841.0,1154.4094953743213,313.4094953743213,37.26628958077542
다중 Cycle 원곡선 PLS log(y),Batch 2 Test,Batch2_045,997.0,1054.69201083962,57.692010839620025,5.786560766260785
다중 Cycle 원곡선 PLS log(y),Batch 2 Test,Batch2_046,503.0,746.6684795212312,243.66847952123123,48.443037678177184
다중 Cycle 원곡선 PLS log(y),Batch 3 Test,Batch3_000,1009.0,1065.569131421578,56.56913142157805,5.60645504673717
다중 Cycle 원곡선 PLS log(y),Batch 3 Test,Batch3_001,1063.0,1108.1658806318765,45.16588063187646,4.248906926799291
다중 Cycle 원곡선 PLS log(y),Batch 3 Test,Batch3_002,1267.0,1913.252584352642,646.2525843526421,51.00651810202385
다중 Cycle 원곡선 PLS log(y),Batch 3 Test,Batch3_003,1115.0,961.9012813253025,-153.09871867469747,13.730826786968384
다중 Cycle 원곡선 PLS log(y),Batch 3 Test,Batch3_004,1048.0,977.6472834535422,-70.35271654645783,6.713045471990251
다중 Cycle 원곡선 PLS log(y),Batch 3 Test,Batch3_005,828.0,963.1301127458597,135.13011274585972,16.32006192582847
다중 Cycle 원곡선 PLS log(y),Batch 3 Test,Batch3_006,667.0,870.8927776647018,203.89277766470184,30.56863233353851
다중 Cycle 원곡선 PLS log(y),Batch 3 Test,Batch3_007,1836.0,1155.9202664777179,-680.0797335222821,37.04137982147506
다중 Cycle 원곡선 PLS log(y),Batch 3 Test,Batch3_008,828.0,983.5319500468613,155.5319500468613,18.784051938026728
다중 Cycle 원곡선 PLS log(y),Batch 3 Test,Batch3_009,1039.0,902.8351394335069,-136.16486056649308,13.105376377910789
다중 Cycle 원곡선 PLS log(y),Batch 3 Test,Batch3_010,1078.0,1143.8585915491653,65.85859154916534,6.1093313125385285
다중 Cycle 원곡선 PLS log(y),Batch 3 Test,Batch3_011,817.0,892.9644103271665,75.96441032716655,9.297969440289663
다중 Cycle 원곡선 PLS log(y),Batch 3 Test,Batch3_012,932.0,913.370311878054,-18.629688121945946,1.9988935753160888
다중 Cycle 원곡선 PLS log(y),Batch 3 Test,Batch3_013,816.0,941.6676807305187,125.66768073051867,15.400451069916505
다중 Cycle 원곡선 PLS log(y),Batch 3 Test,Batch3_014,858.0,917.1416563191327,59.14165631913272,6.892966936961856
다중 Cycle 원곡선 PLS log(y),Batch 3 Test,Batch3_015,876.0,927.9574988353514,51.95749883535143,5.9312213282364645
다중 Cycle 원곡선 PLS log(y),Batch 3 Test,Batch3_016,1638.0,1231.0732161134629,-406.9267838865371,24.84290499917809
다중 Cycle 원곡선 PLS log(y),Batch 3 Test,Batch3_017,1315.0,1333.5753328245837,18.57533282458371,1.412572838371385
다중 Cycle 원곡선 PLS log(y),Batch 3 Test,Batch3_018,1146.0,1088.4417953750915,-57.55820462490851,5.022530944581895
다중 Cycle 원곡선 PLS log(y),Batch 3 Test,Batch3_019,1155.0,1057.1112996790357,-97.88870032096429,8.475212149001237
다중 Cycle 원곡선 PLS log(y),Batch 3 Test,Batch3_020,813.0,998.2272822226449,185.22728222264493,22.78318354522078
다중 Cycle 원곡선 PLS log(y),Batch 3 Test,Batch3_021,772.0,911.4944964193947,139.49449641939475,18.069235287486364
다중 Cycle 원곡선 PLS log(y),Batch 3 Test,Batch3_022,1002.0,985.9939980801832,-16.006001919816754,1.5974053812192368
다중 Cycle 원곡선 PLS log(y),Batch 3 Test,Batch3_024,825.0,1002.9235244710903,177.92352447109033,21.566487814677615
다중 Cycle 원곡선 PLS log(y),Batch 3 Test,Batch3_025,989.0,1017.5881506612666,28.58815066126658,2.890611795881353
다중 Cycle 원곡선 PLS log(y),Batch 3 Test,Batch3_026,1028.0,982.790866530054,-45.20913346994598,4.397775629372178
다중 Cycle 원곡선 PLS log(y),Batch 3 Test,Batch3_027,850.0,982.3782449405691,132.37824494056906,15.573911169478713
다중 Cycle 원곡선 PLS log(y),Batch 3 Test,Batch3_028,541.0,720.738217877818,179.738217877818,33.223330476491306
다중 Cycle 원곡선 PLS log(y),Batch 3 Test,Batch3_029,858.0,980.8272853736893,122.82728537368928,14.315534425837912
다중 Cycle 원곡선 PLS log(y),Batch 3 Test,Batch3_030,935.0,996.6164991100785,61.61649911007851,6.589999904821231
다중 Cycle 원곡선 PLS log(y),Batch 3 Test,Batch3_031,731.0,817.5394128788647,86.53941287886471,11.838496973852902
다중 Cycle 원곡선 PLS log(y),Batch 3 Test,Batch3_033,1284.0,1137.0955696853273,-146.9044303146727,11.441155008930897
다중 Cycle 원곡선 PLS log(y),Batch 3 Test,Batch3_034,1158.0,1085.695944926364,-72.30405507363594,6.243873495132637
다중 Cycle 원곡선 PLS log(y),Batch 3 Test,Batch3_035,1093.0,1094.1475309611408,1.1475309611407738,0.10498910897902779
다중 Cycle 원곡선 PLS log(y),Batch 3 Test,Batch3_036,923.0,1083.0672394470882,160.06723944708824,17.342062778666115
다중 Cycle 원곡선 PLS log(y),Batch 3 Test,Batch3_037,1390.0,1485.9677006473746,95.96770064737461,6.904151125710404
다중 Cycle 원곡선 PLS log(y),Batch 3 Test,Batch3_038,1935.0,1092.2080535159241,-842.7919464840759,43.55513935318221
다중 Cycle 원곡선 PLS log(y),Batch 3 Test,Batch3_039,1156.0,1149.4846047746137,-6.515395225386328,0.5636155039261529
다중 Cycle 원곡선 PLS log(y),Batch 3 Test,Batch3_040,796.0,964.5863601329972,168.58636013299724,21.179190971482065
다중 Cycle 원곡선 PLS log(y),Batch 3 Test,Batch3_041,786.0,1024.86974593096,238.8697459309601,30.39055291742495
다중 Cycle 원곡선 PLS log(y),Batch 3 Test,Batch3_042,1642.0,1454.6671400216685,-187.3328599783315,11.408822166768056
다중 Cycle 원곡선 PLS log(y),Batch 3 Test,Batch3_043,1046.0,1318.1264171448074,272.1264171448074,26.01590986088025
다중 Cycle 원곡선 PLS log(y),Batch 3 Test,Batch3_044,940.0,968.8682805681532,28.86828056815318,3.0710936774631046
다중 Cycle 원곡선 PLS log(y),Batch 3 Test,Batch3_045,1801.0,1115.3957419557476,-685.6042580442524,38.06797657103012
