candidate,feature_family,dataset,n,best_params,mape_pct,mae,rmse,r2,mean_bias,over_prediction_pct
v1 F2 Ridge,현재 Scalar 기준,Batch 1 Hold-out,10,"{""model__alpha"": 1.0}",4.989825719273699,41.929086834376065,58.3849221578484,0.8529615125808342,-0.7936246500381458,60.0
v1 F2 Ridge,현재 Scalar 기준,Batch 2 Test,39,"{""model__alpha"": 1.0}",36.560311388725566,188.85651371919585,210.93052910829942,0.07516253206511181,175.68608914674465,89.74358974358975
v1 F2 Ridge,현재 Scalar 기준,Batch 3 Test,44,"{""model__alpha"": 1.0}",12.625718785683446,162.755606990618,265.16952488666084,0.269647231102639,-117.9864379016632,36.36363636363637
논문형 ElasticNet log(y),원 논문형 Scalar,Batch 1 Hold-out,10,"{""regressor__model__alpha"": 0.1, ""regressor__model__l1_ratio"": 0.1}",7.817879890227783,63.308318153102405,76.71953855654417,0.7461123478055912,-0.04811631907031142,50.0
논문형 ElasticNet log(y),원 논문형 Scalar,Batch 2 Test,39,"{""regressor__model__alpha"": 0.1, ""regressor__model__l1_ratio"": 0.1}",47.389846112404115,237.22341385350325,255.71360488072312,-0.35923391152631345,206.16229201923528,92.3076923076923
논문형 ElasticNet log(y),원 논문형 Scalar,Batch 3 Test,44,"{""regressor__model__alpha"": 0.1, ""regressor__model__l1_ratio"": 0.1}",18.798689926406063,236.91879043354913,338.08338307136586,-0.1872252106076262,-235.28734963159184,4.545454545454546
ΔQ 곡선 PLS log(y),ΔQ(V) 전체 곡선,Batch 1 Hold-out,10,"{""regressor__model__n_components"": 3}",5.424265321604241,43.3340470343608,56.21108967118635,0.8637069770822915,-5.072925126112011,50.0
ΔQ 곡선 PLS log(y),ΔQ(V) 전체 곡선,Batch 2 Test,39,"{""regressor__model__n_components"": 3}",25.536171353607656,131.75641674060734,150.6707363892962,0.5281061106855727,125.1202166827846,94.87179487179486
ΔQ 곡선 PLS log(y),ΔQ(V) 전체 곡선,Batch 3 Test,44,"{""regressor__model__n_components"": 3}",13.705002530681746,161.49349911426467,249.0685106092565,0.35564811012584874,-60.92317782398302,40.909090909090914
ΔQ 곡선 PCA-Ridge log(y),ΔQ(V) 전체 곡선,Batch 1 Hold-out,10,"{""regressor__model__alpha"": 100.0, ""regressor__pca__n_components"": 4}",5.433222094974198,43.43221105584098,58.49813465332673,0.8523907236532074,-4.445026349277851,50.0
ΔQ 곡선 PCA-Ridge log(y),ΔQ(V) 전체 곡선,Batch 2 Test,39,"{""regressor__model__alpha"": 100.0, ""regressor__pca__n_components"": 4}",25.837405029570228,132.99889597439721,151.48516640396218,0.5229908074321037,126.71712826845516,94.87179487179486
ΔQ 곡선 PCA-Ridge log(y),ΔQ(V) 전체 곡선,Batch 3 Test,44,"{""regressor__model__alpha"": 100.0, ""regressor__pca__n_components"": 4}",13.330535022531487,156.96421710006328,243.36278475121838,0.38483192127030486,-57.51867066393414,43.18181818181818
다중 Cycle ΔQ PLS log(y),ΔQ trajectory,Batch 1 Hold-out,10,"{""regressor__model__n_components"": 1}",7.589918343878612,60.55078952303491,71.48099520821806,0.7796004028825687,7.127398185217134,50.0
다중 Cycle ΔQ PLS log(y),ΔQ trajectory,Batch 2 Test,39,"{""regressor__model__n_components"": 1}",32.82837424126216,162.63689392518503,188.4684571119626,0.26164727447076475,135.95573963308428,87.17948717948718
다중 Cycle ΔQ PLS log(y),ΔQ trajectory,Batch 3 Test,44,"{""regressor__model__n_components"": 1}",14.747971443761656,173.90884780988716,260.18757096364465,0.2968328840375569,-60.35528772077919,50.0
다중 Cycle 원곡선 PLS log(y),ΔQ trajectory 원곡선,Batch 1 Hold-out,10,"{""regressor__model__n_components"": 3}",7.31904267158354,59.04905196388618,70.46902944840286,0.785796681047875,-4.6646679116117635,40.0
다중 Cycle 원곡선 PLS log(y),ΔQ trajectory 원곡선,Batch 2 Test,39,"{""regressor__model__n_components"": 3}",41.23259680336388,211.19722289441225,252.60063902514074,-0.3263416928685585,204.5431308256587,94.87179487179486
다중 Cycle 원곡선 PLS log(y),ΔQ trajectory 원곡선,Batch 3 Test,44,"{""regressor__model__n_components"": 3}",14.810086687945587,166.88730643208592,253.60386901045314,0.3319680885284273,2.1887843059766294,63.63636363636363
