version,candidate,dataset,global_cell_id,cycle_life,prediction,residual,ape_pct
v1,공식 F2 Ridge,Batch 1 Hold-out,Batch1_008,879.0,971.9635991935884,92.96359919358838,10.576063617018018
v1,공식 F2 Ridge,Batch 1 Hold-out,Batch1_014,880.0,877.8714814270138,-2.128518572986195,0.2418771105666131
v1,공식 F2 Ridge,Batch 1 Hold-out,Batch1_017,857.0,863.0603420841787,6.060342084178728,0.7071577694490931
v1,공식 F2 Ridge,Batch 1 Hold-out,Batch1_021,559.0,575.5652989163846,16.565298916384563,2.963380843718169
v1,공식 F2 Ridge,Batch 1 Hold-out,Batch1_022,891.0,890.050059913956,-0.9499400860439664,0.1066150489387167
v1,공식 F2 Ridge,Batch 1 Hold-out,Batch1_029,917.0,814.9027789544749,-102.09722104552507,11.133829994059443
v1,공식 F2 Ridge,Batch 1 Hold-out,Batch1_035,703.0,729.4524571199388,26.4524571199388,3.7627961763782074
v1,공식 F2 Ridge,Batch 1 Hold-out,Batch1_037,648.0,690.3557551458036,42.35575514580364,6.536381966945007
v1,공식 F2 Ridge,Batch 1 Hold-out,Batch1_041,1051.0,942.5621222824876,-108.43787771751248,10.317590648669125
v1,공식 F2 Ridge,Batch 1 Hold-out,Batch1_045,599.0,620.2798584617933,21.27985846179331,3.5525640169938746
v1,공식 F2 Ridge,Batch 2 Test,Batch2_000,477.0,759.4367321856045,282.43673218560446,59.21105496553552
v1,공식 F2 Ridge,Batch 2 Test,Batch2_001,491.0,639.5885176879543,148.58851768795432,30.26242722768927
v1,공식 F2 Ridge,Batch 2 Test,Batch2_002,424.0,490.7681714954199,66.76817149541995,15.74721025835376
v1,공식 F2 Ridge,Batch 2 Test,Batch2_003,499.0,760.0700379983108,261.0700379983108,52.318644889441046
v1,공식 F2 Ridge,Batch 2 Test,Batch2_004,444.0,429.7265675900942,-14.273432409905809,3.214737029258065
v1,공식 F2 Ridge,Batch 2 Test,Batch2_005,416.0,477.15450578458433,61.15450578458433,14.70060235206354
v1,공식 F2 Ridge,Batch 2 Test,Batch2_006,393.0,667.3831488832084,274.3831488832084,69.81759513567644
v1,공식 F2 Ridge,Batch 2 Test,Batch2_007,777.0,1037.3805822363313,260.3805822363313,33.51101444483028
v1,공식 F2 Ridge,Batch 2 Test,Batch2_008,904.0,1059.445952357645,155.44595235764496,17.195348712128865
v1,공식 F2 Ridge,Batch 2 Test,Batch2_009,791.0,1107.5348646534549,316.53486465345486,40.01704989297786
v1,공식 F2 Ridge,Batch 2 Test,Batch2_010,492.0,767.2335094791783,275.23350947917834,55.94177021934519
v1,공식 F2 Ridge,Batch 2 Test,Batch2_011,449.0,703.3241600321635,254.3241600321635,56.64235190025912
v1,공식 F2 Ridge,Batch 2 Test,Batch2_012,466.0,468.3140340138143,2.3140340138143074,0.4965738227069329
v1,공식 F2 Ridge,Batch 2 Test,Batch2_013,460.0,709.3397897442892,249.3397897442892,54.20430211832373
v1,공식 F2 Ridge,Batch 2 Test,Batch2_014,426.0,410.85504295102754,-15.144957048972458,3.5551542368479945
v1,공식 F2 Ridge,Batch 2 Test,Batch2_015,396.0,542.8673670460889,146.86736704608893,37.08771895103256
v1,공식 F2 Ridge,Batch 2 Test,Batch2_016,472.0,717.1193365134891,245.1193365134891,51.932062820654465
v1,공식 F2 Ridge,Batch 2 Test,Batch2_017,471.0,660.7401785080953,189.74017850809523,40.284538961379035
v1,공식 F2 Ridge,Batch 2 Test,Batch2_018,449.0,663.1946527573052,214.1946527573052,47.70482244037978
v1,공식 F2 Ridge,Batch 2 Test,Batch2_019,392.0,521.081763884303,129.08176388430297,32.92902139905688
v1,공식 F2 Ridge,Batch 2 Test,Batch2_020,489.0,730.174251501246,241.174251501246,49.31988783256564
v1,공식 F2 Ridge,Batch 2 Test,Batch2_021,408.0,626.6335819955476,218.6335819955476,53.586662253810694
v1,공식 F2 Ridge,Batch 2 Test,Batch2_024,514.0,799.7890233818455,285.7890233818455,55.600977311643085
v1,공식 F2 Ridge,Batch 2 Test,Batch2_025,493.0,708.2256624366598,215.22566243665983,43.656320981066905
v1,공식 F2 Ridge,Batch 2 Test,Batch2_026,450.0,566.9156095703459,116.91560957034584,25.981246571187967
v1,공식 F2 Ridge,Batch 2 Test,Batch2_027,474.0,634.9810134874114,160.98101348741136,33.96223913236527
v1,공식 F2 Ridge,Batch 2 Test,Batch2_028,437.0,571.4800367404794,134.48003674047936,30.77346378500672
v1,공식 F2 Ridge,Batch 2 Test,Batch2_029,452.0,763.2888580676118,311.28885806761184,68.86921638663979
v1,공식 F2 Ridge,Batch 2 Test,Batch2_030,412.0,496.03185661707,84.03185661706999,20.396081703172328
v1,공식 F2 Ridge,Batch 2 Test,Batch2_031,425.0,692.7524669309423,267.7524669309423,63.00058045433937
v1,공식 F2 Ridge,Batch 2 Test,Batch2_032,809.0,1106.779685909849,297.7796859098489,36.808366614320015
v1,공식 F2 Ridge,Batch 2 Test,Batch2_033,1140.0,999.475198120464,-140.52480187953586,12.32673700697683
v1,공식 F2 Ridge,Batch 2 Test,Batch2_034,1186.0,1099.1199121756115,-86.88008782438828,7.325471148767984
v1,공식 F2 Ridge,Batch 2 Test,Batch2_041,442.0,547.5980439603609,105.59804396036088,23.89096017202735
v1,공식 F2 Ridge,Batch 2 Test,Batch2_042,474.0,786.4959911548906,312.4959911548906,65.92742429428071
v1,공식 F2 Ridge,Batch 2 Test,Batch2_043,1029.0,1088.5257320969963,59.525732096996535,5.784813614868468
v1,공식 F2 Ridge,Batch 2 Test,Batch2_044,841.0,1155.233203481641,314.23320348164134,37.36423346987412
v1,공식 F2 Ridge,Batch 2 Test,Batch2_045,997.0,1148.257476034874,151.25747603487412,15.17126138765036
v1,공식 F2 Ridge,Batch 2 Test,Batch2_046,503.0,801.4409572568469,298.4409572568469,59.33219826179859
v1,공식 F2 Ridge,Batch 3 Test,Batch3_000,1009.0,984.2271879434444,-24.77281205655572,2.4551845447527967
v1,공식 F2 Ridge,Batch 3 Test,Batch3_001,1063.0,990.6527993901498,-72.34720060985023,6.805945494811875
v1,공식 F2 Ridge,Batch 3 Test,Batch3_002,1267.0,1120.7607277789928,-146.23927222100724,11.542168288950847
v1,공식 F2 Ridge,Batch 3 Test,Batch3_003,1115.0,932.867704370358,-182.13229562964204,16.334735034048613
v1,공식 F2 Ridge,Batch 3 Test,Batch3_004,1048.0,983.22316609072,-64.77683390928007,6.180995602030541
v1,공식 F2 Ridge,Batch 3 Test,Batch3_005,828.0,838.0740250992154,10.07402509921542,1.2166696979728766
v1,공식 F2 Ridge,Batch 3 Test,Batch3_006,667.0,744.7614555004396,77.76145550043964,11.658389130500696
v1,공식 F2 Ridge,Batch 3 Test,Batch3_007,1836.0,1045.1253116566093,-790.8746883433907,43.07596341739601
v1,공식 F2 Ridge,Batch 3 Test,Batch3_008,828.0,883.048852698788,55.04885269878798,6.64841216168937
v1,공식 F2 Ridge,Batch 3 Test,Batch3_009,1039.0,851.363884075854,-187.636115924146,18.059298933989027
v1,공식 F2 Ridge,Batch 3 Test,Batch3_010,1078.0,1003.5723319691546,-74.42766803084544,6.904236366497722
v1,공식 F2 Ridge,Batch 3 Test,Batch3_011,817.0,803.9326176932143,-13.067382306785705,1.599434798872179
v1,공식 F2 Ridge,Batch 3 Test,Batch3_012,932.0,870.2736144541893,-61.72638554581067,6.62300274096681
v1,공식 F2 Ridge,Batch 3 Test,Batch3_013,816.0,903.344864732945,87.34486473294498,10.704027540802082
v1,공식 F2 Ridge,Batch 3 Test,Batch3_014,858.0,883.042999191559,25.042999191559034,2.9187644745406796
v1,공식 F2 Ridge,Batch 3 Test,Batch3_015,876.0,861.1111547177827,-14.88884528221729,1.699639872399234
v1,공식 F2 Ridge,Batch 3 Test,Batch3_016,1638.0,1063.3355599514132,-574.6644400485868,35.083299148265375
v1,공식 F2 Ridge,Batch 3 Test,Batch3_017,1315.0,1040.957325061053,-274.0426749389467,20.839747143646132
v1,공식 F2 Ridge,Batch 3 Test,Batch3_018,1146.0,1007.7730283227256,-138.22697167727438,12.061690373235113
v1,공식 F2 Ridge,Batch 3 Test,Batch3_019,1155.0,992.6009870379364,-162.3990129620637,14.060520602776078
v1,공식 F2 Ridge,Batch 3 Test,Batch3_020,813.0,893.5301617177734,80.53016171777335,9.905308944375566
v1,공식 F2 Ridge,Batch 3 Test,Batch3_021,772.0,863.8232679124719,91.82326791247192,11.894205688144032
v1,공식 F2 Ridge,Batch 3 Test,Batch3_022,1002.0,845.7540986960385,-156.24590130396157,15.593403323748658
v1,공식 F2 Ridge,Batch 3 Test,Batch3_024,825.0,823.9500970867005,-1.0499029132995474,0.1272609591878239
v1,공식 F2 Ridge,Batch 3 Test,Batch3_025,989.0,924.8108796363684,-64.18912036363167,6.490305395716043
v1,공식 F2 Ridge,Batch 3 Test,Batch3_026,1028.0,1012.9330919549916,-15.06690804500829,1.4656525335611177
v1,공식 F2 Ridge,Batch 3 Test,Batch3_027,850.0,905.396862760038,55.39686276003795,6.51727797176917
v1,공식 F2 Ridge,Batch 3 Test,Batch3_028,541.0,591.802816083599,50.802816083599055,9.39053901730112
v1,공식 F2 Ridge,Batch 3 Test,Batch3_029,858.0,891.8698346651452,33.86983466514516,3.9475331777558464
v1,공식 F2 Ridge,Batch 3 Test,Batch3_030,935.0,939.284573618363,4.28457361836297,0.4582431677393551
v1,공식 F2 Ridge,Batch 3 Test,Batch3_031,731.0,784.9247873028878,53.92478730288781,7.376851888219946
v1,공식 F2 Ridge,Batch 3 Test,Batch3_033,1284.0,1011.3283649397578,-272.67163506024224,21.23610864955158
v1,공식 F2 Ridge,Batch 3 Test,Batch3_034,1158.0,980.1840985879904,-177.81590141200968,15.355431900864394
v1,공식 F2 Ridge,Batch 3 Test,Batch3_035,1093.0,955.561875928493,-137.438124071507,12.574393785133305
v1,공식 F2 Ridge,Batch 3 Test,Batch3_036,923.0,949.202265955401,26.202265955401003,2.8388153797834237
v1,공식 F2 Ridge,Batch 3 Test,Batch3_037,1390.0,1117.5743531279895,-272.4256468720105,19.598967400864066
v1,공식 F2 Ridge,Batch 3 Test,Batch3_038,1935.0,1032.9319756053787,-902.0680243946211,46.618502552693606
v1,공식 F2 Ridge,Batch 3 Test,Batch3_039,1156.0,950.344821598664,-205.65517840133612,17.790240346136343
v1,공식 F2 Ridge,Batch 3 Test,Batch3_040,796.0,962.4013093213064,166.40130932130648,20.90468710066665
v1,공식 F2 Ridge,Batch 3 Test,Batch3_041,786.0,912.9107259608036,126.91072596080346,16.14640279399535
v1,공식 F2 Ridge,Batch 3 Test,Batch3_042,1642.0,1200.4265192087862,-441.5734807912138,26.892416613350413
v1,공식 F2 Ridge,Batch 3 Test,Batch3_043,1046.0,1085.5029174362544,39.50291743625439,3.77656954457499
v1,공식 F2 Ridge,Batch 3 Test,Batch3_044,940.0,927.5475279362122,-12.452472063787807,1.3247310706157245
v1,공식 F2 Ridge,Batch 3 Test,Batch3_045,1801.0,1065.5499075488342,-735.4500924511658,40.835651996178
v2,논문형 ElasticNet log(y),Batch 1 Hold-out,Batch1_008,879.0,964.6593850803685,85.65938508036845,9.745095003454885
v2,논문형 ElasticNet log(y),Batch 1 Hold-out,Batch1_014,880.0,859.0945828436664,-20.905417156333556,2.375615585946995
v2,논문형 ElasticNet log(y),Batch 1 Hold-out,Batch1_017,857.0,819.0962175208541,-37.90378247914589,4.422845096749812
v2,논문형 ElasticNet log(y),Batch 1 Hold-out,Batch1_021,559.0,562.3090579387002,3.309057938700221,0.5919602752594313
v2,논문형 ElasticNet log(y),Batch 1 Hold-out,Batch1_022,891.0,869.0026274131542,-21.997372586845813,2.468840918837914
v2,논문형 ElasticNet log(y),Batch 1 Hold-out,Batch1_029,917.0,834.1071538658914,-82.8928461341086,9.039568825966041
v2,논문형 ElasticNet log(y),Batch 1 Hold-out,Batch1_035,703.0,768.5954195655278,65.59541956552778,9.330785144456298
v2,논문형 ElasticNet log(y),Batch 1 Hold-out,Batch1_037,648.0,755.9334340764569,107.93343407645693,16.65639414760138
v2,논문형 ElasticNet log(y),Batch 1 Hold-out,Batch1_041,1051.0,897.9172459955703,-153.08275400442972,14.565438059412914
v2,논문형 ElasticNet log(y),Batch 1 Hold-out,Batch1_045,599.0,652.8037125091071,53.80371250910707,8.982255844592165
v2,논문형 ElasticNet log(y),Batch 2 Test,Batch2_000,477.0,743.1872495199532,266.1872495199532,55.80445482598599
v2,논문형 ElasticNet log(y),Batch 2 Test,Batch2_001,491.0,551.2700864233387,60.27008642333874,12.274966684997707
v2,논문형 ElasticNet log(y),Batch 2 Test,Batch2_002,424.0,596.105016349014,172.10501634901402,40.59080574269199
v2,논문형 ElasticNet log(y),Batch 2 Test,Batch2_003,499.0,693.5283639041453,194.5283639041453,38.98364006095096
v2,논문형 ElasticNet log(y),Batch 2 Test,Batch2_004,444.0,619.5922204395516,175.59222043955162,39.54779739629541
v2,논문형 ElasticNet log(y),Batch 2 Test,Batch2_005,416.0,466.3374956316125,50.33749563161251,12.10035952682993
v2,논문형 ElasticNet log(y),Batch 2 Test,Batch2_006,393.0,671.502368784715,278.50236878471503,70.86574269331172
v2,논문형 ElasticNet log(y),Batch 2 Test,Batch2_007,777.0,1096.7991858743837,319.79918587438374,41.15819638022957
v2,논문형 ElasticNet log(y),Batch 2 Test,Batch2_008,904.0,973.1281504269372,69.12815042693717,7.646919295015174
v2,논문형 ElasticNet log(y),Batch 2 Test,Batch2_009,791.0,1134.9159350818547,343.91593508185474,43.478626432598574
v2,논문형 ElasticNet log(y),Batch 2 Test,Batch2_010,492.0,844.6055747958394,352.6055747958394,71.66779975525192
v2,논문형 ElasticNet log(y),Batch 2 Test,Batch2_011,449.0,795.3849083765505,346.38490837655047,77.14585932662594
v2,논문형 ElasticNet log(y),Batch 2 Test,Batch2_012,466.0,626.7502102484563,160.75021024845626,34.495753272200915
v2,논문형 ElasticNet log(y),Batch 2 Test,Batch2_013,460.0,662.8749165676788,202.87491656767884,44.1032427321041
v2,논문형 ElasticNet log(y),Batch 2 Test,Batch2_014,426.0,534.7390845512738,108.73908455127378,25.525606702176944
v2,논문형 ElasticNet log(y),Batch 2 Test,Batch2_015,396.0,699.6924269729907,303.6924269729907,76.69000681136129
v2,논문형 ElasticNet log(y),Batch 2 Test,Batch2_016,472.0,717.1509345973902,245.15093459739023,51.93875732995556
v2,논문형 ElasticNet log(y),Batch 2 Test,Batch2_017,471.0,761.2833825488958,290.2833825488958,61.63129141165516
v2,논문형 ElasticNet log(y),Batch 2 Test,Batch2_018,449.0,784.8501319919005,335.8501319919005,74.79958396256137
v2,논문형 ElasticNet log(y),Batch 2 Test,Batch2_019,392.0,592.4662464151764,200.46624641517644,51.13934857530011
v2,논문형 ElasticNet log(y),Batch 2 Test,Batch2_020,489.0,758.9347963456227,269.93479634562266,55.20138984573061
v2,논문형 ElasticNet log(y),Batch 2 Test,Batch2_021,408.0,617.2052431776135,209.2052431776135,51.275794896473904
v2,논문형 ElasticNet log(y),Batch 2 Test,Batch2_024,514.0,863.9270139996605,349.9270139996605,68.07918560304678
v2,논문형 ElasticNet log(y),Batch 2 Test,Batch2_025,493.0,824.2985672555468,331.2985672555468,67.20052074149022
v2,논문형 ElasticNet log(y),Batch 2 Test,Batch2_026,450.0,695.8329002571306,245.83290025713063,54.62953339047347
v2,논문형 ElasticNet log(y),Batch 2 Test,Batch2_027,474.0,766.2721017891126,292.27210178911264,61.66078096816723
v2,논문형 ElasticNet log(y),Batch 2 Test,Batch2_028,437.0,763.0901378360697,326.09013783606974,74.6201688412059
v2,논문형 ElasticNet log(y),Batch 2 Test,Batch2_029,452.0,863.6374081327294,411.63740813272943,91.07022303821448
v2,논문형 ElasticNet log(y),Batch 2 Test,Batch2_030,412.0,642.3259361329538,230.32593613295376,55.90435343032858
v2,논문형 ElasticNet log(y),Batch 2 Test,Batch2_031,425.0,690.1017759123822,265.1017759123822,62.37688844997229
v2,논문형 ElasticNet log(y),Batch 2 Test,Batch2_032,809.0,899.5965596023156,90.59655960231555,11.198585859371514
v2,논문형 ElasticNet log(y),Batch 2 Test,Batch2_033,1140.0,887.8345834201743,-252.16541657982566,22.11977338419523
v2,논문형 ElasticNet log(y),Batch 2 Test,Batch2_034,1186.0,883.0819992308321,-302.91800076916786,25.541146776489704
v2,논문형 ElasticNet log(y),Batch 2 Test,Batch2_041,442.0,653.5035932530458,211.50359325304578,47.85149168620945
v2,논문형 ElasticNet log(y),Batch 2 Test,Batch2_042,474.0,806.7920038762034,332.79200387620335,70.20928351818637
v2,논문형 ElasticNet log(y),Batch 2 Test,Batch2_043,1029.0,1109.0862298387199,80.08622983871987,7.782918351673457
v2,논문형 ElasticNet log(y),Batch 2 Test,Batch2_044,841.0,1078.9257690975323,237.92576909753234,28.29081677735224
v2,논문형 ElasticNet log(y),Batch 2 Test,Batch2_045,997.0,946.3915415807686,-50.6084584192314,5.0760740641154865
v2,논문형 ElasticNet log(y),Batch 2 Test,Batch2_046,503.0,787.3273385101035,284.32733851010346,56.52630984296292
v2,논문형 ElasticNet log(y),Batch 3 Test,Batch3_000,1009.0,878.9152043167064,-130.08479568329358,12.892447540465172
v2,논문형 ElasticNet log(y),Batch 3 Test,Batch3_001,1063.0,847.1743370296834,-215.82566297031656,20.303449009437117
v2,논문형 ElasticNet log(y),Batch 3 Test,Batch3_002,1267.0,944.9994249123739,-322.0005750876261,25.41441003059401
v2,논문형 ElasticNet log(y),Batch 3 Test,Batch3_003,1115.0,778.0547882735625,-336.9452117264375,30.219301500128925
v2,논문형 ElasticNet log(y),Batch 3 Test,Batch3_004,1048.0,884.0459647935487,-163.9540352064513,15.644469008249171
v2,논문형 ElasticNet log(y),Batch 3 Test,Batch3_005,828.0,739.1648781854882,-88.83512181451181,10.728879446197078
v2,논문형 ElasticNet log(y),Batch 3 Test,Batch3_006,667.0,560.4358893814382,-106.56411061856181,15.97662827864495
v2,논문형 ElasticNet log(y),Batch 3 Test,Batch3_007,1836.0,943.5715466733627,-892.4284533266373,48.607214233476974
v2,논문형 ElasticNet log(y),Batch 3 Test,Batch3_008,828.0,814.7935257093889,-13.20647429061114,1.5949848177066592
v2,논문형 ElasticNet log(y),Batch 3 Test,Batch3_009,1039.0,805.8174216684071,-233.18257833159294,22.442981552607595
v2,논문형 ElasticNet log(y),Batch 3 Test,Batch3_010,1078.0,895.1650494261418,-182.83495057385824,16.960570554161247
v2,논문형 ElasticNet log(y),Batch 3 Test,Batch3_011,817.0,740.7422419940012,-76.25775800599877,9.333874908934977
v2,논문형 ElasticNet log(y),Batch 3 Test,Batch3_012,932.0,805.167000311753,-126.83299968824701,13.608690953674573
v2,논문형 ElasticNet log(y),Batch 3 Test,Batch3_013,816.0,799.0686899359398,-16.9313100640602,2.074915449026985
v2,논문형 ElasticNet log(y),Batch 3 Test,Batch3_014,858.0,832.8337677455047,-25.1662322544953,2.9331273023887294
v2,논문형 ElasticNet log(y),Batch 3 Test,Batch3_015,876.0,781.8003998017252,-94.19960019827477,10.753379018067896
v2,논문형 ElasticNet log(y),Batch 3 Test,Batch3_016,1638.0,974.3826938170471,-663.6173061829529,40.51387705634633
v2,논문형 ElasticNet log(y),Batch 3 Test,Batch3_017,1315.0,890.6976111283396,-424.30238887166036,32.26634135906162
v2,논문형 ElasticNet log(y),Batch 3 Test,Batch3_018,1146.0,833.1980228885064,-312.80197711149356,27.2951114407935
v2,논문형 ElasticNet log(y),Batch 3 Test,Batch3_019,1155.0,829.2691207187438,-325.7308792812562,28.20180772997889
v2,논문형 ElasticNet log(y),Batch 3 Test,Batch3_020,813.0,802.0393428901841,-10.960657109815884,1.3481743062504163
v2,논문형 ElasticNet log(y),Batch 3 Test,Batch3_021,772.0,641.3253079897703,-130.6746920102297,16.926773576454625
v2,논문형 ElasticNet log(y),Batch 3 Test,Batch3_022,1002.0,735.3607865117733,-266.6392134882267,26.61069994892482
v2,논문형 ElasticNet log(y),Batch 3 Test,Batch3_024,825.0,750.1650848966091,-74.83491510339093,9.070898800411022
v2,논문형 ElasticNet log(y),Batch 3 Test,Batch3_025,989.0,786.9237333207849,-202.0762666792151,20.43238287959708
v2,논문형 ElasticNet log(y),Batch 3 Test,Batch3_026,1028.0,856.8857788996434,-171.11422110035664,16.645352247116403
v2,논문형 ElasticNet log(y),Batch 3 Test,Batch3_027,850.0,780.0776769569983,-69.92232304300171,8.226155652117848
v2,논문형 ElasticNet log(y),Batch 3 Test,Batch3_028,541.0,495.4686173513194,-45.53138264868062,8.416152060754273
v2,논문형 ElasticNet log(y),Batch 3 Test,Batch3_029,858.0,823.3811845870586,-34.618815412941444,4.034826971205296
v2,논문형 ElasticNet log(y),Batch 3 Test,Batch3_030,935.0,844.288091802889,-90.71190819711103,9.701808363327382
v2,논문형 ElasticNet log(y),Batch 3 Test,Batch3_031,731.0,740.1644182309501,9.164418230950105,1.253682384534898
v2,논문형 ElasticNet log(y),Batch 3 Test,Batch3_033,1284.0,867.8311278165687,-416.1688721834313,32.41190593328904
v2,논문형 ElasticNet log(y),Batch 3 Test,Batch3_034,1158.0,817.8294522051007,-340.17054779489933,29.375694973652795
v2,논문형 ElasticNet log(y),Batch 3 Test,Batch3_035,1093.0,815.8599737051692,-277.1400262948308,25.35590359513548
v2,논문형 ElasticNet log(y),Batch 3 Test,Batch3_036,923.0,791.226465243442,-131.77353475655798,14.276655986626
v2,논문형 ElasticNet log(y),Batch 3 Test,Batch3_037,1390.0,993.7219671519973,-396.2780328480027,28.50921099625919
v2,논문형 ElasticNet log(y),Batch 3 Test,Batch3_038,1935.0,885.623552108266,-1049.376447891734,54.231340976317
v2,논문형 ElasticNet log(y),Batch 3 Test,Batch3_039,1156.0,818.2423431705312,-337.75765682946883,29.217790383172044
v2,논문형 ElasticNet log(y),Batch 3 Test,Batch3_040,796.0,822.7272794121108,26.72727941211076,3.3576984186068795
v2,논문형 ElasticNet log(y),Batch 3 Test,Batch3_041,786.0,783.9476653525021,-2.0523346474979007,0.26111127830762093
v2,논문형 ElasticNet log(y),Batch 3 Test,Batch3_042,1642.0,1023.7073781520033,-618.2926218479967,37.65484907722269
v2,논문형 ElasticNet log(y),Batch 3 Test,Batch3_043,1046.0,958.6720813720572,-87.32791862794284,8.348749390816716
v2,논문형 ElasticNet log(y),Batch 3 Test,Batch3_044,940.0,848.4322070535363,-91.56779294646367,9.741254568772732
v2,논문형 ElasticNet log(y),Batch 3 Test,Batch3_045,1801.0,1009.1575213170328,-791.8424786829672,43.96682280305204
