scope,feature,feature_ko,outcome,outcome_ko,n,spearman_r,permutation_p,p_bh_within_scope
전체,c_rate_stage1,1단계 C-rate,cycle_life,Cycle Life,129,-0.027452092366550378,0.760247950409918,0.760247950409918
Batch 1,c_rate_stage1,1단계 C-rate,cycle_life,Cycle Life,46,-0.4827140029854095,0.0009998000399920016,0.004499100179964007
Batch 2,c_rate_stage1,1단계 C-rate,cycle_life,Cycle Life,39,0.05509278655119762,0.7470505898820236,0.8404319136172765
Batch 3,c_rate_stage1,1단계 C-rate,cycle_life,Cycle Life,44,-0.22887519748075072,0.13277344531093782,0.23899220155968806
배치 보정,c_rate_stage1,1단계 C-rate,cycle_life,Cycle Life,129,-0.22579143666470483,0.011397720455908818,0.025644871025794838
전체,c_rate_stage1,1단계 C-rate,delta_q_log10_var,ΔQ 로그분산,139,0.21713604587566726,0.009998000399920015,0.04499100179964007
Batch 1,c_rate_stage1,1단계 C-rate,delta_q_log10_var,ΔQ 로그분산,46,0.5395785716597657,0.0005998800239952009,0.004499100179964007
Batch 2,c_rate_stage1,1단계 C-rate,delta_q_log10_var,ΔQ 로그분산,47,0.2135402216320425,0.15816836632673464,0.35587882423515294
Batch 3,c_rate_stage1,1단계 C-rate,delta_q_log10_var,ΔQ 로그분산,46,0.33677659801155985,0.021995600879824034,0.04949010197960407
배치 보정,c_rate_stage1,1단계 C-rate,delta_q_log10_var,ΔQ 로그분산,139,0.3477046754030495,0.0001999600079984003,0.0017996400719856027
전체,c_rate_stage1,1단계 C-rate,qd_slope,초기 QD 기울기,139,-0.11656109872557874,0.17436512697460507,0.2241837346816351
Batch 1,c_rate_stage1,1단계 C-rate,qd_slope,초기 QD 기울기,46,-0.3785783504185689,0.008798240351929614,0.026394721055788842
Batch 2,c_rate_stage1,1단계 C-rate,qd_slope,초기 QD 기울기,47,-0.059647448051787746,0.6936612677464508,0.8404319136172765
Batch 3,c_rate_stage1,1단계 C-rate,qd_slope,초기 QD 기울기,46,-0.08222580965779977,0.5904819036192761,0.6642921415716856
배치 보정,c_rate_stage1,1단계 C-rate,qd_slope,초기 QD 기울기,139,-0.13524293440675245,0.11797640471905618,0.1516839489245008
전체,switch_soc_pct,전환 SOC,cycle_life,Cycle Life,129,0.16046877826173972,0.07098580283943211,0.13797240551889622
Batch 1,switch_soc_pct,전환 SOC,cycle_life,Cycle Life,46,0.18515925395200944,0.20975804839032194,0.3775644871025795
Batch 2,switch_soc_pct,전환 SOC,cycle_life,Cycle Life,39,0.28781347990487877,0.08058388322335533,0.28074385122975404
Batch 3,switch_soc_pct,전환 SOC,cycle_life,Cycle Life,44,0.44332485175807257,0.003799240151969606,0.017096580683863227
배치 보정,switch_soc_pct,전환 SOC,cycle_life,Cycle Life,129,0.24989649569037295,0.005398920215956809,0.016196760647870425
전체,switch_soc_pct,전환 SOC,delta_q_log10_var,ΔQ 로그분산,135,-0.24123251432877335,0.004199160167966407,0.03779244151169766
Batch 1,switch_soc_pct,전환 SOC,delta_q_log10_var,ΔQ 로그분산,46,-0.1981000487699279,0.1841631673665267,0.3775644871025795
Batch 2,switch_soc_pct,전환 SOC,delta_q_log10_var,ΔQ 로그분산,43,-0.26579291095300733,0.09358128374325135,0.28074385122975404
Batch 3,switch_soc_pct,전환 SOC,delta_q_log10_var,ΔQ 로그분산,46,-0.5065326078845562,0.0007998400319936012,0.007198560287942411
배치 보정,switch_soc_pct,전환 SOC,delta_q_log10_var,ΔQ 로그분산,135,-0.321249332274536,0.0005998800239952009,0.002699460107978404
전체,switch_soc_pct,전환 SOC,qd_slope,초기 QD 기울기,135,0.14826034523336848,0.08578284343131373,0.13797240551889622
Batch 1,switch_soc_pct,전환 SOC,qd_slope,초기 QD 기울기,46,0.09973830629793591,0.5246950609878024,0.7520245950809838
Batch 2,switch_soc_pct,전환 SOC,qd_slope,초기 QD 기울기,43,0.030588800539443305,0.8448310337932413,0.8448310337932413
Batch 3,switch_soc_pct,전환 SOC,qd_slope,초기 QD 기울기,46,0.3656001502914296,0.013597280543891222,0.04079184163167367
배치 보정,switch_soc_pct,전환 SOC,qd_slope,초기 QD 기울기,135,0.14225290014345335,0.10177964407118577,0.1516839489245008
전체,c_rate_stage2,2단계 C-rate,cycle_life,Cycle Life,129,-0.1458114796287822,0.09198160367926415,0.13797240551889622
Batch 1,c_rate_stage2,2단계 C-rate,cycle_life,Cycle Life,46,0.04741433338534666,0.7578484303139372,0.7578484303139372
Batch 2,c_rate_stage2,2단계 C-rate,cycle_life,Cycle Life,39,-0.11884016238051072,0.47230553889222154,0.7084583083383323
Batch 3,c_rate_stage2,2단계 C-rate,cycle_life,Cycle Life,44,0.015736317835818345,0.9170165966806638,0.9170165966806638
배치 보정,c_rate_stage2,2단계 C-rate,cycle_life,Cycle Life,129,-0.05679906586817544,0.528494301139772,0.528494301139772
전체,c_rate_stage2,2단계 C-rate,delta_q_log10_var,ΔQ 로그분산,135,0.05815779845818514,0.49610077984403117,0.558113377324535
Batch 1,c_rate_stage2,2단계 C-rate,delta_q_log10_var,ΔQ 로그분산,46,-0.0659994201603806,0.6684663067386523,0.7520245950809838
Batch 2,c_rate_stage2,2단계 C-rate,delta_q_log10_var,ΔQ 로그분산,43,0.2593611763578162,0.09258148370325935,0.28074385122975404
Batch 3,c_rate_stage2,2단계 C-rate,delta_q_log10_var,ΔQ 로그분산,46,-0.15634909466243513,0.29114177164567084,0.3743251349730054
배치 보정,c_rate_stage2,2단계 C-rate,delta_q_log10_var,ΔQ 로그분산,135,0.09999512082496866,0.2623475304939012,0.29514097180563886
전체,c_rate_stage2,2단계 C-rate,qd_slope,초기 QD 기울기,135,-0.165338533720031,0.05438912217556489,0.13797240551889622
Batch 1,c_rate_stage2,2단계 C-rate,qd_slope,초기 QD 기울기,46,-0.07188733523692907,0.6434713057388523,0.7520245950809838
Batch 2,c_rate_stage2,2단계 C-rate,qd_slope,초기 QD 기울기,43,-0.15901766158264216,0.2955408918216357,0.5319736052789442
Batch 3,c_rate_stage2,2단계 C-rate,qd_slope,초기 QD 기울기,46,-0.18972556535741922,0.19616076784643072,0.2942411517696461
배치 보정,c_rate_stage2,2단계 C-rate,qd_slope,초기 QD 기울기,135,-0.20661668285656196,0.01859628074385123,0.03347330533893221
