scope,feature,n,pearson_r,pearson_p,spearman_r,spearman_p,spearman_p_bh,abs_spearman
전체,c_rate_stage1,129,-0.07825177234916186,0.378062847037358,-0.02745209236655038,0.7574590525862779,0.8123473897302111,0.02745209236655038
전체,switch_soc_pct,129,0.2215842433143893,0.011613655448274595,0.16046877826173975,0.06927432935881947,0.09154107808129716,0.16046877826173975
전체,c_rate_stage2,129,-0.12481384857087102,0.1587369824352885,-0.1458114796287822,0.09918757963501156,0.12233134821651426,0.1458114796287822
전체,qd_mean,129,-0.4948129573272801,2.514130978394645e-09,-0.5016268071289292,1.3986592872417284e-09,5.447409855573047e-09,0.5016268071289292
전체,qd_std,129,-0.11169694162708813,0.20758535005851378,-0.538067845157124,4.831680852074048e-11,2.2346523940842472e-10,0.538067845157124
전체,qd_median,129,-0.495158697733725,2.4411783067853004e-09,-0.5064876620135675,9.132365924586142e-10,3.754417102329858e-09,0.5064876620135675
전체,qd_min,129,-0.08686227281859608,0.3276715591455252,-0.34732611055514584,5.51267525362126e-05,0.00011655370536227806,0.34732611055514584
전체,qd_max,129,-0.10673550981137409,0.22861845243481138,-0.5201002918515142,2.669225908428342e-10,1.161898336609984e-09,0.5201002918515142
전체,qd_delta,129,0.010568102389205747,0.9053818533069949,-0.09107883586029772,0.3046449872226593,0.35881818838205765,0.09107883586029772
전체,qd_slope,129,-0.12070725290570627,0.17300403531088762,-0.18424848221726564,0.03659787969568045,0.05109892636755384,0.18424848221726564
전체,qc_mean,129,-0.3872449851464047,5.79799420784103e-06,-0.45997551406625126,4.158029187672273e-08,1.3378006951641225e-07,0.45997551406625126
전체,qc_std,129,-0.07625932615633035,0.39036221054263825,-0.48503449281310773,5.70500793764817e-09,2.1108529369298228e-08,0.48503449281310773
전체,qc_median,129,-0.4271443713593873,4.458786916415568e-07,-0.44009883834189034,1.801232028511157e-07,5.126583465762524e-07,0.44009883834189034
전체,qc_min,129,0.03150020336148981,0.7230547557861698,-0.15418050292223673,0.08106209502080264,0.1034240522679206,0.15418050292223673
전체,qc_max,129,-0.09608188552318811,0.2787343947592392,-0.44598832726767135,1.1779480849881398e-07,3.4867263315648937e-07,0.44598832726767135
전체,qc_delta,129,0.35408887642602926,3.843000081129264e-05,0.34905634009717645,5.0305110434768474e-05,0.00010948759329920197,0.34905634009717645
전체,qc_slope,129,0.06866109622127381,0.4394261002572744,0.2543912610988735,0.003623250536985854,0.005704692334828791,0.2543912610988735
전체,ir_mean,123,-0.335580318465774,0.0001479984626245885,-0.3581349830374751,4.760089807586931e-05,0.00010674140780649482,0.3581349830374751
전체,ir_std,123,-0.1581033987923624,0.08071531829147677,-0.5831023747592193,1.4769752100203776e-12,7.28641103610053e-12,0.5831023747592193
전체,ir_median,123,-0.3157944688435281,0.00037359207863619994,-0.3446595758964891,9.471806081616628e-05,0.00017785118315124718,0.3446595758964891
전체,ir_min,123,-0.3370586603591205,0.00013775347265556606,-0.3530240664740717,6.202113034950351e-05,0.00012404226069900702,0.3530240664740717
전체,ir_max,123,-0.35628392446117885,5.241610674961121e-05,-0.4586475257490506,9.557247621649272e-08,2.9468180166751925e-07,0.4586475257490506
전체,ir_delta,123,0.18613957870908615,0.03926859912959433,0.02649292775073962,0.7711493647094948,0.8152150426928945,0.02649292775073962
전체,ir_slope,123,0.0531103348940913,0.5596106454529806,-0.09648830052158977,0.28838999788382597,0.34985016136726427,0.09648830052158977
전체,tavg_mean,129,0.23871651476162692,0.006441596617132126,0.1896599917380592,0.0313394886926102,0.04459850313948374,0.1896599917380592
전체,tavg_std,129,-0.07871080514162629,0.3752630348260235,-0.09092230459316733,0.30548034956850856,0.35881818838205765,0.09092230459316733
전체,tavg_median,129,0.22349326982446654,0.010897211172161483,0.17327172710974695,0.049563346391506995,0.06668522969039123,0.17327172710974695
전체,tavg_min,129,0.26464843894831025,0.002439050640906454,0.2506512818949367,0.004169765731164749,0.0064283888355456545,0.2506512818949367
전체,tavg_max,129,0.260458704265674,0.00287234932195454,0.23750545065718254,0.006724659036196559,0.010155607524051945,0.23750545065718254
전체,tavg_delta,129,0.25645030403752367,0.0033506703887166227,0.20243126601517986,0.02141020777725185,0.0310657916767968,0.20243126601517986
전체,tavg_slope,129,0.34548579997316614,6.0727839661303984e-05,0.39897304310457876,2.822453445689133e-06,7.4593412493212795e-06,0.39897304310457876
전체,tmax_mean,129,-0.016765056384014154,0.8504264725383395,-0.011477096122096195,0.8972862726026206,0.9095778653779989,0.011477096122096195
전체,tmax_std,129,-0.31877680588573865,0.00023150009057307686,-0.47769988486756937,1.037409102227778e-08,3.6556320745169324e-08,0.47769988486756937
전체,tmax_median,129,-0.023163318332421023,0.7944326288686184,-0.01982636210278332,0.8235243790278814,0.8464000562231004,0.01982636210278332
전체,tmax_min,129,0.049929818558044056,0.574167361928046,0.05447847136377371,0.5397510371884848,0.6144857961838135,0.05447847136377371
전체,tmax_max,129,-0.07233323704573628,0.41529042062550203,-0.05636523217293467,0.5257810065279013,0.6079342887978858,0.05636523217293467
전체,tmax_delta,129,-0.08462446430639745,0.3403339426741681,-0.2775522982317739,0.00144997514181927,0.002384403566547244,0.2775522982317739
전체,tmax_slope,129,0.02759085928325139,0.7562713550491859,-0.1465719652592202,0.09741876599648075,0.12218624887694196,0.1465719652592202
전체,tmin_mean,129,0.3309992847722463,0.00012740748674486784,0.303064099572829,0.0004810010928493119,0.0008681483139231483,0.303064099572829
전체,tmin_std,129,-0.2474145945987291,0.004701190362527855,-0.25993694027720743,0.0029309107956532895,0.004714943453877031,0.25993694027720743
전체,tmin_median,129,0.31446730473302287,0.0002840578920801083,0.2856695625129642,0.00103195919563682,0.0017759297785377832,0.2856695625129642
전체,tmin_min,129,0.3860241304610034,6.239377020044503e-06,0.3897013607283018,4.997828433992913e-06,1.275307945225778e-05,0.3897013607283018
전체,tmin_max,129,0.3634536633274924,2.30008424258022e-05,0.38723040286860066,5.803087458793466e-06,1.4314282398357217e-05,0.38723040286860066
전체,tmin_delta,129,0.36975958378622725,1.6131285888960538e-05,0.3431640559701967,6.855445750996636e-05,0.0001335007856773029,0.3431640559701967
전체,tmin_slope,129,0.49188691595702155,3.2214408013445724e-09,0.476783058874377,1.1168235301314506e-08,3.7565882377148794e-08,0.476783058874377
전체,chargetime_mean,129,0.3110225063613697,0.00033379288376793103,-0.04778116929155196,0.590773943058619,0.662382905853603,0.04778116929155196
전체,chargetime_std,129,-0.11435995432141965,0.19688576120587525,0.0023339930009620854,0.9790570775861949,0.9790570775861949,0.0023339930009620854
전체,chargetime_median,129,0.3153664539115535,0.00027225625615802986,-0.027679518555197312,0.7555128233630901,0.8123473897302111,0.027679518555197312
전체,chargetime_min,129,0.31951906457194246,0.00022341468924844186,-0.024276322411204445,0.7847897840381235,0.8179499157580442,0.024276322411204445
전체,chargetime_max,129,0.3011501056895979,0.0005243770408297848,-0.03232929706482333,0.7160735854209694,0.7908872435992798,0.03232929706482333
전체,chargetime_delta,129,-0.05033648795050648,0.5710490327602413,-0.2025514596667264,0.02133142092490631,0.0310657916767968,0.2025514596667264
전체,chargetime_slope,129,-0.18052382115760046,0.0406334230103151,-0.15925379309798066,0.07143645673334696,0.092742066636275,0.15925379309798066
전체,temperature_range_mean,129,-0.1999832803570229,0.023070209393363808,-0.1804246469773661,0.04074577506050074,0.0558368028606862,0.1804246469773661
전체,coulombic_efficiency_mean,129,0.09054093165064599,0.30752190613690056,-0.2844173123759211,0.001088265600840411,0.0018302648741406913,0.2844173123759211
전체,delta_q_min,129,0.8272875785170511,1.332824387951881e-33,0.8833981820563573,1.249391868275774e-43,1.5409166375401216e-42,0.8833981820563573
전체,delta_q_max,129,0.3830604451085456,7.446693142525804e-06,0.286776462187672,0.0009844200371565614,0.001734454351180608,0.286776462187672
전체,delta_q_mean,129,0.7973774367332499,1.2299339950132608e-29,0.8692740303990383,1.1198428853771064e-40,6.905697793158823e-40,0.8692740303990383
전체,delta_q_std,129,-0.8235434679075906,4.587581403771235e-33,-0.8920744865772992,1.2214674174067086e-45,2.259714722202411e-44,0.8920744865772992
전체,delta_q_var,129,-0.7498360590668787,1.546091457858724e-24,-0.8920744865772992,1.2214674174067086e-45,2.259714722202411e-44,0.8920744865772992
전체,delta_q_log10_var,129,-0.8506086960839997,2.8994191529538143e-37,-0.8920744865772992,1.2214674174067086e-45,2.259714722202411e-44,0.8920744865772992
전체,delta_q_q05,129,0.8273761864791618,1.2939356502385592e-33,0.8840913919536492,8.751280393872581e-44,1.295189498293142e-42,0.8840913919536492
전체,delta_q_q25,129,0.8110764088509026,2.2990362778158736e-31,0.8815337828567864,3.219209693451318e-43,3.403164533077107e-42,0.8815337828567864
전체,delta_q_q50,129,0.7627143457339778,8.447443807814546e-26,0.8484777334802863,6.640501600920426e-37,3.779977834370089e-36,0.8484777334802863
전체,delta_q_q75,129,0.6630494017182944,1.1255854835366058e-17,0.7543912611301261,5.643981056799232e-25,2.983247130022451e-24,0.7543912611301261
전체,delta_q_q95,129,0.30435922926528375,0.000453552803859786,0.355272867563212,3.6047038901107225e-05,8.335877745881046e-05,0.355272867563212
전체,delta_q_iqr,129,-0.8528812804162561,1.1810767505261284e-37,-0.8991183935981667,2.1119711633323036e-47,1.5628586608659047e-45,0.8991183935981667
전체,delta_q_min_voltage,129,-0.24029065102450903,0.006089527585186744,-0.3453702501843722,6.109671025113865e-05,0.00012404226069900702,0.3453702501843722
전체,delta_q_max_voltage,129,-0.31783613070541084,0.00024213668553703583,-0.41826097757736846,8.125280204284715e-07,2.2269286485817367e-06,0.41826097757736846
전체,delta_q_area,129,0.7974167418762192,1.21650493534613e-29,0.8693774528433923,1.0685769583676914e-40,6.905697793158823e-40,0.8693774528433923
전체,delta_q_abs_area,129,-0.7918581136992311,5.612582388532181e-29,-0.8697939378220071,8.844525599253767e-41,6.544948943447788e-40,0.8697939378220071
전체,delta_q_l1,129,-0.791818299084729,5.673433691319112e-29,-0.8697939378220071,8.844525599253767e-41,6.544948943447788e-40,0.8697939378220071
전체,delta_q_l2,129,-0.8046105586143866,1.564421420259136e-30,-0.8778105748600422,2.033801919448321e-42,1.881266775489697e-41,0.8778105748600422
전체,delta_q_skew,129,-0.025659163363494886,0.7728546004839898,-0.3365897427507203,9.613577467634983e-05,0.00017785118315124718,0.3365897427507203
전체,delta_q_kurtosis,129,0.3647312958403275,2.1418393478914897e-05,0.3772683057962308,1.0470386791270936e-05,2.499382653400159e-05,0.3772683057962308
Batch 1,c_rate_stage1,46,-0.5797191371008247,2.4216765973613692e-05,-0.48271400298540956,0.0006798301167917071,0.0019349011016379356,0.48271400298540956
Batch 1,switch_soc_pct,46,0.23455103060246416,0.11664807115135803,0.18515925395200944,0.21797286094610835,0.2644260936067544,0.18515925395200944
Batch 1,c_rate_stage2,46,-0.09588674869190958,0.5261452944131032,0.04741433338534666,0.7543523473289233,0.809015560903483,0.04741433338534666
Batch 1,qd_mean,46,0.2322571339447417,0.12037102758948487,0.24188972538912581,0.10532270797378508,0.16582724234170418,0.24188972538912581
Batch 1,qd_std,46,0.25817393402572086,0.08321387722854628,0.05489083518519173,0.7171162361236305,0.780391198134539,0.05489083518519173
Batch 1,qd_median,46,0.20280288307727196,0.1764658195368104,0.21598618518937238,0.1493999173730696,0.20101079792013002,0.21598618518937238
Batch 1,qd_min,46,0.15854713805438259,0.29261596881187896,0.14172936995007931,0.3474455855211983,0.4081106877550583,0.14172936995007931
Batch 1,qd_max,46,0.30541323958579586,0.03901676199501472,0.3097940057699079,0.03615753077159262,0.063706125645187,0.3097940057699079
Batch 1,qd_delta,46,0.5395075316035273,0.00010924881715289722,0.5656223027903297,4.199462268669494e-05,0.0001553801039407713,0.5656223027903297
Batch 1,qd_slope,46,0.15045157328717385,0.3182670370828672,0.47878376802544204,0.000762781135704611,0.0020905853348941192,0.47878376802544204
Batch 1,qc_mean,46,-0.05061188550713567,0.7383540418854999,0.18669051472536558,0.21412336489821157,0.2640854833744609,0.18669051472536558
Batch 1,qc_std,46,-0.0779656380161463,0.6065381853693549,0.03947206125676709,0.7945194498550822,0.828090694215156,0.03947206125676709
Batch 1,qc_median,46,0.20646075860366317,0.16862594171832385,0.24016282270914222,0.10790873167180504,0.16635929466069943,0.24016282270914222
Batch 1,qc_min,46,0.15928392600395272,0.2903499636985247,0.11995806116314373,0.42714994686810903,0.49389212606625105,0.11995806116314373
Batch 1,qc_max,46,0.03469501566339433,0.8189420218431539,0.2610706801560861,0.0796926874530026,0.12820127981569984,0.2610706801560861
Batch 1,qc_delta,46,0.5457795268869632,8.746178501791856e-05,0.5803009755701899,2.365973090749721e-05,9.214842563972598e-05,0.5803009755701899
Batch 1,qc_slope,46,0.13433876684781126,0.3734126061133777,0.4917972132210324,0.000518246747729387,0.0015340103732789853,0.4917972132210324
Batch 1,ir_mean,46,0.217968292726865,0.14561093150012439,0.18903416836248615,0.2083236654075032,0.2612873091551735,0.18903416836248615
Batch 1,ir_std,46,-0.1341346850911064,0.3741457063444825,-0.4434439381814927,0.0020245001315235605,0.005165965852853224,0.4434439381814927
Batch 1,ir_median,46,0.1081907136463576,0.4741791489767087,0.2121006541594094,0.15703737350995653,0.20751367213815683,0.2121006541594094
Batch 1,ir_min,46,0.33096543006473833,0.02466084947489807,0.27544097745737783,0.06391988541370702,0.10750162546850726,0.27544097745737783
Batch 1,ir_max,46,0.16505856373771652,0.2729855949276186,0.19908720896381898,0.18469467751346666,0.23977905501748303,0.19908720896381898
Batch 1,ir_delta,46,0.14172204849137485,0.3474707473506575,-0.225484149929282,0.13188765112106635,0.19136639574429232,0.225484149929282
Batch 1,ir_slope,46,0.1030893381803933,0.4953883152461972,-0.32342420192263527,0.028343232074072744,0.053322792402349745,0.32342420192263527
Batch 1,tavg_mean,46,-0.4817746366763402,0.0006988839225022428,-0.37146910148360657,0.011029520555416832,0.024732864275783195,0.37146910148360657
Batch 1,tavg_std,46,0.0008935870703104982,0.9952974493878752,0.04446774400957667,0.7691858387224784,0.8131393152209057,0.04446774400957667
Batch 1,tavg_median,46,-0.4831158316908038,0.0006718228393233145,-0.3664117436350833,0.012262043817431591,0.026687977720292286,0.3664117436350833
Batch 1,tavg_min,46,-0.4441861938467428,0.001985496618057372,-0.3390280011382011,0.02117521379538025,0.044770452024518244,0.3390280011382011
Batch 1,tavg_max,46,-0.4695363365477768,0.0009947719766452668,-0.33107191379113393,0.02461186670519163,0.05059105933844946,0.33107191379113393
Batch 1,tavg_delta,46,-0.4526056243368148,0.0015874784424327081,-0.4730479841240681,0.0009001387614728396,0.002378938155321076,0.4730479841240681
Batch 1,tavg_slope,46,-0.39975874484166113,0.005914582162219062,-0.5458862721619461,8.712798185623596e-05,0.0002930668480618846,0.5458862721619461
Batch 1,tmax_mean,46,-0.40359585194480413,0.005412764186551623,-0.32299247625263944,0.028567184242732767,0.053322792402349745,0.32299247625263944
Batch 1,tmax_std,46,-0.4171404411326784,0.003925678790828998,-0.4016282232876051,0.005665252010161259,0.013523504798449456,0.4016282232876051
Batch 1,tmax_median,46,-0.409029966681126,0.004765704300447399,-0.3292833360154367,0.025445495211024124,0.05089099042204825,0.3292833360154367
Batch 1,tmax_min,46,-0.3982308724455718,0.00612538712802058,-0.28018995982733264,0.059293029939551656,0.10203916780294936,0.28018995982733264
Batch 1,tmax_max,46,-0.3997785119549201,0.005911896717876865,-0.32237572529550246,0.028889666267779373,0.053322792402349745,0.32237572529550246
Batch 1,tmax_delta,46,-0.5039803708549766,0.00035582174607287425,-0.4934624408053023,0.000492688944079534,0.00151912424424523,0.4934624408053023
Batch 1,tmax_slope,46,-0.44332876022584167,0.002030612842856754,-0.49784137260097494,0.00043080490016484465,0.0013860679396608044,0.49784137260097494
Batch 1,tmin_mean,46,-0.41769428530341773,0.0038733730073588104,-0.2338102878506313,0.11784061243237391,0.17796337387746264,0.2338102878506313
Batch 1,tmin_std,46,0.22679410500289163,0.12959829969993714,0.23115825873494225,0.12218598120670154,0.18083525218591828,0.23115825873494225
Batch 1,tmin_median,46,-0.4117397777075305,0.004469072899372578,-0.21598618518937238,0.1493999173730696,0.20101079792013002,0.21598618518937238
Batch 1,tmin_min,46,-0.4408161168333287,0.0021680944512860985,-0.2710003705659915,0.06850245008774601,0.11264847347762677,0.2710003705659915
Batch 1,tmin_max,46,-0.30970817429978686,0.03621184705676789,-0.14567657607575604,0.33404331581425273,0.3986968608105597,0.14567657607575604
Batch 1,tmin_delta,46,-0.38076827377537764,0.00903890962217784,-0.39897619417191604,0.006021750932747184,0.013925299031977863,0.39897619417191604
Batch 1,tmin_slope,46,-0.37300699289551376,0.01067645981287043,-0.4017515734790325,0.005649127638281793,0.013523504798449456,0.4017515734790325
Batch 1,chargetime_mean,46,0.7394290405177046,4.37173600892249e-09,0.6192796360612474,4.4688307778263616e-06,1.9452557503479457e-05,0.6192796360612474
Batch 1,chargetime_std,46,-0.18695063447196783,0.21347417344612876,0.015233748641283547,0.9199611709872155,0.9325633788089582,0.015233748641283547
Batch 1,chargetime_median,46,0.7439637772944834,3.128439665015153e-09,0.6405575440824733,1.629918948306866e-06,8.040933478313872e-06,0.6405575440824733
Batch 1,chargetime_min,46,0.7387664200982577,4.5881758873489294e-09,0.6168743073284131,4.98526824596745e-06,2.0494991677866185e-05,0.6168743073284131
Batch 1,chargetime_max,46,0.7382579186653071,4.761048056934096e-09,0.6196496866355296,4.393917290936914e-06,1.9452557503479457e-05,0.6196496866355296
Batch 1,chargetime_delta,46,0.014477959567677619,0.9239201773018293,-0.062291846670835566,0.6808843339859432,0.7634157684084817,0.062291846670835566
Batch 1,chargetime_slope,46,-0.2552787834925338,0.08685354027275588,-0.11385222668748757,0.45121727174661674,0.5136935093730713,0.11385222668748757
Batch 1,temperature_range_mean,46,-0.3534618841247159,0.015966819754481165,-0.32114222338122844,0.029543709304004587,0.053322792402349745,0.32114222338122844
Batch 1,coulombic_efficiency_mean,46,0.12316178115207257,0.4148166975670825,0.015357098832710945,0.919315212022956,0.9325633788089582,0.015357098832710945
Batch 1,delta_q_min,46,0.8816450170696561,6.021710550310929e-16,0.8500061691261938,7.873942254887433e-14,9.7111954476945e-13,0.8500061691261938
Batch 1,delta_q_max,46,0.2639171276946364,0.07634759469596458,0.194584926976719,0.1950284219554933,0.24882936594321559,0.194584926976719
Batch 1,delta_q_mean,46,0.8538097844630059,4.662049720731681e-14,0.8281115101478308,1.2442796060124087e-12,7.673057570409853e-12,0.8281115101478308
Batch 1,delta_q_std,46,-0.8937125755883613,6.422592186956318e-17,-0.8711607269559923,3.4849985796058305e-15,6.447247372270787e-14,0.8711607269559923
Batch 1,delta_q_var,46,-0.8378261389128987,3.8454250283514224e-13,-0.8711607269559923,3.4849985796058305e-15,6.447247372270787e-14,0.8711607269559923
Batch 1,delta_q_log10_var,46,-0.8861231061757036,2.7028973897643394e-16,-0.8711607269559923,3.4849985796058305e-15,6.447247372270787e-14,0.8711607269559923
Batch 1,delta_q_q05,46,0.8854240944329488,3.069596419203365e-16,0.8563587039847047,3.2540688384610285e-14,4.816021880922322e-13,0.8563587039847047
Batch 1,delta_q_q25,46,0.87252897607537,2.7959755268972453e-15,0.8448254610862431,1.5715729283007813e-13,1.6613770956322546e-12,0.8448254610862431
Batch 1,delta_q_q50,46,0.8173386612689767,4.212916075726413e-12,0.8173800434936472,4.193869522340885e-12,2.3872795742555808e-11,0.8173800434936472
Batch 1,delta_q_q75,46,0.7290154383760631,9.191601381205806e-09,0.7482422611985912,2.2668358944860727e-09,1.1981846870854956e-08,0.7482422611985912
Batch 1,delta_q_q95,46,0.3004990622993674,0.04244206674260854,0.22240039514359705,0.1373962549146455,0.1955254396862263,0.22240039514359705
Batch 1,delta_q_iqr,46,-0.9091016579601636,2.419039465731507e-18,-0.8793635146859142,8.945793133856279e-16,6.447247372270787e-14,0.8793635146859142
Batch 1,delta_q_min_voltage,46,0.3118110986144132,0.03490023964400185,0.05616556701803193,0.7108291077407203,0.780391198134539,0.05616556701803193
Batch 1,delta_q_max_voltage,46,-0.16647685544476842,0.2688279809037362,0.011021411882649861,0.942048178122882,0.9420481781228819,0.011021411882649861
Batch 1,delta_q_area,46,0.8538412304188928,4.6416081840044307e-14,0.8281115101478308,1.2442796060124087e-12,7.673057570409853e-12,0.8281115101478308
Batch 1,delta_q_abs_area,46,-0.8538252099635459,4.652011698856398e-14,-0.8281115101478308,1.2442796060124087e-12,7.673057570409853e-12,0.8281115101478308
Batch 1,delta_q_l1,46,-0.8537942092012153,4.672206007949887e-14,-0.8281115101478308,1.2442796060124087e-12,7.673057570409853e-12,0.8281115101478308
Batch 1,delta_q_l2,46,-0.8690881874452058,4.8424310922542385e-15,-0.8433452587891144,1.9058560312485953e-13,1.7629168289049505e-12,0.8433452587891144
Batch 1,delta_q_skew,46,-0.5850066331378362,1.9568560270807246e-05,-0.5556926123804241,6.0977182883294536e-05,0.00021487197777922835,0.5556926123804241
Batch 1,delta_q_kurtosis,46,0.30411328051042535,0.03990001718782865,0.21931664035791215,0.14307433891823343,0.19976417131979762,0.21931664035791215
Batch 2,c_rate_stage1,39,0.19074658847387696,0.2447592682571221,0.05509278655119761,0.7390485991636518,0.816262631912093,0.05509278655119761
Batch 2,switch_soc_pct,39,0.11611987845984814,0.48145664397821836,0.28781347990487877,0.07561362556004725,0.17485650910760925,0.28781347990487877
Batch 2,c_rate_stage2,39,-0.1163051885083705,0.48075249647490165,-0.11884016238051073,0.4711742552506387,0.5794729544695428,0.11884016238051073
Batch 2,qd_mean,39,-0.3325695460441213,0.038582062455566606,0.11711711771713532,0.4776736516573259,0.5794729544695428,0.11711711771713532
Batch 2,qd_std,39,0.17290351138287405,0.2925223419443677,-0.10051624709863038,0.5426267592097291,0.6373711139923802,0.10051624709863038
Batch 2,qd_median,39,-0.29510836173856436,0.06817504666301005,0.1106387291830846,0.5025252184082816,0.5997881639066587,0.1106387291830846
Batch 2,qd_min,39,-0.27709248624740174,0.08768052888449389,0.030569895895051737,0.8534324526620726,0.9022000213856196,0.030569895895051737
Batch 2,qd_max,39,-0.3957586244698947,0.012636313664314763,0.044943820454976725,0.7858685070055207,0.855209845858949,0.044943820454976725
Batch 2,qd_delta,39,-0.19927611814281423,0.2238962185446957,-0.09666970390653778,0.5582557812059112,0.6454832470193349,0.09666970390653778
Batch 2,qd_slope,39,-0.44525545809579065,0.004505675482961529,-0.27108007022168396,0.09507087452843674,0.20100699186012339,0.27108007022168396
Batch 2,qc_mean,39,-0.3058759360592956,0.05826298291186488,-0.07035125048695681,0.6704159788321633,0.7516785217209103,0.07035125048695681
Batch 2,qc_std,39,0.06520384197037704,0.6933081619998387,0.00465634175884894,0.9775561797644207,0.9775561797644207,0.00465634175884894
Batch 2,qc_median,39,-0.2763091869125878,0.08861735652780656,-0.024395181823534662,0.8828060853009865,0.9073284765593471,0.024395181823534662
Batch 2,qc_min,39,-0.21987012306264472,0.17864456974905074,-0.015588622410059495,0.924958885656056,0.9376295553225774,0.015588622410059495
Batch 2,qc_max,39,-0.3298262320546728,0.04031328643972227,-0.13776698116942188,0.4029517406628049,0.545005262557723,0.13776698116942188
Batch 2,qc_delta,39,0.06376919302766244,0.6997377057046174,0.03451766390798888,0.8347516567003244,0.8952409071858551,0.03451766390798888
Batch 2,qc_slope,39,-0.18747540133749463,0.2530966644027904,-0.11823059074642527,0.47346822232849406,0.5794729544695428,0.11823059074642527
Batch 2,ir_mean,33,-0.6255133874742054,9.920802832834427e-05,-0.1992145072552431,0.26637028583084976,0.4193915138613379,0.1992145072552431
Batch 2,ir_std,33,-0.5394295695058383,0.0011972453679930351,-0.4331912775214682,0.011794799138151306,0.040043108552577894,0.4331912775214682
Batch 2,ir_median,33,-0.6138944765599588,0.00014488383953025424,-0.2025570325447606,0.25826444946363847,0.4193915138613379,0.2025570325447606
Batch 2,ir_min,33,-0.5847718929459216,0.00035168886118620347,-0.2000501385776225,0.2643284042599286,0.4193915138613379,0.2000501385776225
Batch 2,ir_max,33,-0.6776589898340424,1.4762811133899042e-05,-0.18450739598136612,0.30399469299220117,0.4590940261514874,0.18450739598136612
Batch 2,ir_delta,33,0.32985269607460926,0.060841148135160325,0.30901646301589303,0.080147477491986,0.17972464649718073,0.30901646301589303
Batch 2,ir_slope,33,0.19115834028700654,0.28658412275869555,0.2109133457685544,0.2387174936655644,0.4075295646976125,0.2109133457685544
Batch 2,tavg_mean,39,0.4253120270489281,0.006951526483057072,0.16550258208082647,0.31398219394653243,0.464693647040868,0.16550258208082647
Batch 2,tavg_std,39,-0.04710479616681038,0.7758307197455556,-0.026622127882114592,0.8721923924423736,0.9073284765593471,0.026622127882114592
Batch 2,tavg_median,39,0.41209553418693196,0.009139745234419426,0.16914667563122998,0.30329472450586253,0.4590940261514874,0.16914667563122998
Batch 2,tavg_min,39,0.4566122850484024,0.003479103986003459,0.19171981067956287,0.2423148763066885,0.4075295646976125,0.19171981067956287
Batch 2,tavg_max,39,0.4250611555938045,0.006988427151133488,0.13169349191874938,0.42419927612926556,0.5507148497116782,0.13169349191874938
Batch 2,tavg_delta,39,0.24850295621284121,0.12714672374691033,0.325235349373514,0.04335133708878879,0.11062065326104727,0.325235349373514
Batch 2,tavg_slope,39,0.20567907455212697,0.20905920405666237,0.0847251750468818,0.6080790361471409,0.6922745949982835,0.0847251750468818
Batch 2,tmax_mean,39,0.018802285438894804,0.9095470935345008,-0.13594493439422012,0.4092608517530202,0.545005262557723,0.13594493439422012
Batch 2,tmax_std,39,-0.11355841405656203,0.4912446671212988,-0.12703715015990044,0.4409054792233643,0.5625345769401544,0.12703715015990044
Batch 2,tmax_median,39,0.01915364497575318,0.9078639516066457,-0.13614738403590923,0.4085570701410669,0.545005262557723,0.13614738403590923
Batch 2,tmax_min,39,0.041185150145782036,0.8034083106541346,-0.13503391100661924,0.4124364149085471,0.545005262557723,0.13503391100661924
Batch 2,tmax_max,39,-0.016298535356660097,0.9215518282514731,-0.1517360064459687,0.3564683414597306,0.5072818705388473,0.1517360064459687
Batch 2,tmax_delta,39,-0.1334392844903843,0.4180283945980187,-0.2301852426004889,0.15861384428684183,0.31722768857368366,0.2301852426004889
Batch 2,tmax_slope,39,-0.0830138851913852,0.6153699147925737,-0.29598137614944137,0.06732492549248914,0.1607111124659418,0.29598137614944137
Batch 2,tmin_mean,39,0.5623273098114635,0.00019473390276402745,0.33606640520388004,0.036463601820287996,0.09812293189317621,0.33606640520388004
Batch 2,tmin_std,39,0.2518145108764504,0.12199442078770857,0.3988257941274962,0.0119047079480637,0.040043108552577894,0.3988257941274962
Batch 2,tmin_median,39,0.5603900489168807,0.0002071377978266856,0.3392043746500608,0.03464436745443184,0.09812293189317621,0.3392043746500608
Batch 2,tmin_min,39,0.4141635537193817,0.008762733979467842,0.2061949600603324,0.20789426590711657,0.38460439192816565,0.2061949600603324
Batch 2,tmin_max,39,0.6307533247345204,1.675157347989391e-05,0.388703312043042,0.014465179539748652,0.044600970247558346,0.388703312043042
Batch 2,tmin_delta,39,0.31062577097333827,0.05427256559935879,0.3349529321745901,0.03712759585147208,0.09812293189317621,0.3349529321745901
Batch 2,tmin_slope,39,0.34715984321579274,0.030363073193628066,0.22512400155826182,0.16822804857730247,0.3276019893347469,0.22512400155826182
Batch 2,chargetime_mean,39,-0.9174099479141914,2.2062767564935536e-16,-0.7562506365295747,2.5796257023324552e-08,6.363076732420056e-07,0.7562506365295747
Batch 2,chargetime_std,39,-0.32877290808278453,0.04099456003904143,-0.2117623252067822,0.1956089411446857,0.37115542678735236,0.2117623252067822
Batch 2,chargetime_median,39,-0.9191178459151561,1.5211273424180665e-16,-0.809899791577182,4.2520097317107486e-10,1.6159317534532762e-08,0.809899791577182
Batch 2,chargetime_min,39,-0.8525206760231256,5.691779169227242e-12,-0.6319465565324769,1.5965997553277945e-05,6.949904817309223e-05,0.6319465565324769
Batch 2,chargetime_max,39,-0.8439147641359064,1.5052573822484112e-11,-0.734284850406309,1.0360998016471882e-07,1.9167846330472984e-06,0.734284850406309
Batch 2,chargetime_delta,39,-0.046664310846317864,0.7778739317507487,-0.2621722859873642,0.10688772293684214,0.21971365270350884,0.2621722859873642
Batch 2,chargetime_slope,39,-0.1305276950513263,0.4283483090883782,-0.2013361686597944,0.21904599124704593,0.38593817505431904,0.2013361686597944
Batch 2,temperature_range_mean,39,-0.20575406018438905,0.20888959550876532,-0.27391436520533113,0.09152957869717168,0.1992114359879619,0.27391436520533113
Batch 2,coulombic_efficiency_mean,39,0.1923402862317691,0.24076508284995957,0.20234841686823982,0.2166894364168536,0.38593817505431904,0.20234841686823982
Batch 2,delta_q_min,39,0.8185183255033296,1.9486299290831608e-10,0.6608968552940159,4.6652060046085085e-06,2.157657777131435e-05,0.6608968552940159
Batch 2,delta_q_max,39,0.4981102647957104,0.001251260659994665,0.40773357836181595,0.009980665547421917,0.036928462525461093,0.40773357836181595
Batch 2,delta_q_mean,39,0.7670852072368177,1.2302321863263567e-08,0.6972365659772065,8.148446625957625e-07,4.78554659716952e-06,0.6972365659772065
Batch 2,delta_q_std,39,-0.8345463663572401,4.069263207671258e-11,-0.7089786451951733,4.3861659403161696e-07,4.057203494792457e-06,0.7089786451951733
Batch 2,delta_q_var,39,-0.7327873034697581,1.1335090516271238e-07,-0.7089786451951733,4.3861659403161696e-07,4.057203494792457e-06,0.7089786451951733
Batch 2,delta_q_log10_var,39,-0.9018830731919514,4.670872533959201e-15,-0.7089786451951733,4.3861659403161696e-07,4.057203494792457e-06,0.7089786451951733
Batch 2,delta_q_q05,39,0.8173361990742595,2.1739611537961136e-10,0.6723352600494491,2.7645508595735594e-06,1.363845090722956e-05,0.6723352600494491
Batch 2,delta_q_q25,39,0.8033447671040175,7.500395682433968e-10,0.7287174852598592,1.4427371920987163e-07,2.1352510443061e-06,0.7287174852598592
Batch 2,delta_q_q50,39,0.7144329272723168,3.255753918147362e-07,0.6771940514499872,2.1982905390283594e-06,1.1619535706292757e-05,0.6771940514499872
Batch 2,delta_q_q75,39,0.5802993973288606,0.00010777985705935205,0.6031987074126268,4.8147563741962866e-05,0.000197939984272514,0.6031987074126268
Batch 2,delta_q_q95,39,0.43464029615839,0.0056933894351111096,0.39093025810162185,0.013865186221608112,0.044600970247558346,0.39093025810162185
Batch 2,delta_q_iqr,39,-0.9047858873433933,2.7482295850828526e-15,-0.8095961171146484,4.367383117441287e-10,1.6159317534532762e-08,0.8095961171146484
Batch 2,delta_q_min_voltage,39,-0.3295583903182656,0.040485643484271444,-0.3768483193564688,0.01804121494216354,0.05340199622880409,0.3768483193564688
Batch 2,delta_q_max_voltage,39,-0.7317127091286928,1.2085607803385244e-07,-0.32141852000120563,0.04601601505438546,0.11350617046748415,0.32141852000120563
Batch 2,delta_q_area,39,0.7671651504165701,1.2233502429525374e-08,0.6972365659772065,8.148446625957625e-07,4.78554659716952e-06,0.6972365659772065
Batch 2,delta_q_abs_area,39,-0.7650189774774597,1.421099880319058e-08,-0.6970341163355174,8.233818384035902e-07,4.78554659716952e-06,0.6970341163355174
Batch 2,delta_q_l1,39,-0.7649387738332547,1.4290360986673e-08,-0.6970341163355174,8.233818384035902e-07,4.78554659716952e-06,0.6970341163355174
Batch 2,delta_q_l2,39,-0.7902124978407579,2.199628023211429e-09,-0.6966292170521393,8.407041319351859e-07,4.78554659716952e-06,0.6966292170521393
Batch 2,delta_q_skew,39,-0.10191329411905393,0.5370026173755788,-0.15183723126681328,0.35614381959209507,0.5072818705388473,0.15183723126681328
Batch 2,delta_q_kurtosis,39,0.648174262929477,8.139101615750229e-06,0.4999493901511938,0.0011922223300200217,0.004643392232709559,0.4999493901511938
Batch 3,c_rate_stage1,44,-0.08289859421256333,0.5926643618733121,-0.22887519748075072,0.13507191452088135,0.4164717364393842,0.22887519748075072
Batch 3,switch_soc_pct,44,0.5413599075607185,0.00014786037370863076,0.44332485175807257,0.0025787656425093944,0.011225215149746776,0.44332485175807257
Batch 3,c_rate_stage2,44,-0.04274637639271703,0.7829241112282228,0.015736317835818345,0.9192455550957177,0.9447801538483765,0.015736317835818345
Batch 3,qd_mean,44,0.21780526120674,0.15552595884648474,0.16223835405716025,0.29271836408601637,0.5670661867272411,0.16223835405716025
Batch 3,qd_std,44,-0.3434450423392436,0.022460347923774694,-0.2764817823484968,0.06925203955818623,0.2562325463652891,0.2764817823484968
Batch 3,qd_median,44,0.21441919665198317,0.1622129923601579,0.15772781771499764,0.306522263095806,0.5670661867272411,0.15772781771499764
Batch 3,qd_min,44,0.25685629791366504,0.09235331796577692,0.21129043677817827,0.16857554298641153,0.44152330850286897,0.21129043677817827
Batch 3,qd_max,44,0.18583478404077713,0.22714122889468005,0.14151807773535088,0.359497115012802,0.6186694537429617,0.14151807773535088
Batch 3,qd_delta,44,0.27733100319551535,0.06836677435202447,-0.14335048312435444,0.3532457671705659,0.6186694537429617,0.14335048312435444
Batch 3,qd_slope,44,0.3382724993897211,0.02470941185266218,0.08823736719355543,0.5689738002030138,0.7797048373152412,0.08823736719355543
Batch 3,qc_mean,44,0.22296348109877676,0.14573010675381623,0.15392205267629797,0.318487266851561,0.5748306767564759,0.15392205267629797
Batch 3,qc_std,44,-0.1999836931644539,0.19307148408919003,-0.2107266197354079,0.16974103273911448,0.44152330850286897,0.2107266197354079
Batch 3,qc_median,44,0.2153486335391766,0.1603570116381032,0.16012404014677153,0.29913802976261095,0.5670661867272411,0.16012404014677153
Batch 3,qc_min,44,0.2374988777333897,0.12058059638621363,0.20579322061116764,0.18018822119481887,0.44152330850286897,0.20579322061116764
Batch 3,qc_max,44,0.2723204877937897,0.07372187560083562,0.20339699817939377,0.1854253940570514,0.44152330850286897,0.20339699817939377
Batch 3,qc_delta,44,0.3037038580941298,0.04505250371124649,-0.05842554105707465,0.7063844298925874,0.8712074635341911,0.05842554105707465
Batch 3,qc_slope,44,0.3284303627407274,0.029508918896666698,0.03227852569860095,0.8352276367885986,0.9089241929758278,0.03227852569860095
Batch 3,ir_mean,44,0.18985136371284633,0.21707605202413843,0.16865177291867264,0.2737946519230749,0.5628001178418762,0.16865177291867264
Batch 3,ir_std,44,0.14710430700513022,0.3406478621601356,-0.1827471989879307,0.2350932016038906,0.5116734387849383,0.1827471989879307
Batch 3,ir_median,44,0.1935725709830182,0.20803086826108608,0.17083656395940763,0.2675364914827405,0.5628001178418762,0.17083656395940763
Batch 3,ir_min,44,0.13242986613751354,0.3914809079889374,0.13468179609176073,0.3834047732366995,0.6304878493225725,0.13468179609176073
Batch 3,ir_max,44,0.2337912535730361,0.12666005385629048,0.20093029861727363,0.1909289982715109,0.44152330850286897,0.20093029861727363
Batch 3,ir_delta,44,-0.3848847067294721,0.009886727315430954,-0.16280217109993056,0.2910216257910321,0.5670661867272411,0.16280217109993056
Batch 3,ir_slope,44,-0.3580029530003286,0.017030909503101377,-0.2031150896580086,0.1860485901136025,0.44152330850286897,0.2031150896580086
Batch 3,tavg_mean,44,-0.02176679746516185,0.8884667991507859,0.025371766924664505,0.8701417227972023,0.9217547779982161,0.025371766924664505
Batch 3,tavg_std,44,0.1390245013623461,0.36811089634980254,0.05976460653365417,0.6999665090630198,0.8712074635341911,0.05976460653365417
Batch 3,tavg_median,44,-0.025877587626086697,0.8675756377517314,0.02501938127293305,0.8719301954037179,0.9217547779982161,0.02501938127293305
Batch 3,tavg_min,44,-0.07628690324851253,0.6225916999979338,-0.05905983523019125,0.7033418214125811,0.8712074635341911,0.05905983523019125
Batch 3,tavg_max,44,-0.008164170293867297,0.9580531872086675,0.0617379661833503,0.6905461556010232,0.8712074635341911,0.0617379661833503
Batch 3,tavg_delta,44,0.05445772010446576,0.7255185038679068,0.008809641293286286,0.9547401169014147,0.9678187486397903,0.008809641293286286
Batch 3,tavg_slope,44,0.11179588838317447,0.46999261361977407,0.10458806143389478,0.4992672042245063,0.7104956367810282,0.10458806143389478
Batch 3,tmax_mean,44,-0.10649428050434645,0.49143549291492705,-0.03509761091245256,0.8210625426175073,0.9089241929758278,0.03509761091245256
Batch 3,tmax_std,44,0.057349263147358685,0.7115575038620501,-0.0653322998310111,0.673506653290231,0.8712074635341911,0.0653322998310111
Batch 3,tmax_median,44,-0.11442668037694717,0.4595401637291292,-0.044893932030586906,0.7723016181176939,0.9089241929758278,0.044893932030586906
Batch 3,tmax_min,44,-0.10284859013134628,0.5064691730687103,-0.035238565173145144,0.8203557227466364,0.9089241929758278,0.035238565173145144
Batch 3,tmax_max,44,-0.08995270889801335,0.5614557371994217,-0.03848051316907449,0.804138749936223,0.9089241929758278,0.03848051316907449
Batch 3,tmax_delta,44,-0.0055477018950507995,0.9714895626918961,-0.10980336907952025,0.47799257872120315,0.6935578593209614,0.10980336907952025
Batch 3,tmax_slope,44,0.01625580648285925,0.9165889135857713,-0.07223905860494753,0.6412193947113614,0.8627315492480134,0.07223905860494753
Batch 3,tmin_mean,44,0.017051162467194056,0.912523247581218,0.13538656739522362,0.3808975922389233,0.6304878493225725,0.13538656739522362
Batch 3,tmin_std,44,0.05208527871276645,0.7370394301184631,0.033053774132410146,0.83132689790466,0.9089241929758278,0.033053774132410146
Batch 3,tmin_median,44,0.015097378480142101,0.9225142509362715,0.12742265166609282,0.4097911004883401,0.6452030092795142,0.12742265166609282
Batch 3,tmin_min,44,-0.03239039583344766,0.8346645076261658,0.10042991074346365,0.5165700477828497,0.7212487459609599,0.10042991074346365
Batch 3,tmin_max,44,0.011575204751363366,0.9405542593926047,0.11889491889419171,0.44207853586389445,0.6676288092638406,0.11889491889419171
Batch 3,tmin_delta,44,0.07584677651162659,0.6246061363955183,-0.004087673560084837,0.9789908880786459,0.978990888078646,0.004087673560084837
Batch 3,tmin_slope,44,-0.022193058893171413,0.8862968055462059,0.12446261219154864,0.4208420322795752,0.6487981330976784,0.12446261219154864
Batch 3,chargetime_mean,44,0.6374731672218193,3.263210072091498e-06,0.19197970306329473,0.21186987785735026,0.47510215034678543,0.19197970306329473
Batch 3,chargetime_std,44,-0.23998918897056923,0.11662250906595276,-0.0174078511955337,0.9107006519767922,0.9447801538483765,0.0174078511955337
Batch 3,chargetime_median,44,0.6383671096727549,3.1300862599082066e-06,0.26102124976562596,0.08701029367424251,0.2982472234419062,0.26102124976562596
Batch 3,chargetime_min,44,0.6423263929524503,2.598617156933117e-06,0.2104447112140228,0.1703259559045628,0.44152330850286897,0.2104447112140228
Batch 3,chargetime_max,44,0.6274062836039255,5.169362780220514e-06,0.11184720585956268,0.4697875202864604,0.6935578593209614,0.11184720585956268
Batch 3,chargetime_delta,44,-0.40370974878134114,0.006576698215700824,-0.45965184411850524,0.0016957147019481152,0.008365525862944034,0.45965184411850524
Batch 3,chargetime_slope,44,-0.3583514045720273,0.016915947470058867,-0.2993868497110411,0.04834977478848522,0.1883096491762056,0.2993868497110411
Batch 3,temperature_range_mean,44,-0.14000165320560512,0.3647207885439172,-0.1313693709654851,0.3953183824794487,0.6359469631191131,0.1313693709654851
Batch 3,coulombic_efficiency_mean,44,-0.11290341732560459,0.4655769141926188,-0.032701388480678696,0.8330994705045044,0.9089241929758278,0.032701388480678696
Batch 3,delta_q_min,44,0.692115851544607,1.952320462752641e-07,0.7760236822430022,6.084450722788971e-10,8.631943094110073e-09,0.7760236822430022
Batch 3,delta_q_max,44,0.4076982473936349,0.006014599638011358,0.2597082253260797,0.08866809345570184,0.2982472234419062,0.2597082253260797
Batch 3,delta_q_mean,44,0.6391153658731697,3.022533174394214e-06,0.7561491314853485,2.933646064347111e-09,1.8090817396807186e-08,0.7561491314853485
Batch 3,delta_q_std,44,-0.6726058679843075,5.707864168672334e-07,-0.7972372984772357,9.421335181919783e-11,1.74294700865516e-09,0.7972372984772357
Batch 3,delta_q_var,44,-0.589653970120895,2.5334415489020913e-05,-0.7972372984772357,9.421335181919783e-11,1.74294700865516e-09,0.7972372984772357
Batch 3,delta_q_log10_var,44,-0.701862069359631,1.106618445033396e-07,-0.7972372984772357,9.421335181919783e-11,1.74294700865516e-09,0.7972372984772357
Batch 3,delta_q_q05,44,0.6888970994069117,2.343627241717745e-07,0.7743322311146914,6.998872779008166e-10,8.631943094110073e-09,0.7743322311146914
Batch 3,delta_q_q25,44,0.6624140938882955,9.69045334731949e-07,0.7708788517277232,9.280509902331715e-10,9.810824753893528e-09,0.7708788517277232
Batch 3,delta_q_q50,44,0.594756180583845,2.0677256763301442e-05,0.7269715995219842,2.2969378059597447e-08,1.3074876741617008e-07,0.7269715995219842
Batch 3,delta_q_q75,44,0.4801960990448693,0.0009710305001924603,0.5174430910024633,0.00032204586197419127,0.0017022424132921538,0.5174430910024633
Batch 3,delta_q_q95,44,0.2999959969964509,0.047873017925709326,0.24758615890651778,0.10515464589740633,0.3383236433220899,0.24758615890651778
Batch 3,delta_q_iqr,44,-0.7318530013504077,1.658365308761605e-08,-0.7999154294303947,7.329431727808249e-11,1.74294700865516e-09,0.7999154294303947
Batch 3,delta_q_min_voltage,44,-0.14846013123085933,0.3361667612556042,-0.2154892922687088,0.16007748521259738,0.44152330850286897,0.2154892922687088
Batch 3,delta_q_max_voltage,44,-0.41314688289226964,0.005314366463338859,-0.4499490567826911,0.002180801703413143,0.010086207878285786,0.4499490567826911
Batch 3,delta_q_area,44,0.6391730850134003,3.014380194506933e-06,0.7561491314853485,2.933646064347111e-09,1.8090817396807186e-08,0.7561491314853485
Batch 3,delta_q_abs_area,44,-0.6294693180887199,4.710522507554797e-06,-0.7576996283529669,2.608900066441207e-09,1.8090817396807186e-08,0.7576996283529669
Batch 3,delta_q_l1,44,-0.629403230043708,4.724618919690177e-06,-0.7576996283529669,2.608900066441207e-09,1.8090817396807186e-08,0.7576996283529669
Batch 3,delta_q_l2,44,-0.644613267583472,2.3309779977439418e-06,-0.7651702041696737,1.4640941145525266e-09,1.3542870559610871e-08,0.7651702041696737
Batch 3,delta_q_skew,44,0.21023681393948024,0.17075824699697784,0.05532454732183787,0.7213237980196467,0.8750485418598993,0.05532454732183787
Batch 3,delta_q_kurtosis,44,0.32985478691901976,0.028769890429643633,0.31961378612042646,0.034441246816097164,0.14159179246617723,0.31961378612042646
