batch,cell_index,global_cell_id,cycle_life,life_group,charging_policy,policy_parse_success,policy_type,c_rate_stage1,switch_soc_pct,c_rate_stage2,policy_new_structure,policy_slow_cycle,delta_q_n,delta_q_min,delta_q_max,delta_q_mean,delta_q_std,delta_q_var,delta_q_log10_var,delta_q_q05,delta_q_q25,delta_q_q50,delta_q_q75,delta_q_q95,delta_q_iqr,delta_q_min_voltage,delta_q_max_voltage,delta_q_area,delta_q_abs_area,delta_q_l1,delta_q_l2,delta_q_skew,delta_q_kurtosis,delta_q_available,delta_q_reason
Batch 1,0,Batch1_000,1190.0,장수명(>1000),3.6C(80%)-3.6C,True,2단계 정전류,3.6,80.0,3.6,False,False,1000.0,-0.008459642934268818,0.0007679306774941441,-0.0028734152246919164,0.0031101886660313154,9.673273538309652e-06,-5.014426486290442,-0.007867310949289313,-0.006073695936677129,-0.0014445604320567629,-3.229829127893895e-05,0.00037949955706706435,0.00604139764539819,3.0645645645645647,2.0,-0.004315054918759547,0.004436810032272287,0.0029553268326952846,0.004233215718370921,-0.5328580924588826,-1.3490537176384803,True,계산 완료
Batch 1,1,Batch1_001,1179.0,장수명(>1000),3.6C(80%)-3.6C,True,2단계 정전류,3.6,80.0,3.6,False,False,1000.0,-0.011003816596621974,-8.800451256757524e-05,-0.00409961462134519,0.003113418110241732,9.693372329181197e-06,-5.0135250605856,-0.009777952683908079,-0.007106537226738069,-0.0031770531950235936,-0.0015893644384464278,-0.00015472902979848076,0.005517172788291641,3.1366366366366365,3.478978978978979,-0.0061545629206738745,0.0061545629206738745,0.00409961462134519,0.0051468941120251625,-0.4300202024473874,-1.0282560836861823,True,계산 완료
Batch 1,2,Batch1_002,1177.0,장수명(>1000),3.6C(80%)-3.6C,True,2단계 정전류,3.6,80.0,3.6,False,False,1000.0,-0.017216391849644463,1.252405183928737e-05,-0.004486734282886989,0.004282697351706903,1.8341496606317323e-05,-4.736565206528272,-0.013719863609224375,-0.007498299533388791,-0.0029649611615130134,-0.0011601861837316485,-4.799066160596765e-05,0.006338113349657143,3.153153153153153,3.481981981981982,-0.00673623726167112,0.006736736073305353,0.004487075271877125,0.006201124062211981,-1.0818176821405654,0.3564103836951258,True,계산 완료
Batch 1,3,Batch1_003,1226.0,장수명(>1000),4C(80%)-4C,True,2단계 정전류,4.0,80.0,4.0,False,False,1000.0,-0.018960539773269502,0.0001820400912558392,-0.007455784700018413,0.006010499650687977,3.6126106050920296e-05,-4.4421788354813705,-0.018165421610350663,-0.012524710754628243,-0.005860051304605984,-0.0026919645019327088,6.0553703973208667e-05,0.009832746252695534,2.957957957957958,3.5,-0.01119368800441798,0.011211524461609022,0.007467845820598903,0.009574899761245443,-0.4397103034070463,-1.0948886272634752,True,계산 완료
Batch 1,4,Batch1_004,1227.0,장수명(>1000),4C(80%)-4C,True,2단계 정전류,4.0,80.0,4.0,False,False,1000.0,-0.013957995093677344,4.553514587814266e-05,-0.005750008121960181,0.004746193341712184,2.252635123691307e-05,-4.647309129254444,-0.01361686207976907,-0.010177706036320233,-0.004396716480377538,-0.0015283145855090052,-1.1575340370531414e-05,0.008649391450811228,2.8783783783783785,3.4954954954954953,-0.008632988816604847,0.008635041751084406,0.0057514170096480835,0.007454288583646611,-0.36309299331065786,-1.3344997340040674,True,계산 완료
Batch 1,5,Batch1_005,1074.0,장수명(>1000),4.4C(80%)-4.4C,True,2단계 정전류,4.4,80.0,4.4,False,False,1000.0,-0.025178778949337288,0.00023711126592161497,-0.01107391297973859,0.008142884490660574,6.630656782824051e-05,-4.178443444980709,-0.024423232183789632,-0.018284544341579195,-0.010102738293367941,-0.004502351554208195,9.872737388991796e-05,0.013782192787371,2.8723723723723724,3.5,-0.016624761670626622,0.016655328750794608,0.01109450776639639,0.013743064066766009,-0.14957460367477807,-1.2276622378385693,True,계산 완료
Batch 1,6,Batch1_006,636.0,중간수명(500~1000),4.8C(80%)-4.8C,True,2단계 정전류,4.8,80.0,4.8,False,False,1000.0,-0.03788603931347978,6.203428184438494e-05,-0.015965056248274823,0.013055042974628193,0.00017043414706938896,-3.7684433859055404,-0.0371205911335999,-0.02857814378155249,-0.012461629147745179,-0.005486428519887565,3.532611458818739e-05,0.023091715261664925,2.933933933933934,3.5,-0.02396808233433735,0.02397678399849678,0.015970913590886853,0.02061908664157796,-0.408548928534953,-1.2382587204379378,True,계산 완료
Batch 1,7,Batch1_007,870.0,중간수명(500~1000),4.8C(80%)-4.8C,True,2단계 정전류,4.8,80.0,4.8,False,False,1000.0,-0.03823338650707442,-0.00014005599933485997,-0.016645727245619735,0.012401499989028151,0.00015379720197786524,-3.8130515627291564,-0.03700690161647899,-0.027413252108325695,-0.013783253209558977,-0.008127108379724746,-0.00018910417162058355,0.01928614372860095,3.06006006006006,3.4744744744744747,-0.02498791314015368,0.02498791314015368,0.016645727245619735,0.02075388253584024,-0.3339177053609083,-1.1201347364663354,True,계산 완료
Batch 1,8,Batch1_008,879.0,중간수명(500~1000),5.4C(40%)-3.6C,True,2단계 정전류,5.4,40.0,3.6,False,False,1000.0,-0.030807702259195047,8.354872197383133e-06,-0.012818967232022799,0.009991252887757006,9.98251342671127e-05,-4.000760092646564,-0.029762059172310028,-0.02206450969788759,-0.010672783599082303,-0.004576162996953459,-7.753156439479655e-06,0.017488346700934132,2.9414414414414414,3.4534534534534536,-0.01924458840131244,0.01924489941814346,0.012819174369232257,0.01624965322794674,-0.32960878032591373,-1.202586455449319,True,계산 완료
Batch 1,9,Batch1_009,1054.0,장수명(>1000),5.4C(40%)-3.6C,True,2단계 정전류,5.4,40.0,3.6,False,False,1000.0,-0.028724475696229934,-3.762094120557906e-05,-0.011510600568480111,0.009343840513066387,8.730735553362071e-05,-4.05894916102121,-0.027295516207316177,-0.019849330484793648,-0.00887282662576653,-0.0038376142328867546,-6.006213624917257e-05,0.016011716251906893,2.9684684684684686,3.5,-0.017280714863526454,0.017280714863526454,0.011510600568480111,0.014822751891102466,-0.42823364658698,-1.1820789770425482,True,계산 완료
Batch 1,10,Batch1_010,906.0,중간수명(500~1000),5.4C(50%)-3C,True,2단계 정전류,5.4,50.0,3.0,False,False,1000.0,-0.026992931922526497,0.00012131503750222023,-0.010668007843734223,0.009748340329055891,9.503013917109751e-05,-4.022138630142972,-0.02638115751206167,-0.02033123872183551,-0.007321243103877384,-0.0016472412228462022,2.9909377222072153e-05,0.01868399749898931,2.9564564564564564,3.5,-0.01601775346790392,0.016028961493709026,0.010675593703957927,0.01444788913253079,-0.5108381969108907,-1.2878931051207343,True,계산 완료
Batch 1,11,Batch1_011,788.0,중간수명(500~1000),5.4C(50%)-3C,True,2단계 정전류,5.4,50.0,3.0,False,False,1000.0,-0.023691513033622602,0.0005818342431713752,-0.008378205102529986,0.008448293450798998,7.137366223081323e-05,-4.14646201264337,-0.02280798019995727,-0.01668157567067899,-0.004951026101698175,-0.00044058237876661716,1.361463822407573e-05,0.01624099329191237,2.9654654654654653,2.0,-0.01258032170542961,0.012626451228780818,0.00840950919932506,0.01189523473112834,-0.5957418719475038,-1.2055809321269422,True,계산 완료
Batch 1,12,Batch1_012,902.0,중간수명(500~1000),5.4C(50%)-3.6C,True,2단계 정전류,5.4,50.0,3.6,False,False,1000.0,-0.027438869587688153,-8.11255733985716e-06,-0.011237958333707347,0.008662074833908568,7.503154042823215e-05,-4.124756131426697,-0.026480101708104792,-0.018735501544261624,-0.009636104175375637,-0.004288223631965127,-4.916498827327978e-05,0.014447277912296497,2.9384384384384385,3.5,-0.01687112204261842,0.01687112204261842,0.011237958333707347,0.014186198095259573,-0.33154921574216906,-1.1269864367438225,True,계산 완료
Batch 1,13,Batch1_013,897.0,중간수명(500~1000),5.4C(50%)-3.6C,True,2단계 정전류,5.4,50.0,3.6,False,False,1000.0,-0.029137075239816568,-0.00016971032187567986,-0.013148734381658471,0.009467035966586568,8.962476999264367e-05,-4.04757194102298,-0.02855711705042569,-0.022083554117065973,-0.012061264022131146,-0.005562908798755095,-0.0001876225553013999,0.016520645318310878,2.8903903903903903,3.4534534534534536,-0.019738899770472183,0.019738899770472183,0.013148734381658471,0.01619951730953915,-0.1354407440967312,-1.2552082808461884,True,계산 완료
Batch 1,14,Batch1_014,880.0,중간수명(500~1000),5.4C(60%)-3C,True,2단계 정전류,5.4,60.0,3.0,False,False,1000.0,-0.0282939556930506,-9.331125516033449e-06,-0.011946218223467892,0.009488167346136016,9.002531958828176e-05,-4.0456353233921245,-0.027592620301643965,-0.020986166760292788,-0.010108650416770337,-0.00323681052952135,-3.5036986907315156e-05,0.017749356230771438,2.9024024024024024,3.4684684684684686,-0.017935340239542703,0.017935340239542703,0.011946218223467892,0.015252784142949437,-0.2828771299541191,-1.3138531884610862,True,계산 완료
Batch 1,15,Batch1_015,719.0,중간수명(500~1000),5.4C(60%)-3C,True,2단계 정전류,5.4,60.0,3.0,False,False,1000.0,-0.02894455469678503,-0.00012937837624389713,-0.011013089313180444,0.009800375237336815,9.604735479260465e-05,-4.017514586871918,-0.02806670959807884,-0.020582167300751394,-0.00790923511665731,-0.001741169223513809,-0.00016107344508695475,0.018840998077237586,2.9174174174174174,3.4804804804804803,-0.016535319139138572,0.016535319139138572,0.011013089313180444,0.014739044869254635,-0.482722936996922,-1.250706764536174,True,계산 완료
Batch 1,16,Batch1_016,862.0,중간수명(500~1000),5.4C(60%)-3.6C,True,2단계 정전류,5.4,60.0,3.6,False,False,1000.0,-0.027606674842371115,-9.636798054776953e-05,-0.012403806163792485,0.008922990244351715,7.961975490079586e-05,-4.09897915821512,-0.027151740318765456,-0.020427100034464907,-0.01168155611979893,-0.005154685169977857,-0.0001305984269642553,0.01527241486448705,2.8933933933933935,3.481981981981982,-0.018620843823740192,0.018620843823740192,0.012403806163792485,0.01527725572525483,-0.12313460864828994,-1.2282369894171317,True,계산 완료
Batch 1,17,Batch1_017,857.0,중간수명(500~1000),5.4C(60%)-3.6C,True,2단계 정전류,5.4,60.0,3.6,False,False,1000.0,-0.031067967108938555,-1.5841950119365806e-05,-0.013343115757399526,0.01035470022474281,0.00010721981674428882,-3.96972493533788,-0.03038702969177539,-0.02306959797408739,-0.011524258032984624,-0.004466784252960154,-3.2649947454561345e-05,0.018602813721127237,2.906906906906907,3.46996996996997,-0.020031845257412216,0.020031845257412216,0.013343115757399526,0.016886424578427133,-0.2563726655190609,-1.2911550356460983,True,계산 완료
Batch 1,18,Batch1_018,691.0,중간수명(500~1000),5.4C(70%)-3C,True,2단계 정전류,5.4,70.0,3.0,False,False,1000.0,-0.04413321540827286,-7.0900211378374265e-06,-0.02070238680333876,0.01496845525007736,0.00022405465257356849,-3.6496460314414816,-0.04351976225607668,-0.03479196884186897,-0.02030333074691726,-0.009071892026328965,-3.1195951627007666e-05,0.025720076815540005,2.9054054054054053,3.4804804804804803,-0.031078091572462316,0.031078091572462316,0.02070238680333876,0.02554250217335901,-0.0521571596856165,-1.3472611617943193,True,계산 완료
Batch 1,19,Batch1_019,788.0,중간수명(500~1000),5.4C(70%)-3C,True,2단계 정전류,5.4,70.0,3.0,False,False,1000.0,-0.04589269342650848,2.1077895370541288e-05,-0.020106274821769736,0.015497578403806353,0.00024017493638212506,-3.6194723138545757,-0.04478898469074234,-0.034596555267226325,-0.017620875001793122,-0.0077191280063070855,-2.3378554560948295e-05,0.02687742726091924,2.96996996996997,3.478978978978979,-0.030184249165609252,0.030184805979855782,0.020106645660057924,0.02538103718633804,-0.27383458615882,-1.2757908026656486,True,계산 완료
Batch 1,20,Batch1_020,534.0,중간수명(500~1000),5.4C(80%)-5.4C,True,2단계 정전류,5.4,80.0,5.4,False,False,1000.0,-0.06358042689660326,1.8427258121377196e-05,-0.03279598300714767,0.020729964137115416,0.0004297314131260913,-3.366802897461221,-0.06254102620254409,-0.05183163786188252,-0.0338596718508174,-0.021911529938777208,-3.618004518038882e-05,0.02992010792310531,2.9624624624624625,3.4804804804804803,-0.049227298769213654,0.049228016807017966,0.03279646484486227,0.0387927594161344,0.24203597106085864,-1.0720799172814055,True,계산 완료
Batch 1,21,Batch1_021,559.0,중간수명(500~1000),5.4C(80%)-5.4C,True,2단계 정전류,5.4,80.0,5.4,False,False,1000.0,-0.06472026276575493,-3.84488197064381e-05,-0.030657577112710634,0.021137237640278268,0.00044678281506159645,-3.3499035388535217,-0.06401997610911006,-0.04937121348448828,-0.02886428022841392,-0.017175935948204935,-0.00010149186241989932,0.032195277536283345,2.9894894894894897,3.4954954954954953,-0.04601984457750404,0.04601984457750404,0.030657577112710634,0.037232016688172206,-0.0903021619545271,-1.1427943017089603,True,계산 완료
Batch 1,22,Batch1_022,891.0,중간수명(500~1000),6C(30%)-3.6C,True,2단계 정전류,6.0,30.0,3.6,False,False,1000.0,-0.032147144008991324,-0.0001204832637033784,-0.014716371313208602,0.01057141006205482,0.00011175471070011387,-3.9517341574826226,-0.03137729548856301,-0.025115476789392355,-0.013254374130594826,-0.006467406498094241,-0.00015275326527113857,0.018648070291298113,2.918918918918919,3.4744744744744747,-0.022092294259523505,0.022092294259523505,0.014716371313208602,0.018116692320002646,-0.1354103129749131,-1.2787422796637729,True,계산 완료
Batch 1,23,Batch1_023,1014.0,장수명(>1000),6C(30%)-3.6C,True,2단계 정전류,6.0,30.0,3.6,False,False,1000.0,-0.029953516931757296,-0.00010798210767425907,-0.013340620512360239,0.009545978111708393,9.112569810921573e-05,-4.040359126787989,-0.02889325844847033,-0.022503948220816333,-0.011989735697176207,-0.006035119351696594,-0.00013536499384489694,0.01646882886911974,2.9114114114114114,3.4834834834834836,-0.02002689691191373,0.02002689691191373,0.013340620512360239,0.01640142457428358,-0.1433895777042042,-1.230757025097194,True,계산 완료
Batch 1,24,Batch1_024,1017.0,장수명(>1000),6C(40%)-3C,True,2단계 정전류,6.0,40.0,3.0,False,False,1000.0,-0.03184213409789827,-0.0001502298216001583,-0.013873507013282613,0.010737075181209733,0.00011528478344695003,-3.9382280081153715,-0.031076799354308578,-0.024537491577695608,-0.011237934468067756,-0.005138500133568369,-0.00019439707735060288,0.01939899144412724,2.9504504504504503,3.478978978978979,-0.02082778452299309,0.02082778452299309,0.013873507013282613,0.017539774671047087,-0.33937237856835667,-1.2745580582630516,True,계산 완료
Batch 1,25,Batch1_025,854.0,중간수명(500~1000),6C(40%)-3C,True,2단계 정전류,6.0,40.0,3.0,False,False,1000.0,-0.02944117289056547,-9.82594134391011e-05,-0.012406193052887388,0.009688863681954993,9.387407944750645e-05,-4.02745430413989,-0.028810687098331473,-0.022277171574855814,-0.009952772265307108,-0.004594706015388805,-0.00015686833817727603,0.01768246555946701,2.9264264264264264,3.484984984984985,-0.018625083502745804,0.018625083502745804,0.012406193052887388,0.015738291884241133,-0.35847270881961985,-1.24159957984498,True,계산 완료
Batch 1,26,Batch1_026,870.0,중간수명(500~1000),6C(40%)-3.6C,True,2단계 정전류,6.0,40.0,3.6,False,False,1000.0,-0.03835445363245393,-0.00014281782944804285,-0.01785015712562481,0.01266506017256949,0.00016040374917480592,-3.7947854823038174,-0.037444624207731605,-0.03038354047112192,-0.01630143601026146,-0.008075114563623031,-0.00020375644249110594,0.02230842590749889,2.9234234234234235,3.475975975975976,-0.026796507343767713,0.026796507343767713,0.01785015712562481,0.021883131741940533,-0.11724410360134359,-1.2770522728434992,True,계산 완료
Batch 1,27,Batch1_027,842.0,중간수명(500~1000),6C(40%)-3.6C,True,2단계 정전류,6.0,40.0,3.6,False,False,1000.0,-0.03583211964634625,0.0001835965536658858,-0.01551418714665611,0.011840380414145325,0.00014019460835167622,-3.853268685184124,-0.03468615413756943,-0.02692300590149921,-0.013049511469963249,-0.0061641814308122655,7.439014229416648e-05,0.020758824470686943,2.9534534534534536,3.5,-0.023290628657651215,0.02331058634626393,0.015527662563825841,0.01951267322959092,-0.2899536340955788,-1.2370075501838729,True,계산 완료
Batch 1,28,Batch1_028,860.0,중간수명(500~1000),6C(50%)-3C,True,2단계 정전류,6.0,50.0,3.0,False,False,1000.0,-0.03721348031974192,-8.380384514080974e-06,-0.016698122755162716,0.011963585346691515,0.00014312737434757193,-3.84427729268786,-0.03595464300468914,-0.0287698821009498,-0.015167585995050303,-0.007435709012941938,-8.150515673512127e-05,0.021334173088007863,2.9354354354354353,3.5,-0.02506702675917921,0.02506702675917921,0.016698122755162716,0.020538051283403382,-0.14284737071074222,-1.2386730617622315,True,계산 완료
Batch 1,29,Batch1_029,917.0,중간수명(500~1000),6C(50%)-3C,True,2단계 정전류,6.0,50.0,3.0,False,False,1000.0,-0.036868449881918286,0.00014622642198592996,-0.01660052342693117,0.012052479553811803,0.00014526226339505157,-3.8378471901993323,-0.03584526130809227,-0.029017663309440223,-0.015033465636044574,-0.007150976117513086,3.274614311990664e-05,0.021866687191927137,2.9324324324324325,3.5,-0.024920920781161232,0.024930682828830694,0.016607171177101015,0.020510835652887163,-0.13783680436930337,-1.2789101808035328,True,계산 완료
Batch 1,30,Batch1_030,709.0,중간수명(500~1000),6C(50%)-3.6C,True,2단계 정전류,6.0,50.0,3.6,False,False,1000.0,-0.04081538502439652,-5.329710878929265e-05,-0.017719122166801278,0.013423558102409727,0.00018019191212876985,-3.744264703714113,-0.03984720114815072,-0.030407542218681582,-0.015002058672548113,-0.00719702342309364,-8.338847386015386e-05,0.023210518795587942,2.9624624624624625,3.481981981981982,-0.02660063163695444,0.02660063163695444,0.017719122166801278,0.022225638586521414,-0.2856200322679556,-1.227124675794793,True,계산 완료
Batch 1,31,Batch1_031,876.0,중간수명(500~1000),6C(50%)-3.6C,True,2단계 정전류,6.0,50.0,3.6,False,False,1000.0,-0.03947820648424727,0.00024625150422956854,-0.017983588803246863,0.01292263101271236,0.00016699439229071527,-3.777298109713372,-0.03857787021205959,-0.03050844461520623,-0.01647627433646459,-0.008253243965388624,0.00010997635854369509,0.022255200649817605,2.9354354354354353,3.5,-0.026996660133403256,0.02702872964162304,0.018005193347225473,0.02214129319038729,-0.11089934658763469,-1.242331646864528,True,계산 완료
Batch 1,32,Batch1_032,731.0,중간수명(500~1000),6C(60%)-3C,True,2단계 정전류,6.0,60.0,3.0,False,False,1000.0,-0.04556628526257467,-5.0009978621518e-05,-0.020730273837007353,0.015030918062443454,0.0002259284977998889,-3.646028983374079,-0.044369910078330146,-0.03558231258709074,-0.01895828040430847,-0.009180953416872917,-0.0001033406768567076,0.026401359170217825,2.93993993993994,3.4714714714714714,-0.031120302528441827,0.031120302528441827,0.020730273837007353,0.025601695698906368,-0.15588996363219895,-1.2798429768176542,True,계산 완료
Batch 1,33,Batch1_033,757.0,중간수명(500~1000),6C(60%)-3C,True,2단계 정전류,6.0,60.0,3.0,False,False,1000.0,-0.044901781211682756,-5.389082774078465e-05,-0.021651569301358076,0.014678729152887022,0.00021546508954381534,-3.6666230837970097,-0.044102552480213664,-0.03467491523323657,-0.02212088970822723,-0.01104370037592961,-8.954417463606714e-05,0.02363121485730696,2.9279279279279278,3.4804804804804803,-0.0325019262731264,0.0325019262731264,0.021651569301358076,0.026154159853946427,0.06492954219492558,-1.2329047019421888,True,계산 완료
Batch 1,34,Batch1_034,742.0,중간수명(500~1000),7C(30%)-3.6C,True,2단계 정전류,7.0,30.0,3.6,False,False,1000.0,-0.037218141748807665,0.00013834274344112118,-0.016080359430316875,0.011909929134393947,0.00014184641198628574,-3.848181642173096,-0.03631858688738967,-0.024807674082634373,-0.01642699939084724,-0.006084497028027658,5.209046980869119e-05,0.018723177054606716,2.864864864864865,3.5,-0.02414064710027393,0.024155425811623218,0.016090340394818946,0.020007061877809054,-0.15112795113447353,-1.1797968610755107,True,계산 완료
Batch 1,35,Batch1_035,703.0,중간수명(500~1000),7C(30%)-3.6C,True,2단계 정전류,7.0,30.0,3.6,False,False,1000.0,-0.039152034335048436,-2.7439033630668216e-05,-0.018223341654084003,0.01299913182815531,0.00016897742828576043,-3.7721713012518787,-0.038420951314722694,-0.03200132969723421,-0.0167892696460491,-0.008120686572563929,-8.323366671251137e-05,0.02388064312467028,2.9234234234234235,3.466966966966967,-0.027356945768315814,0.027356945768315814,0.018223341654084003,0.02238076477466639,-0.0946292738821206,-1.3004232414006434,True,계산 완료
Batch 1,36,Batch1_036,704.0,중간수명(500~1000),7C(40%)-3C,True,2단계 정전류,7.0,40.0,3.0,False,False,1000.0,-0.044621405961221994,-1.3523853786503152e-05,-0.02104235085802675,0.014637489097021601,0.00021425608706542626,-3.669066828794939,-0.04369124239067521,-0.03583112146337081,-0.020427224019466728,-0.009816928144565362,-8.302371441149124e-05,0.026014193318805445,2.924924924924925,3.5,-0.031588169163337426,0.031588169163337426,0.02104235085802675,0.025628545815372748,-0.02415663851195429,-1.2881673796733442,True,계산 완료
Batch 1,37,Batch1_037,648.0,중간수명(500~1000),7C(40%)-3C,True,2단계 정전류,7.0,40.0,3.0,False,False,1000.0,-0.044544784957630146,-0.00017811853868847618,-0.019436824634916583,0.014562898051922377,0.00021207799967068455,-3.6735043794930977,-0.04337367851742995,-0.03375938939113844,-0.017318058838014294,-0.00745487849940879,-0.00022014467021283258,0.02630451089172965,2.945945945945946,3.4834834834834836,-0.029179144808805377,0.029179144808805377,0.019436824634916583,0.02428283495721853,-0.23683126550203498,-1.2640908185005564,True,계산 완료
Batch 1,38,Batch1_038,617.0,중간수명(500~1000),7C(40%)-3.6C,True,2단계 정전류,7.0,40.0,3.6,False,False,1000.0,-0.05641559694699583,8.902719902493308e-05,-0.026764193834967424,0.019217335363196496,0.0003693059784615626,-3.4326136605966835,-0.055049561336597046,-0.04535690748488244,-0.026462904419278455,-0.012232982150913396,-2.1926573079729647e-05,0.033123925333969045,2.975975975975976,3.4984984984984986,-0.04017744896871364,0.04018155643976315,0.02676701782749305,0.032943265535141,-0.06390632161996249,-1.3490899349504712,True,계산 완료
Batch 1,39,Batch1_039,625.0,중간수명(500~1000),7C(40%)-3.6C,True,2단계 정전류,7.0,40.0,3.6,False,False,1000.0,-0.053143954091811496,-6.723912969123124e-05,-0.024440041487006035,0.017699067911816472,0.0003132570049470915,-3.5040992072926698,-0.0522247041667598,-0.04129646225240885,-0.02255567624776189,-0.011170337957843945,-0.00011604958517801995,0.030126124294564904,2.951951951951952,3.4774774774774775,-0.03668939871430891,0.03668939871430891,0.024440041487006035,0.03017050506419673,-0.15273152601957188,-1.2775748289994968,True,계산 완료
Batch 1,40,Batch1_040,966.0,중간수명(500~1000),8C(15%)-3.6C,True,2단계 정전류,8.0,15.0,3.6,False,False,1000.0,-0.02909570881628587,-1.2058511917748113e-05,-0.012628807847703542,0.009388817629533258,8.81498964806345e-05,-4.0547781884539456,-0.02780564885050136,-0.02197122947514421,-0.01051226041309472,-0.005577138800809345,-4.558587929004071e-05,0.016394090674334866,3.0975975975975976,3.451951951951952,-0.0189582791424852,0.0189582791424852,0.012628807847703542,0.015733675166291327,-0.24887813689746457,-1.2416999273444589,True,계산 완료
Batch 1,41,Batch1_041,1051.0,장수명(>1000),8C(15%)-3.6C,True,2단계 정전류,8.0,15.0,3.6,False,False,1000.0,-0.02850629135902205,2.218394459089346e-05,-0.012358568562846162,0.009214255940467138,8.490251253643393e-05,-4.071079452290269,-0.027640143372890523,-0.021600547540510828,-0.010647209402863123,-0.005254581328337726,-1.7463073443111752e-05,0.016345966212173102,2.936936936936937,3.4984984984984986,-0.018553128290624006,0.01855389845467198,0.012359103287035352,0.015412716403881145,-0.23170401434007895,-1.243162375916453,True,계산 완료
Batch 1,42,Batch1_042,702.0,중간수명(500~1000),8C(25%)-3.6C,True,2단계 정전류,8.0,25.0,3.6,False,False,1000.0,-0.04470964572873015,-0.0002104370037568757,-0.020599210252813277,0.01469905325127921,0.00021606216648394189,-3.6654212714849397,-0.04323879692763816,-0.03587481425090068,-0.019250455730497884,-0.008804502706856954,-0.0002688158162272136,0.027070311544043726,2.918918918918919,3.478978978978979,-0.030923283927720528,0.030923283927720528,0.020599210252813277,0.02530165147489518,-0.10785593567169308,-1.316822776560952,True,계산 완료
Batch 1,43,Batch1_043,651.0,중간수명(500~1000),8C(25%)-3.6C,True,2단계 정전류,8.0,25.0,3.6,False,False,1000.0,-0.044605890152637384,-3.940573486494126e-05,-0.019165626778476195,0.0146665416562745,0.00021510744415523516,-3.6673445578418313,-0.043187871241719175,-0.033378253252225876,-0.01728616186447074,-0.006889546976909688,-9.799884928110354e-05,0.026488706275316187,2.9174174174174174,3.4954954954954953,-0.028772389873803123,0.028772389873803123,0.019165626778476195,0.024129102480675155,-0.23761009970002483,-1.3031252334495718,True,계산 완료
Batch 1,44,Batch1_044,616.0,중간수명(500~1000),8C(35%)-3.6C,True,2단계 정전류,8.0,35.0,3.6,False,False,1000.0,-0.05879707165403769,-0.0001624503544244773,-0.029329092901317067,0.019492487010423103,0.00037995704985151343,-3.420265491889413,-0.05699853728765889,-0.04836643025322748,-0.030558612264891982,-0.016417777262914546,-0.0002108697501818172,0.03194865299031294,2.921921921921922,3.472972972972973,-0.044025473959789396,0.044025473959789396,0.029329092901317067,0.03521040731397109,0.13928886974394167,-1.2897302250573996,True,계산 완료
Batch 1,45,Batch1_045,599.0,중간수명(500~1000),8C(35%)-3.6C,True,2단계 정전류,8.0,35.0,3.6,False,False,1000.0,-0.059403509916114317,0.00010571722070946006,-0.02886609052113574,0.01938970215948092,0.0003759605498333791,-3.424857722769676,-0.05736795522015694,-0.04741328002948168,-0.030243720233104288,-0.01620576080443653,1.8580833129104068e-05,0.031207519225045152,2.945945945945946,3.5,-0.0433305839737735,0.04333871431910706,0.028871611048348598,0.03476831562296264,0.11537089433164252,-1.2807934030262746,True,계산 완료
Batch 2,0,Batch2_000,477.0,단수명(<500),5.2C(58%)-4C,True,2단계 정전류,5.2,58.0,4.0,False,False,1000.0,-0.055061277717081025,-9.521354407294514e-05,-0.025801000173386008,0.018054474729491392,0.00032596405775784325,-3.486830283194789,-0.054273160466620354,-0.04115590125130783,-0.02685816826886811,-0.012789173515263874,-0.00017789579443930732,0.028366727736043956,2.9084084084084085,3.5,-0.03873090802126279,0.03873090802126279,0.025801000173386008,0.031485388732666944,-0.031479490173761226,-1.2427805311018725,True,계산 완료
Batch 2,1,Batch2_001,491.0,단수명(<500),5.6C(26%)-4.5C,True,2단계 정전류,5.6,26.0,4.5,False,False,1000.0,-0.0661147205894651,7.108555611635758e-05,-0.035595007639683186,0.022448719486809404,0.0005039450065974563,-3.297616852840229,-0.06526279048873258,-0.05743080137237952,-0.038414298398802504,-0.023959280475672196,1.309865371740584e-05,0.033471520896707324,2.9534534534534536,3.5,-0.05342828354342686,0.053434577776178147,0.035599270684251665,0.042076663727771524,0.3179739331543852,-1.1588961042902888,True,계산 완료
Batch 2,2,Batch2_002,424.0,단수명(<500),5.2C(50%)-4.25C,True,2단계 정전류,5.2,50.0,4.25,False,False,1000.0,-0.052717818544041395,-9.348703145968057e-05,-0.025013386420214043,0.01862486241950328,0.0003468855001454255,-3.4598138520868176,-0.05195871963747555,-0.043915648178017075,-0.02347032509443725,-0.009777133321366094,-0.00021755161029815876,0.03413851485665098,3.141141141141141,3.5,-0.03755061607566037,0.03755061607566037,0.025013386420214043,0.031180252001102048,-0.15548705410586489,-1.4047752618060978,True,계산 완료
Batch 2,3,Batch2_003,499.0,단수명(<500),4.65C(44%)-5C,True,2단계 정전류,4.65,44.0,5.0,False,False,1000.0,-0.05586845261151374,-3.60397413177497e-05,-0.020089882918698704,0.017868815201419887,0.00031929455670249446,-3.4958084838405066,-0.05416243605094694,-0.03256704160833304,-0.015045162476646445,-0.0049362410348609,-0.00011385821189955634,0.027630800573472142,3.0870870870870872,3.5,-0.03016197144417994,0.03016197144417994,0.020089882918698704,0.026880823235771886,-0.6875549965892124,-0.8113184735348473,True,계산 완료
Batch 2,4,Batch2_004,444.0,단수명(<500),4.65C(69%)-6C,True,2단계 정전류,4.65,69.0,6.0,False,False,1000.0,-0.07029720690084085,0.00013025762408843224,-0.034781796484889084,0.024208275311539497,0.0005860405935592927,-3.2320722997114752,-0.06911510244256858,-0.058180744042296756,-0.03449277773286674,-0.019297673506439905,5.9203121740174354e-05,0.03888307053585685,3.0615615615615615,3.472972972972973,-0.05221072066364478,0.052227244231905154,0.03479286913315801,0.042370130040890554,-0.010553223599522942,-1.3028634336884553,True,계산 완료
Batch 2,5,Batch2_005,416.0,단수명(<500),3.6C(30%)-6C,True,2단계 정전류,3.6,30.0,6.0,False,False,1000.0,-0.08615002847927744,2.920642290152572e-05,-0.04648540460048997,0.028660013705642202,0.000821396385607599,-3.0854472119764402,-0.08503923072937741,-0.07232614269749157,-0.04959438527045934,-0.035017648620058905,-2.542934331759542e-05,0.03730849407743267,2.960960960960961,3.5,-0.06977185167577418,0.06977261503321983,0.04648594220297168,0.0546028188841313,0.3627188702636176,-1.036744735361188,True,계산 완료
Batch 2,6,Batch2_006,393.0,단수명(<500),3.6C(9%)-5C,True,2단계 정전류,3.6,9.0,5.0,False,False,1000.0,-0.04987247893740465,6.053608010545594e-05,-0.02082479246051704,0.017186894560587668,0.000295389344636758,-3.529605173257688,-0.049037510497455444,-0.03594099277740931,-0.017087228227464224,-0.0059434020185007985,1.5985958422852665e-05,0.02999759075890851,2.987987987987988,3.4834834834834836,-0.03126462016225392,0.03127183142399857,0.020829630464071762,0.026995665139346516,-0.42154574871824896,-1.215345240498726,True,계산 완료
Batch 2,7,Batch2_007,777.0,중간수명(500~1000),4.8C(80%)-4.8C-newstructure,True,2단계 정전류,4.8,80.0,4.8,True,False,1000.0,-0.021737979924043582,0.00018215769615613552,-0.008823099834708447,0.00766270684542111,5.871707619886354e-05,-4.231235570734996,-0.02129181059061084,-0.015684261887845802,-0.006921022453145076,-0.0014452624533036074,0.00016954481647862282,0.014238999434542194,2.9624624624624625,3.4624624624624625,-0.013247534547733208,0.013314351588678778,0.008867753886646014,0.011683554673809547,-0.3740164055449279,-1.3272708175509857,True,계산 완료
Batch 2,8,Batch2_008,904.0,중간수명(500~1000),5.2C(58%)-4C-newstructure,True,2단계 정전류,5.2,58.0,4.0,True,False,1000.0,-0.027841110945332148,7.99459666896464e-05,-0.011203415580045945,0.008892134349308448,7.907005328615117e-05,-4.101987963034194,-0.02752151756296776,-0.017746645453420126,-0.009203144240759742,-0.004929964927766983,6.97358971873452e-05,0.012816680525653143,2.9864864864864864,3.3663663663663663,-0.016818617480546878,0.016846982332079027,0.011222306571166357,0.014300612011102226,-0.44609492794130745,-0.9497791877631392,True,계산 완료
Batch 2,9,Batch2_009,791.0,중간수명(500~1000),5.6C(26%)-4.5C-newstructure,True,2단계 정전류,5.6,26.0,4.5,True,False,1000.0,-0.019754152325308416,0.007641342941403423,-0.007446960333569007,0.0067298349705290994,4.5290678730556406e-05,-4.343991161299498,-0.019132169641844655,-0.012075522257037175,-0.0073280973955097695,5.594628365125167e-05,0.0021589889901152564,0.012131468540688426,2.8873873873873874,3.165165165165165,-0.01117824319337667,0.012162993517193285,0.008102861355073059,0.010035068821965103,-0.052268003657793334,-0.7618914639490715,True,계산 완료
Batch 2,10,Batch2_010,492.0,단수명(<500),4.8C(80%)-4.8C,True,2단계 정전류,4.8,80.0,4.8,False,False,1000.0,-0.05580244986198335,-3.745489361485022e-05,-0.02952029629956943,0.018826396420971843,0.00035443320219958143,-3.4504656002982217,-0.05514200255131162,-0.046713452706025616,-0.031940683838408424,-0.01756226664766547,-0.00012261743088614393,0.029151186058360146,2.90990990990991,3.5,-0.04431191504885022,0.04431191504885022,0.02952029629956943,0.035007522943101166,0.26360088401366594,-1.244020568473018,True,계산 완료
Batch 2,11,Batch2_011,449.0,단수명(<500),5.2C(50%)-4.25C,True,2단계 정전류,5.2,50.0,4.25,False,False,1000.0,-0.05489875594719695,-7.08192254983666e-05,-0.024012633467613776,0.018093419203139786,0.0003273718184605475,-3.4849587078792537,-0.05366270972130281,-0.03935983180370074,-0.02289650388175235,-0.009410678504745917,-0.00015835144289286983,0.029949153298954825,2.972972972972973,3.5,-0.0360483365144574,0.0360483365144574,0.024012633467613776,0.030060788623920896,-0.2224128965807251,-1.2403560236213387,True,계산 완료
Batch 2,12,Batch2_012,466.0,단수명(<500),4.65C(44%)-5C,True,2단계 정전류,4.65,44.0,5.0,False,False,1000.0,-0.07733124344865683,2.5599653875487077e-05,-0.03939759227215439,0.026075525637443326,0.0006799330372689643,-3.1675338557382275,-0.07635774486702888,-0.06458045392968742,-0.04053774490533013,-0.023988259728501216,-8.343028813839997e-05,0.040592194201186205,2.96996996996997,3.5,-0.05913786258577024,0.05913861345264282,0.039398117949145404,0.047237944293487356,0.1180602471403766,-1.240976123167642,True,계산 완료
Batch 2,13,Batch2_013,460.0,단수명(<500),4.65C(69%)-6C,True,2단계 정전류,4.65,69.0,6.0,False,False,1000.0,-0.06467448840609535,2.057302958928932e-05,-0.0340700221226121,0.021281066799984757,0.0004528838041454134,-3.3440132091508574,-0.06385434490006174,-0.0519414621926155,-0.037810312311118865,-0.023324648056625097,-7.997109809705782e-06,0.028616814135990404,2.90990990990991,3.4834834834834836,-0.05113892335591391,0.05114063533623627,0.03407116449841186,0.04016462781822515,0.33528540381461425,-1.0954799668026238,True,계산 완료
Batch 2,14,Batch2_014,426.0,단수명(<500),3.6C(30%)-6C,True,2단계 정전류,3.6,30.0,6.0,False,False,1000.0,-0.0837144352028476,-0.0001943753785575401,-0.04455576451036339,0.027603062753729733,0.0007619290733863417,-3.118085453904825,-0.08223622101123113,-0.06996344180071731,-0.04708608030953032,-0.03150464226924404,-0.0003097400843181765,0.03845879953147327,2.9744744744744747,3.4984984984984986,-0.0668770052035785,0.0668770052035785,0.04455576451036339,0.052405947137857484,0.2892622635908048,-1.0879924192588737,True,계산 완료
Batch 2,15,Batch2_015,396.0,단수명(<500),3.6C(9%)-5C,True,2단계 정전류,3.6,9.0,5.0,False,False,1000.0,-0.05093467639415561,-0.00010253456264084181,-0.024135288352654265,0.017461891785815278,0.0003049176647395231,-3.5158174135783957,-0.05015484525992327,-0.04239988001178549,-0.023640629683220227,-0.010465678599901718,-0.00015424583742277046,0.03193420141188377,2.951951951951952,3.493993993993994,-0.03623152175664686,0.03623152175664686,0.024135288352654265,0.02978464186356036,-0.07198505134126539,-1.3942615560836726,True,계산 완료
Batch 2,16,Batch2_016,472.0,단수명(<500),4.8C(80%)-4.8C,True,2단계 정전류,4.8,80.0,4.8,False,False,1000.0,-0.0532543676756424,-0.00018833040630502525,-0.026244652410942607,0.01789685666840979,0.0003202974786096039,-3.494446478744695,-0.052666837619377516,-0.042509286829325185,-0.027318786205295376,-0.013830370343571263,-0.00024328210180540074,0.028678916485753922,2.9204204204204203,3.493993993993994,-0.03939612343472676,0.03939612343472676,0.026244652410942607,0.03176096600077192,0.07226725008655585,-1.2973434555142416,True,계산 완료
Batch 2,17,Batch2_017,471.0,단수명(<500),5.6C(26%)-4.5C,True,2단계 정전류,5.6,26.0,4.5,False,False,1000.0,-0.05256239657553352,-8.595721552723563e-05,-0.024346340387445996,0.017784644631892325,0.0003162935846826965,-3.499909615326947,-0.051504345104392356,-0.0409279734870395,-0.02244718451071459,-0.010456732217086484,-0.00014709019605342285,0.030471241269953014,2.9804804804804803,3.5,-0.03654873894102899,0.03654873894102899,0.024346340387445996,0.03014500922805296,-0.17184163378254713,-1.2845746789135757,True,계산 완료
Batch 2,18,Batch2_018,449.0,단수명(<500),5.2C(50%)-4.25C,True,2단계 정전류,5.2,50.0,4.25,False,False,1000.0,-0.03974566910430133,0.00011606288549960105,-0.016640891110932497,0.014014121802268523,0.00019639560988881798,-3.7068682221909555,-0.03860521461361561,-0.031000454404542133,-0.01489137779478289,-0.002811574321188115,-5.460397145762714e-05,0.028188880083354018,2.966966966966967,3.5,-0.024984752881900635,0.024985715480328442,0.016641648264370923,0.021751286657226542,-0.27399050468455843,-1.4476473563248367,True,계산 완료
Batch 2,19,Batch2_019,392.0,단수명(<500),6C(60%)-3C,True,2단계 정전류,6.0,60.0,3.0,False,False,1000.0,-0.06565175087353758,6.291054244101832e-05,-0.03430820779792184,0.022606756349940204,0.0005110654326655617,-3.291523491918894,-0.06510448020295115,-0.056850463833854725,-0.03596922649653078,-0.020259661578353072,-1.3982656145739719e-05,0.03659080225550165,2.9414414414414414,3.4804804804804803,-0.05149893400965737,0.051502401278122265,0.03431051699871947,0.041080500113049756,0.15644766877386318,-1.2824483398052942,True,계산 완료
Batch 2,20,Batch2_020,489.0,단수명(<500),5.2C(58%)-4C,True,2단계 정전류,5.2,58.0,4.0,False,False,1000.0,-0.06050408803806073,-0.000196828332951257,-0.024435139451588442,0.01903551101879336,0.0003623506797466035,-3.4408709184378354,-0.059272288754869125,-0.03844646918358591,-0.021029999500227214,-0.009776778053235013,-0.00024148649833699514,0.028669691130350894,3.0075075075075075,3.4954954954954953,-0.03668251672590607,0.03668251672590607,0.024435139451588442,0.030968764410054056,-0.4400636355927272,-0.957458621386396,True,계산 완료
Batch 2,21,Batch2_021,408.0,단수명(<500),6C(60%)-3C,True,2단계 정전류,6.0,60.0,3.0,False,False,1000.0,-0.06446758204398206,-0.00014105578859591097,-0.03328855261100499,0.021720895104392113,0.00047179728413600534,-3.3262445625047774,-0.06347498076768535,-0.05401976035730689,-0.0353316332089848,-0.020746610718419323,-0.0001739475345864869,0.03327314963888757,2.9624624624624625,3.481981981981982,-0.049967328068722644,0.049967328068722644,0.03328855261100499,0.03974233538416579,0.19608415924315734,-1.251398903580841,True,계산 완료
Batch 2,22,Batch2_022,,Target 결측,VarCharge-2C-100cycles,True,가변 충전,2.0,,,False,False,1000.0,-0.006779169322993939,0.016036828717484575,-0.002618816303222525,0.0047822569345211145,2.286998138777529e-05,-4.640734169844277,-0.0065573072703034585,-0.006321594099837069,-0.005364467481815738,0.0002957012997645684,0.006820772499982725,0.006617295399601637,2.003003003003003,3.156156156156156,-0.003927861096019072,0.006831526664480931,0.004552858359521979,0.0054502578137563,1.4937747250417386,2.3109976015552753,True,계산 완료
Batch 2,23,Batch2_023,,Target 결측,VarCharge-4C-100cycles,True,가변 충전,4.0,,,False,False,1000.0,-0.01921756649136097,0.00031937761682577365,-0.011590160361131023,0.006638808132187672,4.407377341600116e-05,-4.355819755529337,-0.018870596483206763,-0.015901445159651362,-0.014096111816857881,-0.008558054829545678,0.0002898277204998128,0.007343390330105684,2.861861861861862,3.234234234234234,-0.017392124403133466,0.017548515638793484,0.011694520372353686,0.013355205608275673,0.9762813817900599,-0.6049483908128916,True,계산 완료
Batch 2,24,Batch2_024,514.0,중간수명(500~1000),4.8C(80%)-4.8C,True,2단계 정전류,4.8,80.0,4.8,False,False,1000.0,-0.04572997432532899,6.422339966413571e-05,-0.02277147977476359,0.015127759860142146,0.00022884911838612793,-3.6404507544033025,-0.04499876731813991,-0.03710965856454329,-0.023487507980286648,-0.01212358212457354,2.6465135378380013e-06,0.02498607643996975,2.9204204204204203,3.5,-0.03418281005677275,0.03418572792264496,0.022773487296834143,0.02733423787853265,0.1476136242840098,-1.2471731454063106,True,계산 완료
Batch 2,25,Batch2_025,493.0,단수명(<500),5.2C(58%)-4C,True,2단계 정전류,5.2,58.0,4.0,False,False,1000.0,-0.05050846489030969,-4.5340619104201576e-05,-0.023610982444417374,0.017099298385116007,0.00029238600526323093,-3.5340434167623695,-0.049623286282053106,-0.04033717737769765,-0.02314056543285481,-0.010332662444186014,-7.277835021520689e-05,0.03000451493351164,2.9144144144144146,3.5,-0.03544449279888991,0.03544449279888991,0.023610982444417374,0.02914742031893308,-0.06308093131581609,-1.35463427565552,True,계산 완료
Batch 2,26,Batch2_026,450.0,단수명(<500),5.6C(26%)-4.5C,True,2단계 정전류,5.6,26.0,4.5,False,False,1000.0,-0.0733087791289827,-1.461487027885509e-05,-0.03803854165400029,0.024501374697599825,0.0006003173620721849,-3.221619095295821,-0.07229508920107719,-0.061548219787978975,-0.04030803170869013,-0.025131364509590692,-6.657578797752319e-05,0.03641685527838828,2.9594594594594597,3.484984984984985,-0.05709627870005765,0.05709627870005765,0.03803854165400029,0.04523989053781217,0.2306042531852906,-1.1876472544640768,True,계산 완료
Batch 2,27,Batch2_027,474.0,단수명(<500),5.2C(50%)-4.25C,True,2단계 정전류,5.2,50.0,4.25,False,False,1000.0,-0.05449125756065937,-3.926139249814915e-05,-0.02468392780224258,0.01807654553240038,0.00032676149838494417,-3.485769119794705,-0.050777566954008216,-0.04246654581846407,-0.023266407021699465,-0.010058566149116155,-0.00012611282127569188,0.032407979669347914,3.1426426426426426,3.484984984984985,-0.03705587457349385,0.03705587457349385,0.02468392780224258,0.030589720963632265,-0.13941125764050205,-1.3560947854988492,True,계산 완료
Batch 2,28,Batch2_028,437.0,단수명(<500),4.8C(80%)-4.8C,True,2단계 정전류,4.8,80.0,4.8,False,False,1000.0,-0.05649138678277321,-1.6725146193166066e-05,-0.027989332592662373,0.01943173912409744,0.00037759248538697914,-3.422976656199021,-0.05580126221123135,-0.048455704272172426,-0.02883211714760725,-0.013977557040465438,-9.348634639114643e-05,0.03447814723170699,2.9264264264264264,3.5,-0.042015789443883615,0.042015789443883615,0.027989332592662373,0.034067838673509425,0.04589357737924896,-1.392138243417447,True,계산 완료
Batch 2,29,Batch2_029,452.0,단수명(<500),5.2C(58%)-4C,True,2단계 정전류,5.2,58.0,4.0,False,False,1000.0,-0.05263352953614442,-7.556575465258704e-05,-0.02532223237657199,0.017623540720944107,0.0003105891875427751,-3.5078136659221246,-0.05191573941901571,-0.0412595959506557,-0.02640518349850496,-0.012192459783667564,-0.00018579298089405237,0.02906713616698814,2.9144144144144146,3.5,-0.03801243602069905,0.03801243602069905,0.02532223237657199,0.03084629719898878,0.01932626013590632,-1.343050046827535,True,계산 완료
Batch 2,30,Batch2_030,412.0,단수명(<500),5.6C(26%)-4.5C,True,2단계 정전류,5.6,26.0,4.5,False,False,1000.0,-0.07552303651130998,1.6768799842831208e-05,-0.03965588948997046,0.025557153196441446,0.0006531680795063772,-3.1849750468359517,-0.07452557867491223,-0.06413875462477739,-0.04227995311535093,-0.026752127346654664,-2.2175748572166205e-06,0.037386627278122725,2.945945945945946,3.4894894894894897,-0.059523470828613714,0.05952459076569852,0.03965664830797304,0.04717101316134328,0.2515279053664399,-1.2012605620325187,True,계산 완료
Batch 2,31,Batch2_031,425.0,단수명(<500),5.6C(26%)-4.5C,True,2단계 정전류,5.6,26.0,4.5,False,False,1000.0,-0.06422883358208353,0.0004689860046967753,-0.030624456764042955,0.021088118830245247,0.0004447087557985442,-3.3519243187367103,-0.06271029085407512,-0.0484444777729677,-0.031666464139406436,-0.018228859548807153,0.00037333053660772424,0.03021561822416055,2.984984984984985,3.324324324324324,-0.045969381640089055,0.04614036764040557,0.03073857262302911,0.03717689334970691,0.05936337084394179,-1.1693178938330255,True,계산 완료
Batch 2,32,Batch2_032,809.0,중간수명(500~1000),4.8C(80%)-4.8C-newstructure,True,2단계 정전류,4.8,80.0,4.8,True,False,1000.0,-0.02746120651303563,-5.814087009912289e-05,-0.013389939833647101,0.008599717368583275,7.395513881951284e-05,-4.131031637519925,-0.02682620596411938,-0.019813583529645212,-0.013830786128284922,-0.00903165594533617,-7.709361068666301e-05,0.010781927584309042,2.8723723723723724,3.279279279279279,-0.020098372867133237,0.020098372867133237,0.013389939833647101,0.015911369282038006,0.20810811539541815,-0.9709326905741698,True,계산 완료
Batch 2,33,Batch2_033,1140.0,장수명(>1000),5.2C(58%)-4C-newstructure,True,2단계 정전류,5.2,58.0,4.0,True,False,1000.0,-0.024084742136216253,0.0023936440985986712,-0.011579541007786182,0.007663075354951408,5.872272389566364e-05,-4.231193800168052,-0.02342480324820544,-0.016903904098839073,-0.012477186868230239,-0.005149256498792332,-1.4345984329204338e-05,0.011754647600046741,2.8903903903903903,3.18018018018018,-0.017379419453181732,0.01747418020090425,0.011642651665769381,0.01388343513410027,0.28635015070231196,-0.9750234294201903,True,계산 완료
Batch 2,34,Batch2_034,1186.0,장수명(>1000),5.6C(26%)-4.5C-newstructure,True,2단계 정전류,5.6,26.0,4.5,True,False,1000.0,-0.01914294964399932,0.0013340518865872647,-0.008120054579074073,0.005969317364984292,3.563274980390301e-05,-4.448150649362664,-0.018705624523294696,-0.012271409316292003,-0.007617838838458457,-0.005451555232186878,0.00023110886796108942,0.006819854084105126,2.9384384384384385,3.1786786786786787,-0.012188213737740154,0.012312270499225288,0.008202697022062439,0.010076328866270738,-0.15249698219680757,-0.8858320720177963,True,계산 완료
Batch 2,35,Batch2_035,,Target 결측,VarCharge-6C-100cycles,True,가변 충전,6.0,,,False,False,1000.0,-0.07570840765806064,0.0002125234038513164,-0.044821244304517734,0.024590240452744883,0.0006046799255238108,-3.2184744483688257,-0.07427945748958452,-0.06267478937869995,-0.05040830388620171,-0.040832954292907064,0.00013182654948113337,0.02184183508579289,2.96996996996997,3.5,-0.06726949146085581,0.06730626639762244,0.04484594893580815,0.05111769934771664,0.8617955014453467,-0.5280191417600006,True,계산 완료
Batch 2,36,Batch2_036,,Target 결측,VarCharge-8C-100cycles,True,가변 충전,8.0,,,False,False,1000.0,-0.1360257368450053,6.1084408759602e-06,-0.08442876531435932,0.04547349675259866,0.0020678389069086005,-2.684483297363117,-0.13462968762012992,-0.11882153967274911,-0.09758271524027867,-0.08172506959274906,-0.00016786360006613673,0.037096470080000055,2.9684684684684686,3.4984984984984986,-0.12670728094391154,0.12670734749631335,0.08442881472449687,0.09588528291927212,0.9431640406040281,-0.4847785003483276,True,계산 완료
Batch 2,37,Batch2_037,,Target 결측,3.6C(80%)-3.6C(SLOWCYCLE,True,2단계 정전류,3.6,80.0,3.6,False,True,1000.0,-0.028681743378075525,4.525363294785714e-05,-0.0029820466170849703,0.004120138474595078,1.6975541049838655e-05,-4.770176349271593,-0.007411446435486889,-0.003672812844325385,-0.0020099314740049667,-0.001023250508253859,-3.9150422771847623e-05,0.002649562336071526,3.1606606606606604,3.472972972972973,-0.004476958300308103,0.004478864350442381,0.0029833160464743996,0.005084404344193795,-4.137164160229212,19.516484528963108,True,계산 완료
Batch 2,38,Batch2_038,,Target 결측,4.8C(80%)-4.8C(SLOWCYCLE,True,2단계 정전류,4.8,80.0,4.8,False,True,1000.0,-0.03614952540357205,-0.00016131300857566625,-0.013148209711945616,0.0078080417832118686,6.096551648838238e-05,-4.214915735462348,-0.021533822795322805,-0.018872893989570455,-0.014425173889133003,-0.008765700662836662,-0.0002141623311327665,0.010107193326733793,3.153153153153153,3.4894894894894897,-0.0197358992682736,0.0197358992682736,0.013148209711945616,0.015289864930770152,0.1864693934987631,-0.2890409403255605,True,계산 완료
Batch 2,39,Batch2_039,,Target 결측,3.6C(9%)-5C(SLOWCYCLE,True,2단계 정전류,3.6,9.0,5.0,False,True,1000.0,-0.06095179783518334,-0.00019085176934269374,-0.03455301965015995,0.02084133379183266,0.0004343611942225858,-3.3621489805036244,-0.06027349511703503,-0.05479690449991012,-0.03870825199896133,-0.024934535422201753,-0.00026030769226996855,0.029862369077708367,2.90990990990991,3.4954954954954953,-0.051862768883312184,0.051862768883312184,0.03455301965015995,0.04034647444291388,0.4850189554710639,-1.06956669893821,True,계산 완료
Batch 2,40,Batch2_040,,Target 결측,5.2C(58%)-4C(SLOWCYCLE,True,2단계 정전류,5.2,58.0,4.0,False,True,1000.0,-0.048163210220580344,-3.467626324198292e-05,-0.02547583082825176,0.01586476406234525,0.0002516907387538814,-3.5991327627900263,-0.04751909244600409,-0.03870812757575834,-0.028124502602635437,-0.016364460525011004,-6.919620194227098e-05,0.022343667050747335,2.8963963963963963,3.481981981981982,-0.03824001874962719,0.03824001874962719,0.02547583082825176,0.03000761577341376,0.36030885930217493,-1.0950510183408946,True,계산 완료
Batch 2,41,Batch2_041,442.0,단수명(<500),5.6C(26%)-4.5C,True,2단계 정전류,5.6,26.0,4.5,False,False,1000.0,-0.08093104924483763,-4.6344856152906764e-05,-0.037768291495701274,0.0259438455850183,0.0006730831237392736,-3.1719312977577485,-0.07910231607446697,-0.05955754347838424,-0.03757262826171648,-0.022002512820895992,-0.00010439781840121069,0.03755503065748825,3.129129129129129,3.484984984984985,-0.0566929418226577,0.0566929418226577,0.037768291495701274,0.04581325008247936,-0.04405322397257599,-1.147794609736286,True,계산 완료
Batch 2,42,Batch2_042,474.0,단수명(<500),5.2C(50%)-4.25C,True,2단계 정전류,5.2,50.0,4.25,False,False,1000.0,-0.054167624970645756,-3.450833605905964e-05,-0.02934071492636848,0.018151956072171665,0.0003294935092460498,-3.4821531349154515,-0.05343948856587693,-0.046164019541460405,-0.03217719028277344,-0.018608899913231225,-0.00014012486377630207,0.02755511962822918,2.90990990990991,3.5,-0.04404147403610194,0.04404147403610194,0.02934071492636848,0.034496979115963555,0.3522600701222339,-1.1696552749695304,True,계산 완료
Batch 2,43,Batch2_043,1029.0,장수명(>1000),4.8C(80%)-4.8C-newstructure,True,2단계 정전류,4.8,80.0,4.8,True,False,1000.0,-0.019164842112240565,0.010130506838166742,-0.00777834835139346,0.007316886050041782,5.353682146929603e-05,-4.27134740873748,-0.018643623769309108,-0.013084710068570093,-0.009261300144385864,9.747730503162724e-05,0.004775264205638209,0.01318218737360172,2.861861861861862,3.15015015015015,-0.011673931375824304,0.01319844088938141,0.008793714465857192,0.01067642204689624,0.37420234976273087,-0.7817920466084418,True,계산 완료
Batch 2,44,Batch2_044,841.0,중간수명(500~1000),5.2C(58%)-4C-newstructure,True,2단계 정전류,5.2,58.0,4.0,True,False,1000.0,-0.020302277620516618,0.00010670026400699112,-0.008750572617170911,0.006575904776824385,4.324252363386176e-05,-4.364088958508095,-0.019938721916265008,-0.014313758567253115,-0.007813718508928869,-0.004196340472614635,4.9149606096797086e-05,0.01011741809463848,2.9084084084084085,3.2177177177177176,-0.013135952668854685,0.013151452226442865,0.00876089532252464,0.010944030438490624,-0.23194799737826732,-1.106403239142095,True,계산 완료
Batch 2,45,Batch2_045,997.0,중간수명(500~1000),5.6C(26%)-4.5C-newstructure,True,2단계 정전류,5.6,26.0,4.5,True,False,1000.0,-0.026670418787086536,4.7618008762400016e-05,-0.011157666285585534,0.00817729718182962,6.686818919995865e-05,-4.174780430902203,-0.025781272376014658,-0.01718728026853543,-0.009565811397816426,-0.006071875698723361,2.91518397981683e-05,0.011115404569812068,2.9864864864864864,3.4864864864864864,-0.0167490733175148,0.016757172486676578,0.01116306629285677,0.013830937710482641,-0.3306120082060121,-0.9291173231805274,True,계산 완료
Batch 2,46,Batch2_046,503.0,중간수명(500~1000),4.8C(80%)-4.8C,True,2단계 정전류,4.8,80.0,4.8,False,False,1000.0,-0.05286240500828243,0.0021619334239458277,-0.02283429863191323,0.01761082451312486,0.0003101411400320794,-3.50844061964437,-0.05152208057161483,-0.03740915901681968,-0.022572841017963197,-0.01130934281076118,0.0005756620829485505,0.0260998162060585,2.9594594594594597,3.1636636636636637,-0.03427646817457392,0.034599618426536236,0.02304951669972013,0.02883116704026117,-0.13412441125201788,-1.2034508123030656,True,계산 완료
Batch 3,0,Batch3_000,1009.0,장수명(>1000),5C(67%)-4C-newstructure,True,2단계 정전류,5.0,67.0,4.0,True,False,1000.0,-0.02331165742747432,4.195191073483144e-05,-0.01010217739369119,0.007545010017569071,5.6927176165217626e-05,-4.244680350914678,-0.022689806741428065,-0.016476606873477462,-0.009329425610395292,-0.004176850397252296,3.3313810039257206e-05,0.012299756476225165,2.873873873873874,3.3873873873873874,-0.015165608551997606,0.01517845456592211,0.010110736452058799,0.01260651565987437,-0.195414865711608,-1.1717402871368614,True,계산 완료
Batch 3,1,Batch3_001,1063.0,장수명(>1000),5.3C(54%)-4C-newstructure,True,2단계 정전류,5.3,54.0,4.0,True,False,1000.0,-0.022324177554068236,-0.00015211554022655574,-0.009621018929360837,0.007201880330726357,5.186708029810318e-05,-4.285108190251883,-0.02186810454452402,-0.015653185005068626,-0.008422491162794254,-0.004120812279301167,-0.00016965037453827957,0.011532372725767459,2.903903903903904,3.3213213213213213,-0.014443012732072403,0.014443012732072403,0.009621018929360837,0.01201579038003429,-0.28679992286499123,-1.1236104130337805,True,계산 완료
Batch 3,2,Batch3_002,1267.0,장수명(>1000),5.6C(19%)-4.6C-newstructure,True,2단계 정전류,5.6,19.0,4.6,True,False,1000.0,-0.008648038341613706,0.010524237005879011,-0.0026131423354832516,0.004078748817876315,1.6636191919327444e-05,-4.778946052041562,-0.0082241341705593,-0.004976215984829224,-0.0033277633953610053,-4.4718533201443584e-05,0.007111655062927565,0.00493149745162778,3.159159159159159,3.063063063063063,-0.003921718254080235,0.005945505832823994,0.0039609848629265955,0.004842320579319691,1.256428729691488,1.9868579988438677,True,계산 완료
Batch 3,3,Batch3_003,1115.0,장수명(>1000),5.6C(36%)-4.3C-newstructure,True,2단계 정전류,5.6,36.0,4.3,True,False,1000.0,-0.026836614735112785,7.254636391688842e-05,-0.010705414352713173,0.00874809258444761,7.652912386606728e-05,-4.116173252932287,-0.026453315805375348,-0.01757923243045073,-0.00845623955650543,-0.004158592270868622,6.106816527726048e-05,0.013420640159582109,2.93993993993994,3.478978978978979,-0.016071407231785503,0.01609455795896238,0.010720837897382686,0.01382239093664618,-0.48027029804574406,-1.0194973062739443,True,계산 완료
Batch 3,4,Batch3_004,1048.0,장수명(>1000),5.6C(19%)-4.6C-newstructure,True,2단계 정전류,5.6,19.0,4.6,True,False,1000.0,-0.024810275761238065,-4.890704243583474e-05,-0.01010643886890673,0.008146750563285355,6.636954474039026e-05,-4.178031154832222,-0.024193703872308837,-0.016835112201341595,-0.008063284442482721,-0.003715782089178221,-5.760323405052072e-05,0.013119330112163374,2.9834834834834836,3.406906906906907,-0.015172486320835205,0.015172486320835205,0.01010643886890673,0.012978570098689555,-0.4365144978334361,-1.1076539445166191,True,계산 완료
Batch 3,5,Batch3_005,828.0,중간수명(500~1000),5.6C(36%)-4.3C-newstructure,True,2단계 정전류,5.6,36.0,4.3,True,False,1000.0,-0.025445098246365427,0.00021307872928851695,-0.011445765437692483,0.008770114603017262,7.691491015005661e-05,-4.113989457306141,-0.025150463752638786,-0.01931602910684077,-0.01078391682626878,-0.004003217243117196,0.00020066365073096828,0.015312811863723574,2.8843843843843846,3.34984984984985,-0.017183308011456237,0.01728105142845896,0.011511014676139613,0.014416779865648998,-0.16322704290280782,-1.2851521427273795,True,계산 완료
Batch 3,6,Batch3_006,667.0,중간수명(500~1000),3.7C(31%)-5.9C-newstructure,True,2단계 정전류,3.7,31.0,5.9,True,False,1000.0,-0.05320164659124538,0.00025720584764030684,-0.028517561100453784,0.017272816506029073,0.0002983501900509504,-3.525273679715821,-0.05261175357143781,-0.04203841668499045,-0.030929139240199244,-0.022530669384864532,0.00023394775553373814,0.019507747300125916,2.9294294294294296,3.3543543543543546,-0.042802657355872645,0.04290121144416589,0.028583375430279123,0.03333621350692088,0.483884760625972,-0.8654053648248254,True,계산 완료
Batch 3,7,Batch3_007,1836.0,장수명(>1000),4.8C(80%)-4.8C-newstructure,True,2단계 정전류,4.8,80.0,4.8,True,False,1000.0,-0.017059021835070354,0.00016612471977571507,-0.007037779014879844,0.0056996234143197495,3.248570706506192e-05,-4.488307662825104,-0.01657419334083505,-0.012156589416619568,-0.005756381183797399,-0.002493980337940127,0.0001520945910498936,0.00966260907867944,2.8933933933933935,3.4744744744744747,-0.010565730308487467,0.010637990959671002,0.007086030472687243,0.00905447705945959,-0.3412950887984842,-1.2007655064954617,True,계산 완료
Batch 3,8,Batch3_008,828.0,중간수명(500~1000),5C(67%)-4C-newstructure,True,2단계 정전류,5.0,67.0,4.0,True,False,1000.0,-0.026848970612832312,3.896464001430355e-06,-0.011806368426415048,0.00900151018395605,8.102718559186449e-05,-4.091369240308494,-0.02647583477555492,-0.020122091887342708,-0.010666217454271099,-0.003955195306378112,-2.217214465813292e-05,0.016166896580964596,2.9129129129129128,3.5,-0.017724722534337586,0.017724752531398498,0.011806392300921615,0.014843735844676123,-0.21539521628736535,-1.2795482925833033,True,계산 완료
Batch 3,9,Batch3_009,1039.0,장수명(>1000),5.3C(54%)-4C-newstructure,True,2단계 정전류,5.3,54.0,4.0,True,False,1000.0,-0.0295752747869662,-0.00017198221252223697,-0.01447801181075607,0.010211011830874906,0.00010426476261026731,-3.9818624370687656,-0.029370873162434447,-0.024281818827965818,-0.013543478688522792,-0.005858084149757248,-0.00023759059841964674,0.01842373467820857,2.96996996996997,3.4984984984984986,-0.021734897618897873,0.021734897618897873,0.01447801181075607,0.017713647954050834,-0.05593254179307571,-1.34795260757913,True,계산 완료
Batch 3,10,Batch3_010,1078.0,장수명(>1000),4.8C(80%)-4.8C-newstructure,True,2단계 정전류,4.8,80.0,4.8,True,False,1000.0,-0.019093025885229542,-6.962870536587714e-05,-0.008335183582489896,0.006230735190056073,3.8822061008603085e-05,-4.410921401065763,-0.018599929365077362,-0.01393285032803282,-0.007350157259642054,-0.0035834791624154705,-0.0001328165621664749,0.01034937116561735,2.8828828828828827,3.5,-0.012512864934325301,0.012512864934325301,0.008335183582489896,0.010404735667060627,-0.2453246270429603,-1.1918321246496775,True,계산 완료
Batch 3,11,Batch3_011,817.0,중간수명(500~1000),5.6C(19%)-4.6C-newstructure,True,2단계 정전류,5.6,19.0,4.6,True,False,1000.0,-0.034087374997818,0.0001621390525086798,-0.015620691175653465,0.011422381827001437,0.00013047080660181267,-3.884486649365402,-0.03331849620360548,-0.02643087366261715,-0.014167954816120876,-0.006542007596834376,0.0001333826625931982,0.019888866065782773,2.9864864864864864,3.5,-0.023450205441640663,0.023489432000141273,0.015646978202667382,0.01934803164666496,-0.14040327561176416,-1.2659331408130916,True,계산 완료
Batch 3,12,Batch3_012,932.0,중간수명(500~1000),5.6C(36%)-4.3C-newstructure,True,2단계 정전류,5.6,36.0,4.3,True,False,1000.0,-0.03173492178819726,-0.00010094321934228439,-0.01531489306361951,0.010637076129160946,0.00011314738857756562,-3.946355461197863,-0.03135271190690555,-0.02493679440415436,-0.01528779459133811,-0.006664709824400039,-0.0001507468050558511,0.018272084579754322,2.903903903903904,3.5,-0.022990700273739888,0.022990700273739888,0.01531489306361951,0.018643502641378554,0.009021445389613702,-1.283786871273126,True,계산 완료
Batch 3,13,Batch3_013,816.0,중간수명(500~1000),5.6C(19%)-4.6C-newstructure,True,2단계 정전류,5.6,19.0,4.6,True,False,1000.0,-0.027646083960900736,-0.00013977091851407556,-0.01176548019743392,0.008973957599512212,8.053191499784299e-05,-4.094031968144729,-0.026993732794651948,-0.019363902030189478,-0.010785077357057027,-0.003924973441245538,-0.0001642974605650782,0.01543892858894394,2.891891891891892,3.4984984984984986,-0.017663213236501656,0.017663213236501656,0.01176548019743392,0.014794522883792328,-0.2586568826446907,-1.197926125427378,True,계산 완료
Batch 3,14,Batch3_014,858.0,중간수명(500~1000),5.6C(36%)-4.3C-newstructure,True,2단계 정전류,5.6,36.0,4.3,True,False,1000.0,-0.029282360362737236,8.776909781326705e-05,-0.013203557332650977,0.010008832203130926,0.00010017672207043067,-3.99923317883243,-0.029009637725873633,-0.02242865141919065,-0.011786627065372923,-0.00457996221858975,5.711390373701126e-05,0.017848689200600898,2.933933933933934,3.4714714714714714,-0.019822297751180336,0.019838315736103007,0.013214247691073173,0.016565339464827203,-0.19233148034124217,-1.320435758817018,True,계산 완료
Batch 3,15,Batch3_015,876.0,중간수명(500~1000),5.9C(15%)-4.6C-newstructure,True,2단계 정전류,5.9,15.0,4.6,True,False,1000.0,-0.02948434500233621,9.829510697057864e-05,-0.013340330831580071,0.009997123216880795,9.9942472613497e-05,-4.000249905810006,-0.0290836473886244,-0.022521270575615593,-0.012357622996527207,-0.004939045564811728,9.068789246604907e-05,0.017582225010803865,2.8993993993993996,3.385885885885886,-0.02002734871920335,0.020062733544952086,0.013363938562854305,0.01666754201545295,-0.15405496645107553,-1.284685919739136,True,계산 완료
Batch 3,16,Batch3_016,1638.0,장수명(>1000),4.8C(80%)-4.8C-newstructure,True,2단계 정전류,4.8,80.0,4.8,True,False,1000.0,-0.013451995639618852,0.0045702543034450704,-0.005323302354980101,0.004497389546954566,2.0226512737056195e-05,-4.694078966227433,-0.012920515167304714,-0.00873109831897037,-0.005034257136831588,-0.0010886668833405,0.000519631958646354,0.007642431435629871,2.87987987987988,3.1636636636636637,-0.007990754526485408,0.008485339494636753,0.00565275994909071,0.0069673405390332285,-0.05335203961247092,-0.8870677650406327,True,계산 완료
Batch 3,17,Batch3_017,1315.0,장수명(>1000),5.3C(54%)-4C-newstructure,True,2단계 정전류,5.3,54.0,4.0,True,False,1000.0,-0.017882391550413823,0.00671793865907247,-0.007236216829825155,0.006030602674896194,3.636816862246513e-05,-4.43927855604913,-0.017341000451444454,-0.011645139929834236,-0.0070742692321409395,-0.0023885328093728453,0.0009596836969661964,0.009256607120461391,2.9114114114114114,3.174174174174174,-0.01086200142403105,0.011601390417868191,0.007728819990955394,0.009417782884633064,0.016723100424733874,-0.8133079308654185,True,계산 완료
Batch 3,18,Batch3_018,1146.0,장수명(>1000),5.6C(19%)-4.6C-newstructure,True,2단계 정전류,5.6,19.0,4.6,True,False,1000.0,-0.02345576998165999,-9.146801283102697e-05,-0.010342257243667845,0.007467775530930655,5.576767138036663e-05,-4.253617481623881,-0.022964617989853976,-0.016403931451759002,-0.009230871330896617,-0.005378685009555073,-0.00010504582861646653,0.011025246442203929,2.9129129129129128,3.340840840840841,-0.015525016267565885,0.015525016267565885,0.010342257243667845,0.012754379193170724,-0.22930580229698266,-1.056404025068999,True,계산 완료
Batch 3,19,Batch3_019,1155.0,장수명(>1000),5.6C(36%)-4.3C-newstructure,True,2단계 정전류,5.6,36.0,4.3,True,False,1000.0,-0.025293657704202555,5.381143367196202e-06,-0.011545479663150093,0.00820816954615991,6.737404729850698e-05,-4.171507356449005,-0.0249076523601093,-0.01837496846801795,-0.01076694688040658,-0.00598183402902458,-3.0995750527477654e-06,0.01239313443899337,2.906906906906907,3.346846846846847,-0.017331393798336196,0.017331621030456046,0.011545630999741914,0.01416350147044935,-0.12105979400234727,-1.1114371280512236,True,계산 완료
Batch 3,20,Batch3_020,813.0,중간수명(500~1000),5C(67%)-4C-newstructure,True,2단계 정전류,5.0,67.0,4.0,True,False,1000.0,-0.028071993572476917,-2.8411211548175675e-05,-0.011919383387319954,0.009269256693737016,8.591911965438846e-05,-4.065910176440854,-0.02752774187545397,-0.019854120120272642,-0.010031781773043646,-0.004236027737241965,-0.00011141607954694644,0.015618092383030677,2.975975975975976,3.5,-0.01789433483441831,0.01789433483441831,0.011919383387319954,0.015096519495190041,-0.34004032061592676,-1.1827117470496011,True,계산 완료
Batch 3,21,Batch3_021,772.0,중간수명(500~1000),3.7C(31%)-5.9C-newstructure,True,2단계 정전류,3.7,31.0,5.9,True,False,1000.0,-0.04327614857800555,5.415349908882445e-05,-0.02353870422305198,0.014062220807502565,0.0001977460540389581,-3.7038921717589903,-0.0428454127478997,-0.03459069348926763,-0.025174936442026397,-0.0186451018939634,3.462991311949338e-05,0.01594559159530423,2.9684684684684686,3.3483483483483485,-0.035329602994295564,0.03533857028751136,0.023544676440333704,0.027415668959287577,0.5069004120345085,-0.8443092008291799,True,계산 완료
Batch 3,22,Batch3_022,1002.0,장수명(>1000),5.9C(60%)-3.1C-newstructure,True,2단계 정전류,5.9,60.0,3.1,True,False,1000.0,-0.028409329718630083,-5.9000428325676763e-05,-0.013722550516362944,0.009479950231172719,8.986945638551169e-05,-4.046387880487945,-0.027867107054124606,-0.022203585425945582,-0.014078860013848615,-0.006283004337969744,-0.00011185177512135806,0.015920581087975838,2.8753753753753752,3.5,-0.020599918827826302,0.020599918827826302,0.013722550516362944,0.016675970124801105,0.05300164717890253,-1.2693173273755014,True,계산 완료
Batch 3,23,Batch3_023,,Target 결측,4.8C(80%)-4.8C-newstructure,True,2단계 정전류,4.8,80.0,4.8,True,False,1000.0,-0.01560831972082899,0.005290784439245244,-0.006808658684372332,0.005349611931627546,2.86183478190118e-05,-4.543355427161794,-0.015245655227916094,-0.011302032018917385,-0.00697022139187109,-0.0029036633542827567,0.0005044445189811454,0.008398368664634628,2.84984984984985,3.168168168168168,-0.010220764362267067,0.010659602254367873,0.007100924720511469,0.008657226030979645,0.10151364266145284,-1.037064779154986,True,계산 완료
Batch 3,24,Batch3_024,825.0,중간수명(500~1000),5C(67%)-4C-newstructure,True,2단계 정전류,5.0,67.0,4.0,True,False,1000.0,-0.0247723986145858,-8.601278481263643e-05,-0.010345482795288031,0.008367385120450026,7.001313375392851e-05,-4.154820476899473,-0.024305964578265022,-0.01798644841887198,-0.008880465621220746,-0.002593995841312924,-0.00010532788785578485,0.015392452577559057,2.8828828828828827,3.496996996996997,-0.015532180380045814,0.015532180380045814,0.010345482795288031,0.013303087419384092,-0.3362533968010519,-1.2621601760714558,True,계산 완료
Batch 3,25,Batch3_025,989.0,중간수명(500~1000),5.3C(54%)-4C-newstructure,True,2단계 정전류,5.3,54.0,4.0,True,False,1000.0,-0.026576249209760316,-9.83920753643615e-05,-0.010925821646167616,0.008451560088115914,7.142886792303388e-05,-4.146126226879157,-0.025920121996250996,-0.017788456975286915,-0.009441883022289321,-0.0040035235523944515,-0.00012924935436056496,0.013784933422892463,2.9054054054054053,3.4774774774774775,-0.01640241838191782,0.01640241838191782,0.010925821646167616,0.013810540094398036,-0.3669015617423362,-1.0726964855606762,True,계산 완료
Batch 3,26,Batch3_026,1028.0,장수명(>1000),5.6C(19%)-4.6C-newstructure,True,2단계 정전류,5.6,19.0,4.6,True,False,1000.0,-0.02417913926788795,5.3156508515146174e-05,-0.01013959278346487,0.00777076094757936,6.038472570442448e-05,-4.219072894934902,-0.023661222363905367,-0.016425813872416595,-0.008628836626457859,-0.004468322643152001,3.957450931115742e-05,0.011957491229264594,2.9834834834834836,3.340840840840841,-0.015221512770542537,0.015235199802954326,0.010148708347051123,0.012772457977743084,-0.34266969763520005,-1.059780489595083,True,계산 완료
Batch 3,27,Batch3_027,850.0,중간수명(500~1000),5.6C(36%)-4.3C-newstructure,True,2단계 정전류,5.6,36.0,4.3,True,False,1000.0,-0.026600290807078597,0.00016253057717974684,-0.01070991087322853,0.008612933626036393,7.41826256465084e-05,-4.129697793306024,-0.025809144064930078,-0.017812378836062875,-0.009305823738735786,-0.0034019712916534273,0.00015392334211294654,0.014410407544409448,2.8993993993993996,3.3753753753753752,-0.016078849168955477,0.016145104809615944,0.010754138401352918,0.013740838181616165,-0.36169731378092834,-1.1137153682223848,True,계산 완료
Batch 3,28,Batch3_028,541.0,중간수명(500~1000),3.7C(31%)-5.9C-newstructure,True,2단계 정전류,3.7,31.0,5.9,True,False,1000.0,-0.05783112055064066,3.0258096297149095e-05,-0.03025611921470947,0.01880997894311775,0.00035381530784053307,-3.4512233800155228,-0.05713724957602981,-0.046317115707536036,-0.031215939253591396,-0.022019096455519804,1.7137953492362623e-05,0.02429801925201623,2.9804804804804803,3.3783783783783785,-0.04541333311498515,0.0454185241324436,0.0302595764323368,0.03562154183169791,0.30009271424386497,-0.9791964721764304,True,계산 완료
Batch 3,29,Batch3_029,858.0,중간수명(500~1000),5.9C(15%)-4.6C-newstructure,True,2단계 정전류,5.9,15.0,4.6,True,False,1000.0,-0.028921475161164945,0.0002434664412601078,-0.011300575148553208,0.009298849221357382,8.646859684153877e-05,-4.063141583404622,-0.02737666651000854,-0.01941644978724902,-0.009729745638280121,-0.0031630172715106375,0.00023183204382398655,0.01625343251573838,2.8978978978978978,3.313813813813814,-0.01696596214231079,0.017080895989505948,0.01137731839524486,0.014631648127698928,-0.3489725395465391,-1.1796538473590181,True,계산 완료
Batch 3,30,Batch3_030,935.0,중간수명(500~1000),5.3C(54%)-4C-newstructure,True,2단계 정전류,5.3,54.0,4.0,True,False,1000.0,-0.026737169755743473,6.694454111319092e-05,-0.011137570899382837,0.008914653809355246,7.947105254065199e-05,-4.099791029541823,-0.026447283664839383,-0.018664704138917687,-0.009074662053369709,-0.004202995060543502,6.048030910107567e-05,0.014461709078374185,2.936936936936937,3.3483483483483485,-0.01672049438607099,0.016744082941277858,0.01115328087715061,0.014263136647557254,-0.38789398956686016,-1.1365902927369753,True,계산 완료
Batch 3,31,Batch3_031,731.0,중간수명(500~1000),5.9C(60%)-3.1C-newstructure,True,2단계 정전류,5.9,60.0,3.1,True,False,1000.0,-0.035619409739265695,8.180347755336339e-05,-0.01635054856148944,0.012034158942020574,0.00014482098144181374,-3.8391685106628604,-0.03535965476594467,-0.027078798407301652,-0.01558455420564786,-0.006202485568139238,3.718656993617591e-05,0.020876312839162414,2.906906906906907,3.5,-0.024546071220685025,0.024557435907541197,0.016358199246413203,0.02029819200623534,-0.12103444358866325,-1.2920937389916802,True,계산 완료
Batch 3,32,Batch3_032,,Target 결측,4.8C(80%)-4.8C-newstructure,True,2단계 정전류,4.8,80.0,4.8,True,False,1000.0,-0.01012140041626175,0.013679013186735062,-0.0032569008987653743,0.00460830133645745,2.123644120759552e-05,-4.672918239899017,-0.009710896212047232,-0.00628593765808369,-0.00398316408576993,6.266511745581986e-05,0.005260529049117008,0.00634860277553951,2.8453453453453452,3.1621621621621623,-0.004888139033383686,0.006963023232521773,0.004638779073009866,0.005641153094072756,1.090811088023523,1.80793704362274,True,계산 완료
Batch 3,33,Batch3_033,1284.0,장수명(>1000),5C(67%)-4C-newstructure,True,2단계 정전류,5.0,67.0,4.0,True,False,1000.0,-0.019885925647910252,0.00011027979071102575,-0.00784867836178756,0.006342611189003009,4.022871669486616e-05,-4.3954638105040384,-0.01933403788600204,-0.012837123854071597,-0.006515554795554823,-0.0032283271107415024,8.1974900578408e-05,0.009608796743330095,2.9024024024024024,3.2672672672672673,-0.011782497137403635,0.01181928383971465,0.007873178305526697,0.010089114926739787,-0.42066643192061515,-1.0079638350521714,True,계산 완료
Batch 3,34,Batch3_034,1158.0,장수명(>1000),5.3C(54%)-4C-newstructure,True,2단계 정전류,5.3,54.0,4.0,True,False,1000.0,-0.02150989276991433,3.2994643437143575e-05,-0.00955200556777299,0.007036999231377891,4.951935818241303e-05,-4.305224984047362,-0.02103012733833538,-0.015553936639286725,-0.008706508198039281,-0.0044091681677359,7.825089693739554e-06,0.011144768471550826,2.9054054054054053,3.3063063063063063,-0.014339405609997337,0.014342399591732606,0.00955399955960868,0.011862151962902717,-0.18435690972565105,-1.1555909813188079,True,계산 완료
Batch 3,35,Batch3_035,1093.0,장수명(>1000),5.6C(19%)-4.6C-newstructure,True,2단계 정전류,5.6,19.0,4.6,True,False,1000.0,-0.02302807515263361,9.043865599416001e-05,-0.009826425701495065,0.007634632048037832,5.828760650892634e-05,-4.2344237704996575,-0.022687171463608952,-0.01634468970303904,-0.008527349593105304,-0.003916535223329409,5.6582180055002397e-05,0.01242815447970963,2.90990990990991,3.2537537537537538,-0.014751800328312779,0.014768640827839099,0.009837641474179594,0.012441380991249331,-0.29678152634462523,-1.1525795298029018,True,계산 완료
Batch 3,36,Batch3_036,923.0,중간수명(500~1000),5.6C(36%)-4.3C-newstructure,True,2단계 정전류,5.6,36.0,4.3,True,False,1000.0,-0.022981813517992444,0.0001576289456491891,-0.009908357469924613,0.007472884941210471,5.5844009344570225e-05,-4.253023401130269,-0.022526576869081317,-0.01619924416942925,-0.008831818840679073,-0.0044596961769639565,0.00014110328758351213,0.011739547992465293,2.9114114114114114,3.2882882882882885,-0.014874629404683402,0.014939589034384481,0.009951677584541883,0.012408211518467781,-0.25149853489775076,-1.0963063130947044,True,계산 완료
Batch 3,37,Batch3_037,1390.0,장수명(>1000),4.8C(80%)-4.8C-newstructure,True,2단계 정전류,4.8,80.0,4.8,True,False,1000.0,-0.008439822988718593,0.013240420704929368,-0.001076797766325731,0.0028235100063438686,7.972208755923954e-06,-5.098421283147427,-0.005049816401298796,-0.0026201653425850235,-0.0009924864950162648,7.331331029959524e-05,0.00414968882831252,0.0026934786528846188,2.8843843843843846,3.006006006006006,-0.0016177684896814084,0.0032671143874126105,0.0021765420090845886,0.0030205512703366105,1.1339730831189871,3.442159860673197,True,계산 완료
Batch 3,38,Batch3_038,1935.0,장수명(>1000),5C(67%)-4C-newstructure,True,2단계 정전류,5.0,67.0,4.0,True,False,1000.0,-0.020147005721674938,0.002919863667119077,-0.008693083372975452,0.006748243328173672,4.553878801624049e-05,-4.341618522481463,-0.019600090669463333,-0.014350293336084452,-0.008507267800689777,-0.0038264164557656466,0.0004425683460207937,0.010523876880318805,2.8528528528528527,3.165165165165165,-0.013049911664175585,0.013377990639102423,0.008911695339998004,0.011002860889683486,-0.05424611894567922,-1.1767683743249504,True,계산 완료
Batch 3,39,Batch3_039,1156.0,장수명(>1000),5.3C(54%)-4C-newstructure,True,2단계 정전류,5.3,54.0,4.0,True,False,1000.0,-0.017457917694832736,0.005697707341902919,-0.006428438589560583,0.005927884287400129,3.513981212480534e-05,-4.4542005524332575,-0.016816042293277128,-0.011207732002476517,-0.005650997980697792,-0.001168489185124827,0.0005631665510185567,0.01003924281735169,2.855855855855856,3.1666666666666665,-0.009651023169383703,0.010163247306891377,0.006769579865140696,0.008742396411306926,-0.2929782536006268,-1.0020225651970813,True,계산 완료
Batch 3,40,Batch3_040,796.0,중간수명(500~1000),5.6C(19%)-4.6C-newstructure,True,2단계 정전류,5.6,19.0,4.6,True,False,1000.0,-0.022053794482172262,7.870441953502887e-05,-0.009078861478925766,0.007123002855039226,5.073716967289697e-05,-4.294673754603611,-0.021453956039514506,-0.01496536042220642,-0.007930970935473791,-0.0031160808728433187,7.008972800165394e-05,0.011849279549363101,2.8978978978978978,3.346846846846847,-0.013630047001809972,0.013657551078030818,0.009097182735125102,0.011537424247064255,-0.315904948455991,-1.1382019473309302,True,계산 완료
Batch 3,41,Batch3_041,786.0,중간수명(500~1000),5.6C(36%)-4.3C-newstructure,True,2단계 정전류,5.6,36.0,4.3,True,False,1000.0,-0.024192993699098664,2.005198008902913e-05,-0.009748050525024678,0.007770743440748655,6.038445362193824e-05,-4.219074851790469,-0.023635478355355632,-0.0158865157369652,-0.008450345321444286,-0.003550952832604759,1.2254661790568392e-05,0.012335562904360442,2.888888888888889,3.3228228228228227,-0.014634283670282586,0.014637780463406105,0.00975037938924494,0.012463890171481381,-0.35767028612567203,-1.0624409011807083,True,계산 완료
Batch 3,42,Batch3_042,1642.0,장수명(>1000),4.8C(80%)-4.8C-newstructure,True,2단계 정전류,4.8,80.0,4.8,True,False,1000.0,-0.005609789046358671,0.02170209846647253,0.0007845194706261452,0.006716142672169424,4.510657239293505e-05,-4.345760163659635,-0.0052989912229591705,-0.002714897592565213,-0.001074907024283922,0.0002012195520380844,0.019239237814649025,0.0029161171446032974,2.8213213213213213,3.0870870870870872,0.0011782286674736292,0.006021268129342236,0.004010436875421514,0.006758471470705018,1.9895572581683252,2.940921517189741,True,계산 완료
Batch 3,43,Batch3_043,1046.0,장수명(>1000),5C(67%)-4C-newstructure,True,2단계 정전류,5.0,67.0,4.0,True,False,1000.0,-0.01297639899175873,0.01636229106242293,-0.003266056933426803,0.006947735009786275,4.8271021766209893e-05,-4.316313499254323,-0.012634250183506562,-0.008304660622481697,-0.0037996215782284404,0.0001400111851348965,0.013217747762663747,0.008444671807616592,2.810810810810811,3.0735735735735736,-0.004903033988222467,0.009048487778422867,0.006027034341898461,0.007673974109731474,0.9707647813843869,0.8570863264868622,True,계산 완료
Batch 3,44,Batch3_044,940.0,중간수명(500~1000),5.3C(54%)-4C-newstructure,True,2단계 정전류,5.3,54.0,4.0,True,False,1000.0,-0.02598513188750473,-5.684970389612063e-05,-0.011231061096491921,0.00859942661490303,7.395013810510257e-05,-4.131061004729677,-0.025482239302404796,-0.01899778088496329,-0.010122415331975776,-0.0037386338773708477,-6.435873402341271e-05,0.015259147007592441,2.894894894894895,3.46996996996997,-0.01686102664609057,0.01686102664609057,0.011231061096491921,0.014142592454006859,-0.24498399509976893,-1.238586153658911,True,계산 완료
Batch 3,45,Batch3_045,1801.0,장수명(>1000),4.8C(80%)-4.8C-newstructure,True,2단계 정전류,4.8,80.0,4.8,True,False,1000.0,-0.016477960740300612,-5.285843256575478e-05,-0.007131752461986142,0.00549277558394396,3.017058361557091e-05,-4.520416274417103,-0.01626563423378009,-0.011993492534689537,-0.0059178306010457815,-0.002961820703899609,-0.00011207951528681106,0.009031671830789928,2.978978978978979,3.5,-0.010706287142372203,0.010706287142372203,0.007131752461986142,0.009000128121921417,-0.3286362058286305,-1.177011420035427,True,계산 완료
