feature,source,cycle_range,formula,missing_handling,pooled_spearman,availability_pct,decision,reason,leakage_risk,batch_1_spearman,batch_2_spearman,batch_3_spearman,batch_direction_consistency
delta_q_log10_var,Qdlin,"10, 100",log10(var(Q100-Q10)+1e-12),두 곡선이 모두 유효한 셀만 계산; pipeline에서 대체,-0.8920744865772992,100.0,우선 채택,초기 열화 형상을 압축하며 원논문 핵심 계열 feature,낮음: 100사이클 이내,-0.8711607269559923,-0.7089786451951733,-0.7972372984772357,동일 방향
delta_q_min,Qdlin,"10, 100",min(Q100-Q10),ΔQ(V) 미가용 셀은 대체 및 결측 flag,0.8833981820563573,100.0,후보 채택,곡선의 국소 열화 강도 반영,낮음,0.8500061691261938,0.6608968552940159,0.7760236822430022,동일 방향
qd_slope,summary.QDischarge,2~100,QD~cycle 선형회귀 기울기,물리 범위 밖 값 제외 후 계산,-0.18424848221726564,100.0,조건부 후보,초기 용량 변화 속도를 반영하지만 배치별 상관 방향이 달라 CV·ablation 필요,낮음,0.47878376802544204,-0.27108007022168396,0.08823736719355543,방향 불일치
ir_slope,summary.IR,2~100,IR~cycle 선형회귀 기울기,비정상·0값 제외,-0.09648830052158977,94.96402877697841,조건부 후보,저항 증가율 후보이나 Batch 2 결측과 배치별 방향 불일치 확인 필요,낮음,-0.32342420192263527,0.2109133457685544,-0.2031150896580086,방향 불일치
tavg_mean,summary.Tavg,2~100,초기 평균 온도,5~80°C 유효 범위,0.1896599917380592,100.0,조건부 후보,열 스트레스 후보이나 배치별 상관 방향이 달라 Batch 1 CV에서 검증,낮음,-0.37146910148360657,0.16550258208082647,0.025371766924664505,방향 불일치
tmax_mean,summary.Tmax,2~100,초기 최고온도의 평균,5~80°C 유효 범위,-0.011477096122096195,99.28057553956835,조건부/중복 검토,Tavg와 강한 공선성 가능; CV에서 한 변수만 선택 검토,낮음,-0.32299247625263944,-0.13594493439422012,-0.03509761091245256,동일 방향
chargetime_mean,summary.chargetime,2~100,초기 평균 충전 시간,0.1~120분 범위,-0.04778116929155196,100.0,조건부 후보,C-rate의 연속형 대리 변수이나 배치별 관계 반전이 커 민감도 분석 필요,낮음,0.6192796360612474,-0.7562506365295747,0.19197970306329473,방향 불일치
c_rate_stage1 / switch_soc_pct / c_rate_stage2,policy_readable,실험 설정,충전 정책 문자열 정규식 파싱,가변 충전·미파싱 정책에 결측 flag,-0.02745209236655038,100.0,조건부 후보,미지 정책 일반화에 유리하나 배치·셀구조 교란과 방향 불일치가 큼,낮음; 운영 시 사전 가용성 확인,-0.48271400298540956,0.05509278655119761,-0.22887519748075072,방향 불일치
knee_cycle,전체 QD 곡선,전체 수명,2구간 회귀 SSE 최소점,불완전 곡선은 미계산,,,Day 2 입력에서 제외,설명용으로 유용하지만 미래 전체 수명 정보 사용,매우 높음,,,,해당 없음
cycle_life / EOL 파생값,target,전체 수명,target 또는 target 파생,해당 없음,,100.0,제외,정답 누수,매우 높음,,,,해당 없음
