batch,cell_index,global_cell_id,cycle_life,life_group,charging_policy,policy_parse_success,policy_type,c_rate_stage1,switch_soc_pct,c_rate_stage2,policy_new_structure,policy_slow_cycle,knee_available,knee_reason,curve_coverage,baseline_qd,knee_cycle,knee_fraction_of_life,knee_fit_improvement,pre_knee_slope,post_knee_slope
Batch 1,0,Batch1_000,1190.0,장수명(>1000),3.6C(80%)-3.6C,True,2단계 정전류,3.6,80.0,3.6,False,False,True,계산 완료,0.9991596638655462,1.0735761,507.0,0.4260504201680672,0.16735144638091815,-3.140963075579953e-05,-3.823893348455717e-05
Batch 1,1,Batch1_001,1179.0,장수명(>1000),3.6C(80%)-3.6C,True,2단계 정전류,3.6,80.0,3.6,False,False,True,계산 완료,0.9991518235793045,1.078544,425.0,0.3604749787955895,0.8713070636584122,-2.1286545928388104e-05,-4.071619211815673e-05
Batch 1,2,Batch1_002,1177.0,장수명(>1000),3.6C(80%)-3.6C,True,2단계 정전류,3.6,80.0,3.6,False,False,True,계산 완료,0.9991503823279524,1.0830303,427.0,0.36278674596431604,0.836505646754856,-2.002352523851785e-05,-4.110478579096964e-05
Batch 1,3,Batch1_003,1226.0,장수명(>1000),4C(80%)-4C,True,2단계 정전류,4.0,80.0,4.0,False,False,True,계산 완료,0.9991843393148451,1.083112,962.0,0.7846655791190864,0.9279394943282168,-4.153610436303418e-05,-0.00023529810155039163
Batch 1,4,Batch1_004,1227.0,장수명(>1000),4C(80%)-4C,True,2단계 정전류,4.0,80.0,4.0,False,False,True,계산 완료,0.9991850040749797,1.0807526,888.0,0.7237163814180929,0.8246977739178718,-3.6320512392644005e-05,-7.92491792323033e-05
Batch 1,5,Batch1_005,1074.0,장수명(>1000),4.4C(80%)-4.4C,True,2단계 정전류,4.4,80.0,4.4,False,False,True,계산 완료,0.9990689013035382,1.0790976,881.0,0.8202979515828678,0.9425133763958948,-6.4078838254985e-05,-0.000648340035615119
Batch 1,6,Batch1_006,636.0,중간수명(500~1000),4.8C(80%)-4.8C,True,2단계 정전류,4.8,80.0,4.8,False,False,True,계산 완료,0.9984276729559748,1.0798916,514.0,0.8081761006289309,0.9583109213865992,-0.00010174641777594417,-0.0010676573486948717
Batch 1,7,Batch1_007,870.0,중간수명(500~1000),4.8C(80%)-4.8C,True,2단계 정전류,4.8,80.0,4.8,False,False,True,계산 완료,0.9988505747126437,1.0969613,642.0,0.7379310344827587,0.9615203495127175,-6.935184080097883e-05,-0.0006470402497128955
Batch 1,8,Batch1_008,879.0,중간수명(500~1000),5.4C(40%)-3.6C,True,2단계 정전류,5.4,40.0,3.6,False,False,True,계산 완료,0.9988623435722411,1.0930603,676.0,0.7690557451649602,0.9522121770323629,-5.328016850260001e-05,-0.00039015262338703123
Batch 1,9,Batch1_009,1054.0,장수명(>1000),5.4C(40%)-3.6C,True,2단계 정전류,5.4,40.0,3.6,False,False,True,계산 완료,0.9990512333965844,1.0852641,790.0,0.7495256166982922,0.9568100971127884,-5.6775817288366356e-05,-0.0005147332675415387
Batch 1,10,Batch1_010,906.0,중간수명(500~1000),5.4C(50%)-3C,True,2단계 정전류,5.4,50.0,3.0,False,False,True,계산 완료,0.9988962472406181,1.0779266,691.0,0.7626931567328918,0.9286146876867871,-5.1511073527407106e-05,-0.0003479342363749333
Batch 1,11,Batch1_011,788.0,중간수명(500~1000),5.4C(50%)-3C,True,2단계 정전류,5.4,50.0,3.0,False,False,True,계산 완료,0.998730964467005,1.0570793,592.0,0.751269035532995,0.9714831254700604,-5.833041953804994e-05,-0.0006781213970995642
Batch 1,12,Batch1_012,902.0,중간수명(500~1000),5.4C(50%)-3.6C,True,2단계 정전류,5.4,50.0,3.6,False,False,True,계산 완료,0.9988913525498891,1.0801911,687.0,0.761640798226164,0.955549201567711,-5.31289490254534e-05,-0.0005351574465503112
Batch 1,13,Batch1_013,897.0,중간수명(500~1000),5.4C(50%)-3.6C,True,2단계 정전류,5.4,50.0,3.6,False,False,True,계산 완료,0.9988851727982163,1.0827487,707.0,0.7881828316610925,0.9412454732649284,-5.6814524608916856e-05,-0.0005505510138130058
Batch 1,14,Batch1_014,880.0,중간수명(500~1000),5.4C(60%)-3C,True,2단계 정전류,5.4,60.0,3.0,False,False,True,계산 완료,0.9988636363636364,1.0739669,655.0,0.7443181818181818,0.9786122506376002,-5.970546953052023e-05,-0.0006362332168636456
Batch 1,15,Batch1_015,719.0,중간수명(500~1000),5.4C(60%)-3C,True,2단계 정전류,5.4,60.0,3.0,False,False,True,계산 완료,0.9986091794158554,1.0652857,551.0,0.7663421418636995,0.9738148624334118,-6.073530495273652e-05,-0.0008340778326928047
Batch 1,16,Batch1_016,862.0,중간수명(500~1000),5.4C(60%)-3.6C,True,2단계 정전류,5.4,60.0,3.6,False,False,True,계산 완료,0.9988399071925754,1.0846543,672.0,0.7795823665893271,0.9726069370008499,-5.864980431751109e-05,-0.0007832935466151804
Batch 1,17,Batch1_017,857.0,중간수명(500~1000),5.4C(60%)-3.6C,True,2단계 정전류,5.4,60.0,3.6,False,False,True,계산 완료,0.9988331388564761,1.0748942,653.0,0.7619603267211202,0.9708102171236404,-5.5577991861116263e-05,-0.0007048081395897605
Batch 1,18,Batch1_018,691.0,중간수명(500~1000),5.4C(70%)-3C,True,2단계 정전류,5.4,70.0,3.0,False,False,True,계산 완료,0.9985528219971056,1.0683733,564.0,0.8162083936324168,0.9763307651788493,-0.00011491153806819312,-0.0009040386361768014
Batch 1,19,Batch1_019,788.0,중간수명(500~1000),5.4C(70%)-3C,True,2단계 정전류,5.4,70.0,3.0,False,False,True,계산 완료,0.998730964467005,1.0877784,575.0,0.7296954314720813,0.97881491493608,-8.066571285044434e-05,-0.0006787228949868144
Batch 1,20,Batch1_020,534.0,중간수명(500~1000),5.4C(80%)-5.4C,True,2단계 정전류,5.4,80.0,5.4,False,False,True,계산 완료,0.99812734082397,1.0752697,413.0,0.7734082397003745,0.8986815161855901,-0.0002495823287476757,-0.0006551459416852025
Batch 1,21,Batch1_021,559.0,중간수명(500~1000),5.4C(80%)-5.4C,True,2단계 정전류,5.4,80.0,5.4,False,False,True,계산 완료,0.998211091234347,1.0851753,440.0,0.7871198568872988,0.9279222862960489,-0.00018406267973989442,-0.0008494782396809361
Batch 1,22,Batch1_022,891.0,중간수명(500~1000),6C(30%)-3.6C,True,2단계 정전류,6.0,30.0,3.6,False,False,True,계산 완료,0.9988776655443322,1.0822772,660.0,0.7407407407407407,0.9211563316477213,-5.0932930476722696e-05,-0.00031202547836232947
Batch 1,23,Batch1_023,1014.0,장수명(>1000),6C(30%)-3.6C,True,2단계 정전류,6.0,30.0,3.6,False,False,True,계산 완료,0.9990138067061144,1.0819774,768.0,0.757396449704142,0.9594937988950343,-5.816051873014679e-05,-0.0005482559041563433
Batch 1,24,Batch1_024,1017.0,장수명(>1000),6C(40%)-3C,True,2단계 정전류,6.0,40.0,3.0,False,False,True,계산 완료,0.9990167158308751,1.0769914,755.0,0.7423795476892822,0.9655127454709452,-5.933705201816565e-05,-0.000504609272088067
Batch 1,25,Batch1_025,854.0,중간수명(500~1000),6C(40%)-3C,True,2단계 정전류,6.0,40.0,3.0,False,False,True,계산 완료,0.9988290398126464,1.0775747,610.0,0.7142857142857143,0.9767006623712521,-6.182586855007141e-05,-0.0005766802430623521
Batch 1,26,Batch1_026,870.0,중간수명(500~1000),6C(40%)-3.6C,True,2단계 정전류,6.0,40.0,3.6,False,False,True,계산 완료,0.9988505747126437,1.0902194,651.0,0.7482758620689656,0.9664043079513559,-6.59210237369772e-05,-0.0006598383458567386
Batch 1,27,Batch1_027,842.0,중간수명(500~1000),6C(40%)-3.6C,True,2단계 정전류,6.0,40.0,3.6,False,False,True,계산 완료,0.998812351543943,1.0814734,636.0,0.7553444180522565,0.9655651692876474,-6.387870711098869e-05,-0.0006667562577643938
Batch 1,28,Batch1_028,860.0,중간수명(500~1000),6C(50%)-3C,True,2단계 정전류,6.0,50.0,3.0,False,False,True,계산 완료,0.9988372093023256,1.0804075,627.0,0.7290697674418605,0.9793618657939108,-6.355942266481521e-05,-0.000623752520726723
Batch 1,29,Batch1_029,917.0,중간수명(500~1000),6C(50%)-3C,True,2단계 정전류,6.0,50.0,3.0,False,False,True,계산 완료,0.9989094874591058,1.082124,679.0,0.7404580152671756,0.973918241397751,-6.55479305969341e-05,-0.0005888205555075213
Batch 1,30,Batch1_030,709.0,중간수명(500~1000),6C(50%)-3.6C,True,2단계 정전류,6.0,50.0,3.6,False,False,True,계산 완료,0.998589562764457,1.0825673,551.0,0.7771509167842031,0.9753295945690521,-7.181599933752773e-05,-0.0009152596559697948
Batch 1,31,Batch1_031,876.0,중간수명(500~1000),6C(50%)-3.6C,True,2단계 정전류,6.0,50.0,3.6,False,False,True,계산 완료,0.9988584474885844,1.097481,669.0,0.7636986301369864,0.9765532513473762,-6.664320436195666e-05,-0.000718475589289595
Batch 1,32,Batch1_032,731.0,중간수명(500~1000),6C(60%)-3C,True,2단계 정전류,6.0,60.0,3.0,False,False,True,계산 완료,0.9986320109439124,1.0804064,546.0,0.746922024623803,0.9745569778805002,-7.416454128029808e-05,-0.0007853649316598033
Batch 1,33,Batch1_033,757.0,중간수명(500~1000),6C(60%)-3C,True,2단계 정전류,6.0,60.0,3.0,False,False,True,계산 완료,0.9986789960369881,1.0955694,558.0,0.7371202113606341,0.9678043580414466,-7.874407047426202e-05,-0.0007646064613842976
Batch 1,34,Batch1_034,742.0,중간수명(500~1000),7C(30%)-3.6C,True,2단계 정전류,7.0,30.0,3.6,False,False,True,계산 완료,0.9986522911051213,1.078815,581.0,0.7830188679245284,0.9681319279553554,-6.608029452796416e-05,-0.0008875953091224845
Batch 1,35,Batch1_035,703.0,중간수명(500~1000),7C(30%)-3.6C,True,2단계 정전류,7.0,30.0,3.6,False,False,True,계산 완료,0.9985775248933144,1.0735042,521.0,0.7411095305832148,0.9704540309401508,-6.304867192437589e-05,-0.0007936901215002091
Batch 1,36,Batch1_036,704.0,중간수명(500~1000),7C(40%)-3C,True,2단계 정전류,7.0,40.0,3.0,False,False,True,계산 완료,0.9985795454545454,1.0807844,524.0,0.7443181818181818,0.9763331664635247,-7.084682977355166e-05,-0.000817404140638828
Batch 1,37,Batch1_037,648.0,중간수명(500~1000),7C(40%)-3C,True,2단계 정전류,7.0,40.0,3.0,False,False,True,계산 완료,0.9984567901234568,1.0774544,483.0,0.7453703703703703,0.9746379925919704,-7.841864990056397e-05,-0.0008522545004401771
Batch 1,38,Batch1_038,617.0,중간수명(500~1000),7C(40%)-3.6C,True,2단계 정전류,7.0,40.0,3.6,False,False,True,계산 완료,0.9983792544570502,1.0752445,473.0,0.766612641815235,0.9715880924603002,-7.897107234414465e-05,-0.0010082194986178663
Batch 1,39,Batch1_039,625.0,중간수명(500~1000),7C(40%)-3.6C,True,2단계 정전류,7.0,40.0,3.6,False,False,True,계산 완료,0.9984,1.0847878,469.0,0.7504,0.9757040909162582,-7.76320729093499e-05,-0.0009869016057948718
Batch 1,40,Batch1_040,966.0,중간수명(500~1000),8C(15%)-3.6C,True,2단계 정전류,8.0,15.0,3.6,False,False,True,계산 완료,0.9989648033126294,1.0863302,691.0,0.7153209109730849,0.9542775070241162,-6.12398538922412e-05,-0.0005034767587163541
Batch 1,41,Batch1_041,1051.0,장수명(>1000),8C(15%)-3.6C,True,2단계 정전류,8.0,15.0,3.6,False,False,True,계산 완료,0.9990485252140818,1.0820209,800.0,0.7611798287345385,0.9691276072023856,-6.100155852136946e-05,-0.0005365199540171215
Batch 1,42,Batch1_042,702.0,중간수명(500~1000),8C(25%)-3.6C,True,2단계 정전류,8.0,25.0,3.6,False,False,True,계산 완료,0.9985754985754985,1.0829167,495.0,0.7051282051282052,0.9799138416867065,-6.838866556604661e-05,-0.0007393913773015328
Batch 1,43,Batch1_043,651.0,중간수명(500~1000),8C(25%)-3.6C,True,2단계 정전류,8.0,25.0,3.6,False,False,True,계산 완료,0.9984639016897081,1.0708795,488.0,0.7496159754224271,0.9825046631523103,-7.512148456910216e-05,-0.0008605362106108661
Batch 1,44,Batch1_044,616.0,중간수명(500~1000),8C(35%)-3.6C,True,2단계 정전류,8.0,35.0,3.6,False,False,True,계산 완료,0.9983766233766234,1.0876219,428.0,0.6948051948051948,0.9772004323314144,-8.428160086639595e-05,-0.0008203655675912944
Batch 1,45,Batch1_045,599.0,중간수명(500~1000),8C(35%)-3.6C,True,2단계 정전류,8.0,35.0,3.6,False,False,True,계산 완료,0.998330550918197,1.0867909,429.0,0.7161936560934892,0.976593430701547,-8.2629881064865e-05,-0.00090957664428424
Batch 2,0,Batch2_000,477.0,단수명(<500),5.2C(58%)-4C,True,2단계 정전류,5.2,58.0,4.0,False,False,True,계산 완료,1.0,1.1040769,367.0,0.7693920335429769,0.920309840340424,-8.643120865104086e-05,-0.0015230174169642064
Batch 2,1,Batch2_001,491.0,단수명(<500),5.6C(26%)-4.5C,True,2단계 정전류,5.6,26.0,4.5,False,False,True,계산 완료,1.0,1.1065422,353.0,0.7189409368635438,0.8750638232711815,-0.0001488131375585828,-0.0010173341381951436
Batch 2,2,Batch2_002,424.0,단수명(<500),5.2C(50%)-4.25C,True,2단계 정전류,5.2,50.0,4.25,False,False,True,계산 완료,1.0,1.0748364,335.0,0.7900943396226415,0.8644850299779001,-0.00010769193108494453,-0.0014360780534587144
Batch 2,3,Batch2_003,499.0,단수명(<500),4.65C(44%)-5C,True,2단계 정전류,4.65,44.0,5.0,False,False,True,계산 완료,1.0,1.0983597,380.0,0.7615230460921844,0.8981005688531088,-0.0001295434605816823,-0.0012482141472350053
Batch 2,4,Batch2_004,444.0,단수명(<500),4.65C(69%)-6C,True,2단계 정전류,4.65,69.0,6.0,False,False,True,계산 완료,1.0,1.0893486,316.0,0.7117117117117117,0.8938436145469287,-0.00014141384216795013,-0.0010420143275725168
Batch 2,5,Batch2_005,416.0,단수명(<500),3.6C(30%)-6C,True,2단계 정전류,3.6,30.0,6.0,False,False,True,계산 완료,1.0,1.0987128,246.0,0.5913461538461539,0.920081743231064,-0.00020674282206611353,-0.0007866763871219796
Batch 2,6,Batch2_006,393.0,단수명(<500),3.6C(9%)-5C,True,2단계 정전류,3.6,9.0,5.0,False,False,True,계산 완료,1.0,1.0895009,271.0,0.6895674300254453,0.9126675872364625,-0.00010789991143884637,-0.0012377580294989031
Batch 2,7,Batch2_007,777.0,중간수명(500~1000),4.8C(80%)-4.8C-newstructure,True,2단계 정전류,4.8,80.0,4.8,True,False,True,계산 완료,1.0,1.0910656,589.0,0.758043758043758,0.9145640342245364,-8.179874857235641e-05,-0.0007139451514644771
Batch 2,8,Batch2_008,904.0,중간수명(500~1000),5.2C(58%)-4C-newstructure,True,2단계 정전류,5.2,58.0,4.0,True,False,True,계산 완료,1.0,1.0912212,698.0,0.7721238938053098,0.9572872386483128,-3.209949863752278e-05,-0.0008047644316637562
Batch 2,9,Batch2_009,791.0,중간수명(500~1000),5.6C(26%)-4.5C-newstructure,True,2단계 정전류,5.6,26.0,4.5,True,False,True,계산 완료,1.0,1.0979091,611.0,0.7724399494310998,0.9298346125009301,-4.566355625273397e-05,-0.0008494385988376415
Batch 2,10,Batch2_010,492.0,단수명(<500),4.8C(80%)-4.8C,True,2단계 정전류,4.8,80.0,4.8,False,False,True,계산 완료,1.0,1.1100956,347.0,0.7052845528455285,0.9328419564765008,-7.114351188132343e-05,-0.0011879815563886665
Batch 2,11,Batch2_011,449.0,단수명(<500),5.2C(50%)-4.25C,True,2단계 정전류,5.2,50.0,4.25,False,False,True,계산 완료,1.0,1.0974864,342.0,0.7616926503340757,0.9438948666383687,-3.291381082888215e-05,-0.0016787245914584744
Batch 2,12,Batch2_012,466.0,단수명(<500),4.65C(44%)-5C,True,2단계 정전류,4.65,44.0,5.0,False,False,True,계산 완료,1.0,1.1027371,308.0,0.6609442060085837,0.9173707466759682,-0.00011768581285493325,-0.000986739565463838
Batch 2,13,Batch2_013,460.0,단수명(<500),4.65C(69%)-6C,True,2단계 정전류,4.65,69.0,6.0,False,False,True,계산 완료,1.0,1.0958422,335.0,0.7282608695652174,0.936476106132005,-0.00010241402791105582,-0.0012138545846155464
Batch 2,14,Batch2_014,426.0,단수명(<500),3.6C(30%)-6C,True,2단계 정전류,3.6,30.0,6.0,False,False,True,계산 완료,1.0,1.0842229,324.0,0.7605633802816901,0.9230753286771685,-0.00018593666706902444,-0.0012300668431114894
Batch 2,15,Batch2_015,396.0,단수명(<500),3.6C(9%)-5C,True,2단계 정전류,3.6,9.0,5.0,False,False,True,계산 완료,1.0,1.0703146,276.0,0.696969696969697,0.9036030970288629,-0.00011741733997025348,-0.0011136006314675505
Batch 2,16,Batch2_016,472.0,단수명(<500),4.8C(80%)-4.8C,True,2단계 정전류,4.8,80.0,4.8,False,False,True,계산 완료,1.0,1.0965556,337.0,0.7139830508474576,0.8988616216049532,-0.00013534557820177835,-0.001036878460692263
Batch 2,17,Batch2_017,471.0,단수명(<500),5.6C(26%)-4.5C,True,2단계 정전류,5.6,26.0,4.5,False,False,True,계산 완료,1.0,1.0921801,301.0,0.6390658174097664,0.9081712026890811,-0.0001216680032937218,-0.0008234503638650731
Batch 2,18,Batch2_018,449.0,단수명(<500),5.2C(50%)-4.25C,True,2단계 정전류,5.2,50.0,4.25,False,False,True,계산 완료,1.0,1.0772347,348.0,0.7750556792873051,0.9016412013941518,-0.00010381860270784463,-0.0013601609158582122
Batch 2,19,Batch2_019,392.0,단수명(<500),6C(60%)-3C,True,2단계 정전류,6.0,60.0,3.0,False,False,True,계산 완료,1.0,1.0926902,291.0,0.7423469387755102,0.9211688798326343,-9.109163329996482e-05,-0.001514830787202086
Batch 2,20,Batch2_020,489.0,단수명(<500),5.2C(58%)-4C,True,2단계 정전류,5.2,58.0,4.0,False,False,True,계산 완료,1.0,1.0988334,385.0,0.787321063394683,0.9475554265198516,-1.690325568411303e-05,-0.0017174648587344244
Batch 2,21,Batch2_021,408.0,단수명(<500),6C(60%)-3C,True,2단계 정전류,6.0,60.0,3.0,False,False,True,계산 완료,1.0,1.1005412,293.0,0.7181372549019608,0.9355818392631997,-8.255310539503903e-05,-0.0014242696882422758
Batch 2,22,Batch2_022,,Target 결측,VarCharge-2C-100cycles,True,가변 충전,2.0,,,False,False,False,cycle_life 결측,,,,,,,
Batch 2,23,Batch2_023,,Target 결측,VarCharge-4C-100cycles,True,가변 충전,4.0,,,False,False,False,cycle_life 결측,,,,,,,
Batch 2,24,Batch2_024,514.0,중간수명(500~1000),4.8C(80%)-4.8C,True,2단계 정전류,4.8,80.0,4.8,False,False,True,계산 완료,1.0,1.0941064,382.0,0.7431906614785992,0.9316056795231956,-7.191977084355376e-05,-0.0012123023167797294
Batch 2,25,Batch2_025,493.0,단수명(<500),5.2C(58%)-4C,True,2단계 정전류,5.2,58.0,4.0,False,False,True,계산 완료,1.0,1.1001149,388.0,0.7870182555780934,0.9464940859146285,-3.521858632523038e-05,-0.0016404122296590324
Batch 2,26,Batch2_026,450.0,단수명(<500),5.6C(26%)-4.5C,True,2단계 정전류,5.6,26.0,4.5,False,False,True,계산 완료,1.0,1.1055447,324.0,0.72,0.9009795319478179,-0.00015399515432308413,-0.0011385009617829128
Batch 2,27,Batch2_027,474.0,단수명(<500),5.2C(50%)-4.25C,True,2단계 정전류,5.2,50.0,4.25,False,False,True,계산 완료,1.0,1.0951403,365.0,0.770042194092827,0.9464257783189202,-3.429484102352078e-05,-0.0016010513084257242
Batch 2,28,Batch2_028,437.0,단수명(<500),4.8C(80%)-4.8C,True,2단계 정전류,4.8,80.0,4.8,False,False,True,계산 완료,1.0,1.0921518,312.0,0.7139588100686499,0.9118151079455376,-0.00011226984306156097,-0.0012097845756604152
Batch 2,29,Batch2_029,452.0,단수명(<500),5.2C(58%)-4C,True,2단계 정전류,5.2,58.0,4.0,False,False,True,계산 완료,1.0,1.1035252,340.0,0.7522123893805309,0.9456362152989932,-3.6403260533517595e-05,-0.0016239332533350354
Batch 2,30,Batch2_030,412.0,단수명(<500),5.6C(26%)-4.5C,True,2단계 정전류,5.6,26.0,4.5,False,False,True,계산 완료,1.0,1.0962735,304.0,0.7378640776699029,0.9227238143750776,-0.00014470069842563066,-0.0012152584110173693
Batch 2,31,Batch2_031,425.0,단수명(<500),5.6C(26%)-4.5C,True,2단계 정전류,5.6,26.0,4.5,False,False,True,계산 완료,1.0,1.0990947,300.0,0.7058823529411765,0.8899612786470569,-0.00015057491966748602,-0.0011064618244761982
Batch 2,32,Batch2_032,809.0,중간수명(500~1000),4.8C(80%)-4.8C-newstructure,True,2단계 정전류,4.8,80.0,4.8,True,False,True,계산 완료,1.0,1.0897303,605.0,0.7478368355995055,0.9200629437770335,-7.783589029569775e-05,-0.0006423063177008426
Batch 2,33,Batch2_033,1140.0,장수명(>1000),5.2C(58%)-4C-newstructure,True,2단계 정전류,5.2,58.0,4.0,True,False,True,계산 완료,1.0,1.0742047,905.0,0.793859649122807,0.9823723815947056,-5.2755692394218294e-05,-0.0005444061279526774
Batch 2,34,Batch2_034,1186.0,장수명(>1000),5.6C(26%)-4.5C-newstructure,True,2단계 정전류,5.6,26.0,4.5,True,False,True,계산 완료,1.0,1.0681121,940.0,0.7925801011804384,0.9737201993649618,-5.535888175696184e-05,-0.00049318483128491
Batch 2,35,Batch2_035,,Target 결측,VarCharge-6C-100cycles,True,가변 충전,6.0,,,False,False,False,cycle_life 결측,,,,,,,
Batch 2,36,Batch2_036,,Target 결측,VarCharge-8C-100cycles,True,가변 충전,8.0,,,False,False,False,cycle_life 결측,,,,,,,
Batch 2,37,Batch2_037,,Target 결측,3.6C(80%)-3.6C(SLOWCYCLE,True,2단계 정전류,3.6,80.0,3.6,False,True,False,cycle_life 결측,,,,,,,
Batch 2,38,Batch2_038,,Target 결측,4.8C(80%)-4.8C(SLOWCYCLE,True,2단계 정전류,4.8,80.0,4.8,False,True,False,cycle_life 결측,,,,,,,
Batch 2,39,Batch2_039,,Target 결측,3.6C(9%)-5C(SLOWCYCLE,True,2단계 정전류,3.6,9.0,5.0,False,True,False,cycle_life 결측,,,,,,,
Batch 2,40,Batch2_040,,Target 결측,5.2C(58%)-4C(SLOWCYCLE,True,2단계 정전류,5.2,58.0,4.0,False,True,False,cycle_life 결측,,,,,,,
Batch 2,41,Batch2_041,442.0,단수명(<500),5.6C(26%)-4.5C,True,2단계 정전류,5.6,26.0,4.5,False,False,True,계산 완료,1.0,1.1055639,318.0,0.7194570135746606,0.9162820236841034,-0.00011543003396930936,-0.001267879634757177
Batch 2,42,Batch2_042,474.0,단수명(<500),5.2C(50%)-4.25C,True,2단계 정전류,5.2,50.0,4.25,False,False,True,계산 완료,1.0,1.1036506,339.0,0.7151898734177216,0.9448005204937177,-3.5502721363157094e-05,-0.0013479710312545017
Batch 2,43,Batch2_043,1029.0,장수명(>1000),4.8C(80%)-4.8C-newstructure,True,2단계 정전류,4.8,80.0,4.8,True,False,True,계산 완료,1.0,1.1010081,809.0,0.7862001943634597,0.9455992594669874,-4.315230371075742e-05,-0.0006976142994134144
Batch 2,44,Batch2_044,841.0,중간수명(500~1000),5.2C(58%)-4C-newstructure,True,2단계 정전류,5.2,58.0,4.0,True,False,True,계산 완료,1.0,1.0982679,691.0,0.821640903686088,0.9531325497003776,-3.8266586479220334e-05,-0.001118636895174697
Batch 2,45,Batch2_045,997.0,중간수명(500~1000),5.6C(26%)-4.5C-newstructure,True,2단계 정전류,5.6,26.0,4.5,True,False,True,계산 완료,1.0,1.1035562,745.0,0.7472417251755266,0.9399691156844368,-3.5953959302825876e-05,-0.0006416146594491216
Batch 2,46,Batch2_046,503.0,중간수명(500~1000),4.8C(80%)-4.8C,True,2단계 정전류,4.8,80.0,4.8,False,False,True,계산 완료,1.0,1.1018363,384.0,0.7634194831013916,0.911295500192937,-0.00012630528750997848,-0.0012648211888479912
Batch 3,0,Batch3_000,1009.0,장수명(>1000),5C(67%)-4C-newstructure,True,2단계 정전류,5.0,67.0,4.0,True,False,True,계산 완료,0.9990089197224975,1.069415,841.0,0.8334985133795837,0.9525425084336289,-5.793073869499261e-05,-0.0007312648101042322
Batch 3,1,Batch3_001,1063.0,장수명(>1000),5.3C(54%)-4C-newstructure,True,2단계 정전류,5.3,54.0,4.0,True,False,True,계산 완료,0.9990592662276576,1.067446,869.0,0.8174976481655691,0.9746166154941321,-5.468592983484961e-05,-0.0006561050742489019
Batch 3,2,Batch3_002,1267.0,장수명(>1000),5.6C(19%)-4.6C-newstructure,True,2단계 정전류,5.6,19.0,4.6,True,False,True,계산 완료,0.9992107340173638,1.0622501,987.0,0.7790055248618785,0.9856915280505069,-4.934713128791897e-05,-0.00044690492440977705
Batch 3,3,Batch3_003,1115.0,장수명(>1000),5.6C(36%)-4.3C-newstructure,True,2단계 정전류,5.6,36.0,4.3,True,False,True,계산 완료,0.9991031390134529,1.0645473,905.0,0.8116591928251121,0.9697391030516221,-5.276076331307774e-05,-0.0005938502662288896
Batch 3,4,Batch3_004,1048.0,장수명(>1000),5.6C(19%)-4.6C-newstructure,True,2단계 정전류,5.6,19.0,4.6,True,False,True,계산 완료,0.9990458015267175,1.0741045,816.0,0.7786259541984732,0.9614788153651296,-5.804133562629256e-05,-0.0005687962091742451
Batch 3,5,Batch3_005,828.0,중간수명(500~1000),5.6C(36%)-4.3C-newstructure,True,2단계 정전류,5.6,36.0,4.3,True,False,True,계산 완료,0.998792270531401,1.0533983,680.0,0.821256038647343,0.9333707718843305,-7.75754324644671e-05,-0.0007258716009125222
Batch 3,6,Batch3_006,667.0,중간수명(500~1000),3.7C(31%)-5.9C-newstructure,True,2단계 정전류,3.7,31.0,5.9,True,False,True,계산 완료,0.9985007496251874,1.0629483,465.0,0.697151424287856,0.9648664732448953,-0.0001969936819200021,-0.0003718626795699589
Batch 3,7,Batch3_007,1836.0,장수명(>1000),4.8C(80%)-4.8C-newstructure,True,2단계 정전류,4.8,80.0,4.8,True,False,True,계산 완료,0.9994553376906318,1.0689943,1423.0,0.7750544662309368,0.9682172371601865,-3.861154491541607e-05,-0.00028807919548670723
Batch 3,8,Batch3_008,828.0,중간수명(500~1000),5C(67%)-4C-newstructure,True,2단계 정전류,5.0,67.0,4.0,True,False,True,계산 완료,0.998792270531401,1.0669744,684.0,0.8260869565217391,0.9474802062663882,-6.638671058684307e-05,-0.0008504104783495119
Batch 3,9,Batch3_009,1039.0,장수명(>1000),5.3C(54%)-4C-newstructure,True,2단계 정전류,5.3,54.0,4.0,True,False,True,계산 완료,0.9990375360923965,1.0718178,845.0,0.8132820019249278,0.9509968183196458,-4.997555206452129e-05,-0.0006840876686745998
Batch 3,10,Batch3_010,1078.0,장수명(>1000),4.8C(80%)-4.8C-newstructure,True,2단계 정전류,4.8,80.0,4.8,True,False,True,계산 완료,0.9990723562152134,1.0636628,874.0,0.8107606679035251,0.974427679892965,-5.19802133462283e-05,-0.0006426944058458173
Batch 3,11,Batch3_011,817.0,중간수명(500~1000),5.6C(19%)-4.6C-newstructure,True,2단계 정전류,5.6,19.0,4.6,True,False,True,계산 완료,0.9987760097919217,1.0695097,642.0,0.7858017135862914,0.9417033180521117,-7.916314744855844e-05,-0.000690826860018307
Batch 3,12,Batch3_012,932.0,중간수명(500~1000),5.6C(36%)-4.3C-newstructure,True,2단계 정전류,5.6,36.0,4.3,True,False,True,계산 완료,0.9989270386266095,1.0758239,753.0,0.8079399141630901,0.9453617140173534,-5.6821461685927136e-05,-0.0007476123115753106
Batch 3,13,Batch3_013,816.0,중간수명(500~1000),5.6C(19%)-4.6C-newstructure,True,2단계 정전류,5.6,19.0,4.6,True,False,True,계산 완료,0.9987745098039216,1.0678976,628.0,0.7696078431372549,0.9385891357968457,-7.93624606972064e-05,-0.0006270380664294473
Batch 3,14,Batch3_014,858.0,중간수명(500~1000),5.6C(36%)-4.3C-newstructure,True,2단계 정전류,5.6,36.0,4.3,True,False,True,계산 완료,0.9988344988344988,1.0753649,669.0,0.7797202797202797,0.9383156559005799,-6.442995689931814e-05,-0.0006783529873452387
Batch 3,15,Batch3_015,876.0,중간수명(500~1000),5.9C(15%)-4.6C-newstructure,True,2단계 정전류,5.9,15.0,4.6,True,False,True,계산 완료,0.9988584474885844,1.0701469,671.0,0.7659817351598174,0.9348698867346145,-7.198716098329787e-05,-0.0005872978061426241
Batch 3,16,Batch3_016,1638.0,장수명(>1000),4.8C(80%)-4.8C-newstructure,True,2단계 정전류,4.8,80.0,4.8,True,False,True,계산 완료,0.9993894993894994,1.0630152,1298.0,0.7924297924297924,0.9833866073857354,-4.3718609883661704e-05,-0.00034286681432536446
Batch 3,17,Batch3_017,1315.0,장수명(>1000),5.3C(54%)-4C-newstructure,True,2단계 정전류,5.3,54.0,4.0,True,False,True,계산 완료,0.9992395437262357,1.0684953,1025.0,0.779467680608365,0.9849760160105346,-4.875303575501764e-05,-0.00042969643491756477
Batch 3,18,Batch3_018,1146.0,장수명(>1000),5.6C(19%)-4.6C-newstructure,True,2단계 정전류,5.6,19.0,4.6,True,False,True,계산 완료,0.9991273996509599,1.0696205,906.0,0.7905759162303665,0.979584106212248,-5.698989764577696e-05,-0.0005314138946781263
Batch 3,19,Batch3_019,1155.0,장수명(>1000),5.6C(36%)-4.3C-newstructure,True,2단계 정전류,5.6,36.0,4.3,True,False,True,계산 완료,0.9991341991341991,1.0734339,906.0,0.7844155844155845,0.9859414286924362,-5.5705090399702273e-05,-0.0005248219404398429
Batch 3,20,Batch3_020,813.0,중간수명(500~1000),5C(67%)-4C-newstructure,True,2단계 정전류,5.0,67.0,4.0,True,False,True,계산 완료,0.998769987699877,1.0668859,677.0,0.8327183271832719,0.9560553349931977,-6.479066502963554e-05,-0.0009441398676315651
Batch 3,21,Batch3_021,772.0,중간수명(500~1000),3.7C(31%)-5.9C-newstructure,True,2단계 정전류,3.7,31.0,5.9,True,False,True,계산 완료,0.9987046632124352,1.068392,598.0,0.7746113989637305,0.9331814894787691,-0.0001444901648797149,-0.00044059576200240297
Batch 3,22,Batch3_022,1002.0,장수명(>1000),5.9C(60%)-3.1C-newstructure,True,2단계 정전류,5.9,60.0,3.1,True,False,True,계산 완료,0.999001996007984,1.0580798,868.0,0.8662674650698603,0.9433129083009515,-5.316703729360118e-05,-0.0008364250953587687
Batch 3,23,Batch3_023,,Target 결측,4.8C(80%)-4.8C-newstructure,True,2단계 정전류,4.8,80.0,4.8,True,False,False,cycle_life 결측,,,,,,,
Batch 3,24,Batch3_024,825.0,중간수명(500~1000),5C(67%)-4C-newstructure,True,2단계 정전류,5.0,67.0,4.0,True,False,True,계산 완료,0.9987878787878788,1.0489757,682.0,0.8266666666666667,0.9313829595949183,-6.81780883967127e-05,-0.0007588345914508517
Batch 3,25,Batch3_025,989.0,중간수명(500~1000),5.3C(54%)-4C-newstructure,True,2단계 정전류,5.3,54.0,4.0,True,False,True,계산 완료,0.9989888776541962,1.0633529,823.0,0.8321536905965622,0.9626986340493374,-5.572780041486936e-05,-0.0007341426370126539
Batch 3,26,Batch3_026,1028.0,장수명(>1000),5.6C(19%)-4.6C-newstructure,True,2단계 정전류,5.6,19.0,4.6,True,False,True,계산 완료,0.9990272373540856,1.0741377,796.0,0.77431906614786,0.9705623702446358,-5.672005971655862e-05,-0.0005765418791745743
Batch 3,27,Batch3_027,850.0,중간수명(500~1000),5.6C(36%)-4.3C-newstructure,True,2단계 정전류,5.6,36.0,4.3,True,False,True,계산 완료,0.9988235294117647,1.0627744,676.0,0.7952941176470588,0.9545224515600133,-6.703383027670483e-05,-0.0007075429386028604
Batch 3,28,Batch3_028,541.0,중간수명(500~1000),3.7C(31%)-5.9C-newstructure,True,2단계 정전류,3.7,31.0,5.9,True,False,True,계산 완료,0.9981515711645101,1.0525953,377.0,0.6968576709796673,0.9477748872461531,-0.00022292573653637728,-0.0004634384639897809
Batch 3,29,Batch3_029,858.0,중간수명(500~1000),5.9C(15%)-4.6C-newstructure,True,2단계 정전류,5.9,15.0,4.6,True,False,True,계산 완료,0.9988344988344988,1.0689218,666.0,0.7762237762237763,0.943291183107049,-7.372027453739638e-05,-0.0006356723562440858
Batch 3,30,Batch3_030,935.0,중간수명(500~1000),5.3C(54%)-4C-newstructure,True,2단계 정전류,5.3,54.0,4.0,True,False,True,계산 완료,0.9989304812834224,1.0708957,761.0,0.813903743315508,0.9479154494206278,-5.528338001103951e-05,-0.0007245641096689753
Batch 3,31,Batch3_031,731.0,중간수명(500~1000),5.9C(60%)-3.1C-newstructure,True,2단계 정전류,5.9,60.0,3.1,True,False,True,계산 완료,0.9986320109439124,1.070212,597.0,0.8166894664842681,0.9529807190342373,-7.014831323867075e-05,-0.000973260307849561
Batch 3,32,Batch3_032,,Target 결측,4.8C(80%)-4.8C-newstructure,True,2단계 정전류,4.8,80.0,4.8,True,False,False,cycle_life 결측,,,,,,,
Batch 3,33,Batch3_033,1284.0,장수명(>1000),5C(67%)-4C-newstructure,True,2단계 정전류,5.0,67.0,4.0,True,False,True,계산 완료,0.9992211838006231,1.0620158,1089.0,0.8481308411214953,0.9758824698453715,-4.9771873458335995e-05,-0.0005899444547335319
Batch 3,34,Batch3_034,1158.0,장수명(>1000),5.3C(54%)-4C-newstructure,True,2단계 정전류,5.3,54.0,4.0,True,False,True,계산 완료,0.9991364421416234,1.0634748,923.0,0.7970639032815199,0.9879599331282749,-5.473590536384543e-05,-0.0005237962936814978
Batch 3,35,Batch3_035,1093.0,장수명(>1000),5.6C(19%)-4.6C-newstructure,True,2단계 정전류,5.6,19.0,4.6,True,False,True,계산 완료,0.9990850869167429,1.0646554,850.0,0.777676120768527,0.9692264330581669,-5.867368040902432e-05,-0.0005086777001014019
Batch 3,36,Batch3_036,923.0,중간수명(500~1000),5.6C(36%)-4.3C-newstructure,True,2단계 정전류,5.6,36.0,4.3,True,False,True,계산 완료,0.9989165763813651,1.0592415,797.0,0.8634886240520043,0.9309078485863951,-6.77332946303195e-05,-0.0008410289532403645
Batch 3,37,Batch3_037,1390.0,장수명(>1000),4.8C(80%)-4.8C-newstructure,True,2단계 정전류,4.8,80.0,4.8,True,False,True,계산 완료,0.9992805755395684,1.0484405,1169.0,0.8410071942446044,0.9363109286910132,-5.168377078680634e-05,-0.0004334458252610146
Batch 3,38,Batch3_038,1935.0,장수명(>1000),5C(67%)-4C-newstructure,True,2단계 정전류,5.0,67.0,4.0,True,False,True,계산 완료,0.999483204134367,1.0718224,1523.0,0.7870801033591731,0.972299694386855,-3.945454353039382e-05,-0.0002703232457586235
Batch 3,39,Batch3_039,1156.0,장수명(>1000),5.3C(54%)-4C-newstructure,True,2단계 정전류,5.3,54.0,4.0,True,False,True,계산 완료,0.9991349480968859,1.0493289,1002.0,0.8667820069204152,0.9534859932831247,-5.414941817015921e-05,-0.0006739191982087178
Batch 3,40,Batch3_040,796.0,중간수명(500~1000),5.6C(19%)-4.6C-newstructure,True,2단계 정전류,5.6,19.0,4.6,True,False,True,계산 완료,0.9987437185929648,1.0619344,621.0,0.7801507537688442,0.9455114232075147,-7.576207616885746e-05,-0.0006736644552323736
Batch 3,41,Batch3_041,786.0,중간수명(500~1000),5.6C(36%)-4.3C-newstructure,True,2단계 정전류,5.6,36.0,4.3,True,False,True,계산 완료,0.9987277353689568,1.0528345,604.0,0.7684478371501272,0.9524564463123436,-5.954886332466323e-05,-0.0006732152982259044
Batch 3,42,Batch3_042,1642.0,장수명(>1000),4.8C(80%)-4.8C-newstructure,True,2단계 정전류,4.8,80.0,4.8,True,False,True,계산 완료,0.9993909866017052,1.0687422,1296.0,0.7892813641900122,0.9511480727476652,-4.788661067696663e-05,-0.0003303372831691191
Batch 3,43,Batch3_043,1046.0,장수명(>1000),5C(67%)-4C-newstructure,True,2단계 정전류,5.0,67.0,4.0,True,False,True,계산 완료,0.9990439770554493,1.0720655,867.0,0.8288718929254302,0.9654283549950684,-5.171236584589207e-05,-0.0007372650996659649
Batch 3,44,Batch3_044,940.0,중간수명(500~1000),5.3C(54%)-4C-newstructure,True,2단계 정전류,5.3,54.0,4.0,True,False,True,계산 완료,0.9989361702127659,1.0719105,787.0,0.8372340425531914,0.9372398236902951,-5.422415541196631e-05,-0.0008279017038186875
Batch 3,45,Batch3_045,1801.0,장수명(>1000),4.8C(80%)-4.8C-newstructure,True,2단계 정전류,4.8,80.0,4.8,True,False,True,계산 완료,0.9994447529150472,1.0709116,1426.0,0.7917823431426985,0.9661976601444127,-4.276673498185312e-05,-0.0003132872137035739
