batch,life_group,count,total,rate_pct,ci_low_pct,ci_high_pct
Batch 1,단수명(<500),0,46,0.0,-6.938893903907228e-16,7.707617732978073
Batch 1,중간수명(500~1000),36,46,78.26086956521739,64.42603416081054,87.73922538141925
Batch 1,장수명(>1000),10,46,21.73913043478261,12.26077461858075,35.57396583918946
Batch 2,단수명(<500),28,39,71.7948717948718,56.22438267752261,83.45667498605671
Batch 2,중간수명(500~1000),8,39,20.512820512820515,10.779590197911117,35.53427296312862
Batch 2,장수명(>1000),3,39,7.6923076923076925,2.650691407349569,20.32137312805527
Batch 3,단수명(<500),0,44,0.0,6.938893903907228e-16,8.029831778201396
Batch 3,중간수명(500~1000),21,44,47.72727272727273,33.75475794427176,62.0647798638283
Batch 3,장수명(>1000),23,44,52.27272727272727,37.9352201361717,66.24524205572824
