batch,comparison,feature,feature_ko,n_short,n_other,median_short,median_other,cliffs_delta,permutation_p,p_bh
Batch 2,cycle_life < 500 vs >= 500,chargetime_mean,평균 충전시간,28,11,10.17479544612798,10.04019055555552,0.987012987012987,9.999000099990002e-05,0.0004499550044995501
Batch 2,cycle_life < 500 vs >= 500,delta_q_log10_var,ΔQ 로그분산,28,11,-3.4456682593680283,-4.231193800168052,0.9675324675324676,9.999000099990002e-05,0.0004499550044995501
Batch 2,cycle_life < 500 vs >= 500,ir_std,초기 IR 변동성,26,7,0.0001562827665417,5.377125042878701e-05,0.6153846153846154,0.0013998600139986002,0.004199580041995801
Batch 2,cycle_life < 500 vs >= 500,qd_slope,초기 QD 기울기,28,11,3.335632554112998e-05,-4.81292107606561e-05,0.512987012987013,0.010798920107989201,0.024297570242975703
Batch 2,cycle_life < 500 vs >= 500,tavg_mean,평균 온도,28,11,32.93744555418807,33.59868374090274,-0.33116883116883117,0.1623837616238376,0.2922907709229077
Batch 2,cycle_life < 500 vs >= 500,switch_soc_pct,전환 SOC,28,11,50.0,58.0,-0.32792207792207795,0.7679232076792321,0.863913608639136
Batch 2,cycle_life < 500 vs >= 500,qd_std,초기 QD 변동성,28,11,0.0030429354937112,0.0024698310807556,0.09090909090909091,0.2940705929407059,0.4411058894110589
Batch 2,cycle_life < 500 vs >= 500,tmax_mean,최고 온도,28,11,36.42673019508845,36.8790253111546,0.05844155844155844,0.7391260873912608,0.863913608639136
Batch 2,cycle_life < 500 vs >= 500,c_rate_stage1,1단계 C-rate,28,11,5.2,5.2,-0.05844155844155844,1.0,1.0
