batch,global_cell_id,cycle_life,charging_policy,outlier_direction,tukey_low_fence,tukey_high_fence,tavg_mean,tmax_mean,chargetime_mean,c_rate_stage1,delta_q_log10_var,qd_slope
Batch 2,Batch2_007,777.0,4.8C(80%)-4.8C-newstructure,높음,336.0,612.0,33.769687089746824,37.14950685044426,10.035777525252517,4.8,-4.231235570734996,5.346993939394844e-05
Batch 2,Batch2_008,904.0,5.2C(58%)-4C-newstructure,높음,336.0,612.0,33.59868374090274,35.674109782051225,10.03986983164983,5.2,-4.101987963034194,-4.81292107606561e-05
Batch 2,Batch2_009,791.0,5.6C(26%)-4.5C-newstructure,높음,336.0,612.0,32.3508526526095,33.58605048865401,10.039928501683493,5.6,-4.343991161299498,-3.1789604205310855e-05
Batch 2,Batch2_032,809.0,4.8C(80%)-4.8C-newstructure,높음,336.0,612.0,32.16894887045923,33.94637920302099,10.040991343537481,4.8,-4.131031637519925,-5.5682572665417575e-05
Batch 2,Batch2_033,1140.0,5.2C(58%)-4C-newstructure,높음,336.0,612.0,32.74157143407892,34.30263809635044,10.03956353535346,5.2,-4.231193800168052,-0.00012531416326529325
Batch 2,Batch2_034,1186.0,5.6C(26%)-4.5C-newstructure,높음,336.0,612.0,35.66789148456313,38.96110461672359,10.040434234693901,5.6,-4.448150649362664,-5.4562957328379686e-05
Batch 2,Batch2_043,1029.0,4.8C(80%)-4.8C-newstructure,높음,336.0,612.0,33.92914533704784,36.97438163334141,10.036751245791278,4.8,-4.27134740873748,-7.295969944339816e-05
Batch 2,Batch2_044,841.0,5.2C(58%)-4C-newstructure,높음,336.0,612.0,33.95995836968299,36.8790253111546,10.040506156462564,5.2,-4.364088958508095,-2.4462076685204973e-05
Batch 2,Batch2_045,997.0,5.6C(26%)-4.5C-newstructure,높음,336.0,612.0,35.271412144027664,37.86687606904902,10.040190555555519,5.6,-4.174780430902203,-7.610656895484532e-05
Batch 3,Batch3_007,1836.0,4.8C(80%)-4.8C-newstructure,높음,337.125,1646.125,32.79694473003086,34.27477909930834,11.040740218855252,4.8,-4.488307662825104,-2.3574483611497995e-06
Batch 3,Batch3_038,1935.0,5C(67%)-4C-newstructure,높음,337.125,1646.125,34.745836319764145,37.739090670595026,10.043707962962927,5.0,-4.341618522481463,-8.787589363008528e-06
Batch 3,Batch3_045,1801.0,4.8C(80%)-4.8C-newstructure,높음,337.125,1646.125,32.72596355233115,34.6817726725469,11.038587558922575,4.8,-4.520416274417103,-1.258453926921298e-07
