batch,charging_policy,n,mean_cycle_life,median_cycle_life,std_cycle_life,bootstrap_ci_low,bootstrap_ci_high
Batch 1,3.6C(80%)-3.6C,3,1182.0,1179.0,7.0,1177.0,1190.0
Batch 1,4.4C(80%)-4.4C,1,1074.0,1074.0,,1074.0,1074.0
Batch 1,4.8C(80%)-4.8C,2,753.0,753.0,165.46298679765212,636.0,870.0
Batch 1,4C(80%)-4C,2,1226.5,1226.5,0.7071067811865476,1226.0,1227.0
Batch 1,5.4C(40%)-3.6C,2,966.5,966.5,123.74368670764582,879.0,1054.0
Batch 1,5.4C(50%)-3.6C,2,899.5,899.5,3.5355339059327378,897.0,902.0
Batch 1,5.4C(50%)-3C,2,847.0,847.0,83.43860018001261,788.0,906.0
Batch 1,5.4C(60%)-3.6C,2,859.5,859.5,3.5355339059327378,857.0,862.0
Batch 1,5.4C(60%)-3C,2,799.5,799.5,113.84419177103415,719.0,880.0
Batch 1,5.4C(70%)-3C,2,739.5,739.5,68.58935777509511,691.0,788.0
Batch 1,5.4C(80%)-5.4C,2,546.5,546.5,17.67766952966369,534.0,559.0
Batch 1,6C(30%)-3.6C,2,952.5,952.5,86.97413408594535,891.0,1014.0
Batch 1,6C(40%)-3.6C,2,856.0,856.0,19.79898987322333,842.0,870.0
Batch 1,6C(40%)-3C,2,935.5,935.5,115.25840533340725,854.0,1017.0
Batch 1,6C(50%)-3.6C,2,792.5,792.5,118.08683245815344,709.0,876.0
Batch 1,6C(50%)-3C,2,888.5,888.5,40.30508652763321,860.0,917.0
Batch 1,6C(60%)-3C,2,744.0,744.0,18.384776310850235,731.0,757.0
Batch 1,7C(30%)-3.6C,2,722.5,722.5,27.577164466275352,703.0,742.0
Batch 1,7C(40%)-3.6C,2,621.0,621.0,5.656854249492381,617.0,625.0
Batch 1,7C(40%)-3C,2,676.0,676.0,39.59797974644666,648.0,704.0
Batch 1,8C(15%)-3.6C,2,1008.5,1008.5,60.10407640085654,966.0,1051.0
Batch 1,8C(25%)-3.6C,2,676.5,676.5,36.062445840513924,651.0,702.0
Batch 1,8C(35%)-3.6C,2,607.5,607.5,12.020815280171307,599.0,616.0
Batch 2,3.6C(30%)-6C,2,421.0,421.0,7.0710678118654755,416.0,426.0
Batch 2,3.6C(9%)-5C,2,394.5,394.5,2.1213203435596424,393.0,396.0
Batch 2,4.65C(44%)-5C,2,482.5,482.5,23.33452377915607,466.0,499.0
Batch 2,4.65C(69%)-6C,2,452.0,452.0,11.313708498984761,444.0,460.0
Batch 2,4.8C(80%)-4.8C,5,483.6,492.0,30.319960422137758,457.2,505.2
Batch 2,4.8C(80%)-4.8C-newstructure,3,871.6666666666666,809.0,137.19086461325816,777.0,1029.0
Batch 2,5.2C(50%)-4.25C,5,454.0,449.0,20.91650066335189,439.0,469.0
Batch 2,5.2C(58%)-4C,4,477.75,483.0,18.463928798245153,461.25,491.0
Batch 2,5.2C(58%)-4C-newstructure,3,961.6666666666666,904.0,157.62085310431908,841.0,1140.0
Batch 2,5.6C(26%)-4.5C,6,448.5,446.0,29.12559012277691,427.6666666666667,469.67083333333335
Batch 2,5.6C(26%)-4.5C-newstructure,3,991.3333333333334,997.0,197.56096105590632,791.0,1186.0
Batch 2,6C(60%)-3C,2,400.0,400.0,11.313708498984761,392.0,408.0
Batch 3,3.7C(31%)-5.9C-newstructure,3,660.0,667.0,115.65898149300814,541.0,772.0
Batch 3,4.8C(80%)-4.8C-newstructure,6,1564.1666666666667,1640.0,285.72183442408925,1343.8333333333333,1744.1666666666667
Batch 3,5.3C(54%)-4C-newstructure,8,1074.375,1051.0,129.67424846239024,998.621875,1165.878125
Batch 3,5.6C(19%)-4.6C-newstructure,8,1001.375,1038.0,174.55571153236846,888.6125,1109.375
Batch 3,5.6C(36%)-4.3C-newstructure,8,930.875,890.5,135.0242703051143,848.996875,1018.003125
Batch 3,5.9C(15%)-4.6C-newstructure,2,867.0,867.0,12.727922061357855,858.0,876.0
Batch 3,5.9C(60%)-3.1C-newstructure,2,866.5,866.5,191.6259377015544,731.0,1002.0
Batch 3,5C(67%)-4C-newstructure,7,1105.7142857142858,1009.0,402.91178285315107,885.1071428571428,1397.867857142857
