batch,global_cell_id,cycle_life,summary_length,summary_min_cycle,summary_max_cycle,cycles_object_length,summary_fields_same_length,summary_cycles_match_objects,cycles_strictly_increasing,duplicate_cycle_count,first_cycle_all_zero,invalid_qd_count,early_ir_valid_count,early_ir_unavailable,early_tmin_invalid_count,nan_inf_total,cycle_10_available,cycle_100_available,delta_q_available,delta_q_reason,target_minus_observed_end,curve_coverage,full_curve_coverage,target_available,policy_parse_success
Batch 1,Batch1_000,1190.0,1189,1.0,1189.0,1189,True,True,True,0,True,1,99,False,0,0,True,True,True,계산 완료,1.0,0.9991596638655462,True,True,True
Batch 1,Batch1_001,1179.0,1178,1.0,1178.0,1178,True,True,True,0,True,1,98,False,0,0,True,True,True,계산 완료,1.0,0.9991518235793045,True,True,True
Batch 1,Batch1_002,1177.0,1176,1.0,1176.0,1176,True,True,True,0,True,1,98,False,0,0,True,True,True,계산 완료,1.0,0.9991503823279524,True,True,True
Batch 1,Batch1_003,1226.0,1225,1.0,1225.0,1225,True,True,True,0,True,1,98,False,0,0,True,True,True,계산 완료,1.0,0.9991843393148451,True,True,True
Batch 1,Batch1_004,1227.0,1226,1.0,1226.0,1226,True,True,True,0,True,1,98,False,0,0,True,True,True,계산 완료,1.0,0.9991850040749797,True,True,True
Batch 1,Batch1_005,1074.0,1073,1.0,1073.0,1073,True,True,True,0,True,1,99,False,0,0,True,True,True,계산 완료,1.0,0.9990689013035382,True,True,True
Batch 1,Batch1_006,636.0,635,1.0,635.0,635,True,True,True,0,True,1,98,False,0,0,True,True,True,계산 완료,1.0,0.9984276729559748,True,True,True
Batch 1,Batch1_007,870.0,869,1.0,869.0,869,True,True,True,0,True,1,98,False,0,0,True,True,True,계산 완료,1.0,0.9988505747126437,True,True,True
Batch 1,Batch1_008,879.0,878,1.0,878.0,878,True,True,True,0,True,1,99,False,0,0,True,True,True,계산 완료,1.0,0.9988623435722411,True,True,True
Batch 1,Batch1_009,1054.0,1053,1.0,1053.0,1053,True,True,True,0,True,1,99,False,0,0,True,True,True,계산 완료,1.0,0.9990512333965844,True,True,True
Batch 1,Batch1_010,906.0,905,1.0,905.0,905,True,True,True,0,True,1,98,False,0,0,True,True,True,계산 완료,1.0,0.9988962472406181,True,True,True
Batch 1,Batch1_011,788.0,787,1.0,787.0,787,True,True,True,0,True,1,98,False,0,0,True,True,True,계산 완료,1.0,0.998730964467005,True,True,True
Batch 1,Batch1_012,902.0,901,1.0,901.0,901,True,True,True,0,True,1,99,False,0,0,True,True,True,계산 완료,1.0,0.9988913525498891,True,True,True
Batch 1,Batch1_013,897.0,896,1.0,896.0,896,True,True,True,0,True,1,99,False,0,0,True,True,True,계산 완료,1.0,0.9988851727982163,True,True,True
Batch 1,Batch1_014,880.0,879,1.0,879.0,879,True,True,True,0,True,1,99,False,0,0,True,True,True,계산 완료,1.0,0.9988636363636364,True,True,True
Batch 1,Batch1_015,719.0,718,1.0,718.0,718,True,True,True,0,True,1,99,False,0,0,True,True,True,계산 완료,1.0,0.9986091794158554,True,True,True
Batch 1,Batch1_016,862.0,861,1.0,861.0,861,True,True,True,0,True,1,98,False,0,0,True,True,True,계산 완료,1.0,0.9988399071925754,True,True,True
Batch 1,Batch1_017,857.0,856,1.0,856.0,856,True,True,True,0,True,1,99,False,0,0,True,True,True,계산 완료,1.0,0.9988331388564761,True,True,True
Batch 1,Batch1_018,691.0,690,1.0,690.0,690,True,True,True,0,True,2,99,False,0,0,True,True,True,계산 완료,1.0,0.9985528219971056,True,True,True
Batch 1,Batch1_019,788.0,787,1.0,787.0,787,True,True,True,0,True,1,99,False,0,0,True,True,True,계산 완료,1.0,0.998730964467005,True,True,True
Batch 1,Batch1_020,534.0,533,1.0,533.0,533,True,True,True,0,True,1,98,False,0,0,True,True,True,계산 완료,1.0,0.99812734082397,True,True,True
Batch 1,Batch1_021,559.0,558,1.0,558.0,558,True,True,True,0,True,1,98,False,0,0,True,True,True,계산 완료,1.0,0.998211091234347,True,True,True
Batch 1,Batch1_022,891.0,890,1.0,890.0,890,True,True,True,0,True,1,99,False,0,0,True,True,True,계산 완료,1.0,0.9988776655443322,True,True,True
Batch 1,Batch1_023,1014.0,1013,1.0,1013.0,1013,True,True,True,0,True,1,99,False,0,0,True,True,True,계산 완료,1.0,0.9990138067061144,True,True,True
Batch 1,Batch1_024,1017.0,1016,1.0,1016.0,1016,True,True,True,0,True,1,99,False,0,0,True,True,True,계산 완료,1.0,0.9990167158308751,True,True,True
Batch 1,Batch1_025,854.0,853,1.0,853.0,853,True,True,True,0,True,1,99,False,0,0,True,True,True,계산 완료,1.0,0.9988290398126464,True,True,True
Batch 1,Batch1_026,870.0,869,1.0,869.0,869,True,True,True,0,True,1,99,False,0,0,True,True,True,계산 완료,1.0,0.9988505747126437,True,True,True
Batch 1,Batch1_027,842.0,841,1.0,841.0,841,True,True,True,0,True,1,99,False,0,0,True,True,True,계산 완료,1.0,0.998812351543943,True,True,True
Batch 1,Batch1_028,860.0,859,1.0,859.0,859,True,True,True,0,True,1,99,False,0,0,True,True,True,계산 완료,1.0,0.9988372093023256,True,True,True
Batch 1,Batch1_029,917.0,916,1.0,916.0,916,True,True,True,0,True,1,99,False,0,0,True,True,True,계산 완료,1.0,0.9989094874591058,True,True,True
Batch 1,Batch1_030,709.0,708,1.0,708.0,708,True,True,True,0,True,1,99,False,0,0,True,True,True,계산 완료,1.0,0.998589562764457,True,True,True
Batch 1,Batch1_031,876.0,875,1.0,875.0,875,True,True,True,0,True,1,99,False,0,0,True,True,True,계산 완료,1.0,0.9988584474885844,True,True,True
Batch 1,Batch1_032,731.0,730,1.0,730.0,730,True,True,True,0,True,1,99,False,0,0,True,True,True,계산 완료,1.0,0.9986320109439124,True,True,True
Batch 1,Batch1_033,757.0,756,1.0,756.0,756,True,True,True,0,True,1,99,False,0,0,True,True,True,계산 완료,1.0,0.9986789960369881,True,True,True
Batch 1,Batch1_034,742.0,741,1.0,741.0,741,True,True,True,0,True,1,99,False,0,0,True,True,True,계산 완료,1.0,0.9986522911051213,True,True,True
Batch 1,Batch1_035,703.0,702,1.0,702.0,702,True,True,True,0,True,1,99,False,0,0,True,True,True,계산 완료,1.0,0.9985775248933144,True,True,True
Batch 1,Batch1_036,704.0,703,1.0,703.0,703,True,True,True,0,True,1,99,False,0,0,True,True,True,계산 완료,1.0,0.9985795454545454,True,True,True
Batch 1,Batch1_037,648.0,647,1.0,647.0,647,True,True,True,0,True,1,99,False,0,0,True,True,True,계산 완료,1.0,0.9984567901234568,True,True,True
Batch 1,Batch1_038,617.0,616,1.0,616.0,616,True,True,True,0,True,1,99,False,0,0,True,True,True,계산 완료,1.0,0.9983792544570502,True,True,True
Batch 1,Batch1_039,625.0,624,1.0,624.0,624,True,True,True,0,True,1,99,False,0,0,True,True,True,계산 완료,1.0,0.9984,True,True,True
Batch 1,Batch1_040,966.0,965,1.0,965.0,965,True,True,True,0,True,1,99,False,0,0,True,True,True,계산 완료,1.0,0.9989648033126294,True,True,True
Batch 1,Batch1_041,1051.0,1050,1.0,1050.0,1050,True,True,True,0,True,1,99,False,0,0,True,True,True,계산 완료,1.0,0.9990485252140818,True,True,True
Batch 1,Batch1_042,702.0,701,1.0,701.0,701,True,True,True,0,True,1,99,False,0,0,True,True,True,계산 완료,1.0,0.9985754985754985,True,True,True
Batch 1,Batch1_043,651.0,650,1.0,650.0,650,True,True,True,0,True,1,99,False,0,0,True,True,True,계산 완료,1.0,0.9984639016897081,True,True,True
Batch 1,Batch1_044,616.0,615,1.0,615.0,615,True,True,True,0,True,1,99,False,0,0,True,True,True,계산 완료,1.0,0.9983766233766234,True,True,True
Batch 1,Batch1_045,599.0,598,1.0,598.0,598,True,True,True,0,True,1,99,False,0,0,True,True,True,계산 완료,1.0,0.998330550918197,True,True,True
Batch 2,Batch2_000,477.0,496,1.0,496.0,496,True,True,True,0,False,0,99,False,0,0,True,True,True,계산 완료,-19.0,1.039832285115304,True,True,True
Batch 2,Batch2_001,491.0,513,1.0,513.0,513,True,True,True,0,False,0,99,False,0,0,True,True,True,계산 완료,-22.0,1.044806517311609,True,True,True
Batch 2,Batch2_002,424.0,439,1.0,439.0,439,True,True,True,0,False,0,99,False,0,0,True,True,True,계산 완료,-15.0,1.0353773584905661,True,True,True
Batch 2,Batch2_003,499.0,517,1.0,517.0,517,True,True,True,0,False,0,99,False,0,0,True,True,True,계산 완료,-18.0,1.0360721442885772,True,True,True
Batch 2,Batch2_004,444.0,464,1.0,464.0,464,True,True,True,0,False,0,99,False,0,0,True,True,True,계산 완료,-20.0,1.045045045045045,True,True,True
Batch 2,Batch2_005,416.0,445,1.0,445.0,445,True,True,True,0,False,0,99,False,0,0,True,True,True,계산 완료,-29.0,1.0697115384615385,True,True,True
Batch 2,Batch2_006,393.0,409,1.0,409.0,409,True,True,True,0,False,0,99,False,0,0,True,True,True,계산 완료,-16.0,1.0407124681933841,True,True,True
Batch 2,Batch2_007,777.0,806,1.0,806.0,806,True,True,True,0,False,0,99,False,0,0,True,True,True,계산 완료,-29.0,1.0373230373230373,True,True,True
Batch 2,Batch2_008,904.0,947,1.0,947.0,947,True,True,True,0,False,0,99,False,0,0,True,True,True,계산 완료,-43.0,1.0475663716814159,True,True,True
Batch 2,Batch2_009,791.0,819,1.0,819.0,819,True,True,True,0,False,0,99,False,0,0,True,True,True,계산 완료,-28.0,1.0353982300884956,True,True,True
Batch 2,Batch2_010,492.0,519,1.0,519.0,519,True,True,True,0,False,0,99,False,0,0,True,True,True,계산 완료,-27.0,1.0548780487804879,True,True,True
Batch 2,Batch2_011,449.0,468,1.0,468.0,468,True,True,True,0,False,0,99,False,0,0,True,True,True,계산 완료,-19.0,1.042316258351893,True,True,True
Batch 2,Batch2_012,466.0,493,1.0,493.0,493,True,True,True,0,False,0,99,False,0,0,True,True,True,계산 완료,-27.0,1.05793991416309,True,True,True
Batch 2,Batch2_013,460.0,483,1.0,483.0,483,True,True,True,0,False,0,99,False,0,0,True,True,True,계산 완료,-23.0,1.05,True,True,True
Batch 2,Batch2_014,426.0,461,1.0,461.0,461,True,True,True,0,False,0,99,False,0,0,True,True,True,계산 완료,-35.0,1.0821596244131455,True,True,True
Batch 2,Batch2_015,396.0,414,1.0,414.0,414,True,True,True,0,False,0,99,False,0,0,True,True,True,계산 완료,-18.0,1.0454545454545454,True,True,True
Batch 2,Batch2_016,472.0,499,1.0,499.0,499,True,True,True,0,False,0,99,False,0,0,True,True,True,계산 완료,-27.0,1.0572033898305084,True,True,True
Batch 2,Batch2_017,471.0,494,1.0,494.0,494,True,True,True,0,False,0,99,False,0,0,True,True,True,계산 완료,-23.0,1.048832271762208,True,True,True
Batch 2,Batch2_018,449.0,467,1.0,467.0,467,True,True,True,0,False,0,99,False,0,0,True,True,True,계산 완료,-18.0,1.0400890868596881,True,True,True
Batch 2,Batch2_019,392.0,411,1.0,411.0,411,True,True,True,0,False,0,99,False,0,0,True,True,True,계산 완료,-19.0,1.0484693877551021,True,True,True
Batch 2,Batch2_020,489.0,506,1.0,506.0,506,True,True,True,0,False,0,99,False,0,0,True,True,True,계산 완료,-17.0,1.034764826175869,True,True,True
Batch 2,Batch2_021,408.0,426,1.0,426.0,426,True,True,True,0,False,0,99,False,0,0,True,True,True,계산 완료,-18.0,1.0441176470588236,True,True,True
Batch 2,Batch2_022,,920,1.0,920.0,920,True,True,True,0,False,1,99,False,0,0,True,True,True,계산 완료,,,False,False,True
Batch 2,Batch2_023,,1152,1.0,1152.0,1152,True,True,True,0,False,2,99,False,0,0,True,True,True,계산 완료,,,False,False,True
Batch 2,Batch2_024,514.0,536,1.0,536.0,536,True,True,True,0,False,0,99,False,0,0,True,True,True,계산 완료,-22.0,1.0428015564202335,True,True,True
Batch 2,Batch2_025,493.0,511,1.0,511.0,511,True,True,True,0,False,0,99,False,0,0,True,True,True,계산 완료,-18.0,1.0365111561866125,True,True,True
Batch 2,Batch2_026,450.0,476,1.0,476.0,476,True,True,True,0,False,0,99,False,0,0,True,True,True,계산 완료,-26.0,1.0577777777777777,True,True,True
Batch 2,Batch2_027,474.0,493,1.0,493.0,493,True,True,True,0,False,0,99,False,0,0,True,True,True,계산 완료,-19.0,1.040084388185654,True,True,True
Batch 2,Batch2_028,437.0,456,1.0,456.0,456,True,True,True,0,False,0,99,False,0,0,True,True,True,계산 완료,-19.0,1.0434782608695652,True,True,True
Batch 2,Batch2_029,452.0,470,1.0,470.0,470,True,True,True,0,False,0,99,False,0,0,True,True,True,계산 완료,-18.0,1.0398230088495575,True,True,True
Batch 2,Batch2_030,412.0,429,1.0,429.0,429,True,True,True,0,False,0,99,False,0,0,True,True,True,계산 완료,-17.0,1.0412621359223302,True,True,True
Batch 2,Batch2_031,425.0,446,1.0,446.0,446,True,True,True,0,False,0,99,False,0,0,True,True,True,계산 완료,-21.0,1.0494117647058823,True,True,True
Batch 2,Batch2_032,809.0,834,1.0,834.0,834,True,True,True,0,False,0,99,False,0,0,True,True,True,계산 완료,-25.0,1.030902348578492,True,True,True
Batch 2,Batch2_033,1140.0,1190,1.0,1190.0,1190,True,True,True,0,False,0,99,False,0,0,True,True,True,계산 완료,-50.0,1.043859649122807,True,True,True
Batch 2,Batch2_034,1186.0,1252,1.0,1252.0,1252,True,True,True,0,False,0,99,False,0,0,True,True,True,계산 완료,-66.0,1.0556492411467115,True,True,True
Batch 2,Batch2_035,,423,1.0,423.0,423,True,True,True,0,False,1,99,False,0,0,True,True,True,계산 완료,,,False,False,True
Batch 2,Batch2_036,,280,1.0,280.0,280,True,True,True,0,False,1,99,False,0,0,True,True,True,계산 완료,,,False,False,True
Batch 2,Batch2_037,,101,1.0,101.0,101,True,True,True,0,False,2,99,False,0,0,True,True,True,계산 완료,,,False,False,True
Batch 2,Batch2_038,,101,1.0,101.0,101,True,True,True,0,False,2,99,False,99,0,True,True,True,계산 완료,,,False,False,True
Batch 2,Batch2_039,,434,1.0,434.0,434,True,True,True,0,False,1,99,False,0,0,True,True,True,계산 완료,,,False,False,True
Batch 2,Batch2_040,,459,1.0,459.0,459,True,True,True,0,False,1,0,True,0,0,True,True,True,계산 완료,,,False,False,True
Batch 2,Batch2_041,442.0,463,1.0,463.0,463,True,True,True,0,False,0,0,True,1,0,True,True,True,계산 완료,-21.0,1.0475113122171946,True,True,True
Batch 2,Batch2_042,474.0,497,1.0,497.0,497,True,True,True,0,False,0,0,True,0,0,True,True,True,계산 완료,-23.0,1.0485232067510548,True,True,True
Batch 2,Batch2_043,1029.0,1061,1.0,1061.0,1061,True,True,True,0,False,0,0,True,0,0,True,True,True,계산 완료,-32.0,1.031098153547133,True,True,True
Batch 2,Batch2_044,841.0,874,1.0,874.0,874,True,True,True,0,False,0,0,True,0,0,True,True,True,계산 완료,-33.0,1.0392390011890607,True,True,True
Batch 2,Batch2_045,997.0,1027,1.0,1027.0,1027,True,True,True,0,False,0,0,True,0,0,True,True,True,계산 완료,-30.0,1.0300902708124373,True,True,True
Batch 2,Batch2_046,503.0,523,1.0,523.0,523,True,True,True,0,False,0,0,True,1,0,True,True,True,계산 완료,-20.0,1.0397614314115309,True,True,True
Batch 3,Batch3_000,1009.0,1008,1.0,1008.0,1008,True,True,True,0,False,0,99,False,0,0,True,True,True,계산 완료,1.0,0.9990089197224975,True,True,True
Batch 3,Batch3_001,1063.0,1062,1.0,1062.0,1062,True,True,True,0,False,0,99,False,0,0,True,True,True,계산 완료,1.0,0.9990592662276576,True,True,True
Batch 3,Batch3_002,1267.0,1266,1.0,1266.0,1266,True,True,True,0,False,0,99,False,0,0,True,True,True,계산 완료,1.0,0.9992107340173638,True,True,True
Batch 3,Batch3_003,1115.0,1114,1.0,1114.0,1114,True,True,True,0,False,0,99,False,0,0,True,True,True,계산 완료,1.0,0.9991031390134529,True,True,True
Batch 3,Batch3_004,1048.0,1047,1.0,1047.0,1047,True,True,True,0,False,0,99,False,0,0,True,True,True,계산 완료,1.0,0.9990458015267175,True,True,True
Batch 3,Batch3_005,828.0,827,1.0,827.0,827,True,True,True,0,False,0,99,False,0,0,True,True,True,계산 완료,1.0,0.998792270531401,True,True,True
Batch 3,Batch3_006,667.0,666,1.0,666.0,666,True,True,True,0,False,0,99,False,0,0,True,True,True,계산 완료,1.0,0.9985007496251874,True,True,True
Batch 3,Batch3_007,1836.0,1835,1.0,1835.0,1835,True,True,True,0,False,0,99,False,0,0,True,True,True,계산 완료,1.0,0.9994553376906318,True,True,True
Batch 3,Batch3_008,828.0,827,1.0,827.0,827,True,True,True,0,False,0,99,False,0,0,True,True,True,계산 완료,1.0,0.998792270531401,True,True,True
Batch 3,Batch3_009,1039.0,1038,1.0,1038.0,1038,True,True,True,0,False,0,99,False,0,0,True,True,True,계산 완료,1.0,0.9990375360923965,True,True,True
Batch 3,Batch3_010,1078.0,1077,1.0,1077.0,1077,True,True,True,0,False,0,99,False,0,0,True,True,True,계산 완료,1.0,0.9990723562152134,True,True,True
Batch 3,Batch3_011,817.0,816,1.0,816.0,816,True,True,True,0,False,0,99,False,0,0,True,True,True,계산 완료,1.0,0.9987760097919217,True,True,True
Batch 3,Batch3_012,932.0,931,1.0,931.0,931,True,True,True,0,False,0,99,False,0,0,True,True,True,계산 완료,1.0,0.9989270386266095,True,True,True
Batch 3,Batch3_013,816.0,815,1.0,815.0,815,True,True,True,0,False,0,99,False,0,0,True,True,True,계산 완료,1.0,0.9987745098039216,True,True,True
Batch 3,Batch3_014,858.0,857,1.0,857.0,857,True,True,True,0,False,0,99,False,0,0,True,True,True,계산 완료,1.0,0.9988344988344988,True,True,True
Batch 3,Batch3_015,876.0,875,1.0,875.0,875,True,True,True,0,False,0,99,False,0,0,True,True,True,계산 완료,1.0,0.9988584474885844,True,True,True
Batch 3,Batch3_016,1638.0,1637,1.0,1637.0,1637,True,True,True,0,False,0,99,False,0,0,True,True,True,계산 완료,1.0,0.9993894993894994,True,True,True
Batch 3,Batch3_017,1315.0,1314,1.0,1314.0,1314,True,True,True,0,False,0,99,False,0,0,True,True,True,계산 완료,1.0,0.9992395437262357,True,True,True
Batch 3,Batch3_018,1146.0,1145,1.0,1145.0,1145,True,True,True,0,False,0,99,False,0,0,True,True,True,계산 완료,1.0,0.9991273996509599,True,True,True
Batch 3,Batch3_019,1155.0,1154,1.0,1154.0,1154,True,True,True,0,False,0,99,False,0,0,True,True,True,계산 완료,1.0,0.9991341991341991,True,True,True
Batch 3,Batch3_020,813.0,812,1.0,812.0,812,True,True,True,0,False,0,99,False,0,0,True,True,True,계산 완료,1.0,0.998769987699877,True,True,True
Batch 3,Batch3_021,772.0,771,1.0,771.0,771,True,True,True,0,False,0,99,False,0,0,True,True,True,계산 완료,1.0,0.9987046632124352,True,True,True
Batch 3,Batch3_022,1002.0,1001,1.0,1001.0,1001,True,True,True,0,False,0,99,False,0,0,True,True,True,계산 완료,1.0,0.999001996007984,True,True,True
Batch 3,Batch3_023,,2189,1.0,2189.0,2189,True,True,True,0,False,0,99,False,0,0,True,True,True,계산 완료,,,False,False,True
Batch 3,Batch3_024,825.0,824,1.0,824.0,824,True,True,True,0,False,0,99,False,0,0,True,True,True,계산 완료,1.0,0.9987878787878788,True,True,True
Batch 3,Batch3_025,989.0,988,1.0,988.0,988,True,True,True,0,False,0,99,False,0,0,True,True,True,계산 완료,1.0,0.9989888776541962,True,True,True
Batch 3,Batch3_026,1028.0,1027,1.0,1027.0,1027,True,True,True,0,False,0,99,False,0,0,True,True,True,계산 완료,1.0,0.9990272373540856,True,True,True
Batch 3,Batch3_027,850.0,849,1.0,849.0,849,True,True,True,0,False,0,99,False,0,0,True,True,True,계산 완료,1.0,0.9988235294117647,True,True,True
Batch 3,Batch3_028,541.0,540,1.0,540.0,540,True,True,True,0,False,0,99,False,0,0,True,True,True,계산 완료,1.0,0.9981515711645101,True,True,True
Batch 3,Batch3_029,858.0,857,1.0,857.0,857,True,True,True,0,False,0,99,False,0,0,True,True,True,계산 완료,1.0,0.9988344988344988,True,True,True
Batch 3,Batch3_030,935.0,934,1.0,934.0,934,True,True,True,0,False,0,99,False,0,0,True,True,True,계산 완료,1.0,0.9989304812834224,True,True,True
Batch 3,Batch3_031,731.0,730,1.0,730.0,730,True,True,True,0,False,0,99,False,0,0,True,True,True,계산 완료,1.0,0.9986320109439124,True,True,True
Batch 3,Batch3_032,,2237,1.0,2237.0,2237,True,True,True,0,False,0,99,False,0,0,True,True,True,계산 완료,,,False,False,True
Batch 3,Batch3_033,1284.0,1283,1.0,1283.0,1283,True,True,True,0,False,0,99,False,0,0,True,True,True,계산 완료,1.0,0.9992211838006231,True,True,True
Batch 3,Batch3_034,1158.0,1157,1.0,1157.0,1157,True,True,True,0,False,0,99,False,0,0,True,True,True,계산 완료,1.0,0.9991364421416234,True,True,True
Batch 3,Batch3_035,1093.0,1092,1.0,1092.0,1092,True,True,True,0,False,0,99,False,0,0,True,True,True,계산 완료,1.0,0.9990850869167429,True,True,True
Batch 3,Batch3_036,923.0,922,1.0,922.0,922,True,True,True,0,False,0,99,False,0,0,True,True,True,계산 완료,1.0,0.9989165763813651,True,True,True
Batch 3,Batch3_037,1390.0,1389,1.0,1389.0,1389,True,True,True,0,False,0,99,False,0,0,True,True,True,계산 완료,1.0,0.9992805755395684,True,True,True
Batch 3,Batch3_038,1935.0,1934,1.0,1934.0,1934,True,True,True,0,False,0,99,False,0,0,True,True,True,계산 완료,1.0,0.999483204134367,True,True,True
Batch 3,Batch3_039,1156.0,1155,1.0,1155.0,1155,True,True,True,0,False,0,99,False,0,0,True,True,True,계산 완료,1.0,0.9991349480968859,True,True,True
Batch 3,Batch3_040,796.0,795,1.0,795.0,795,True,True,True,0,False,0,99,False,0,0,True,True,True,계산 완료,1.0,0.9987437185929648,True,True,True
Batch 3,Batch3_041,786.0,785,1.0,785.0,785,True,True,True,0,False,0,99,False,0,0,True,True,True,계산 완료,1.0,0.9987277353689568,True,True,True
Batch 3,Batch3_042,1642.0,1641,1.0,1641.0,1641,True,True,True,0,False,0,99,False,0,0,True,True,True,계산 완료,1.0,0.9993909866017052,True,True,True
Batch 3,Batch3_043,1046.0,1045,1.0,1045.0,1045,True,True,True,0,False,0,99,False,0,0,True,True,True,계산 완료,1.0,0.9990439770554493,True,True,True
Batch 3,Batch3_044,940.0,939,1.0,939.0,939,True,True,True,0,False,0,99,False,0,0,True,True,True,계산 완료,1.0,0.9989361702127659,True,True,True
Batch 3,Batch3_045,1801.0,1800,1.0,1800.0,1800,True,True,True,0,False,0,99,False,0,0,True,True,True,계산 완료,1.0,0.9994447529150472,True,True,True
